# Marty settings database, generated by .agents/tools/build_marty_db.py.
# Edit marty_db_user.tsv beside it instead: its rows win over these.
# D is what "-" means; Y sets the speed of a disc made in or after a year
# when its title states none; T is a title; K maps a media or file name key.
# Titles that time themselves on fixed loops, mostly older ones, play wrong
# on faster chips: give one that does speed=orig in marty_db_user.tsv.
V	2
D	2M	plus	pad	pad	towns	1
Y	1993	gs
T	100isshu	-	-	-	mouse	-	-	-	-	Towns Hyakunin Isshu	1989
T	15puzzle	-	-	-	-	-	-	-	-	15 Puzzle	-
T	2069ad	-	-	-	-	-	-	-	-	2069 AD	1991
T	2shot	-	-	-	mouse	-	-	-	y	Two Shot Diary	1994
T	386asm	-	-	-	-	-	-	-	-	386|ASM Tool Kit V1.1	1989
T	38man	-	-	-	-	-	-	-	-	38-man Kilo no Kokuu	1989
T	3dgolfel	-	-	-	mouse	-	-	y	y	New 3D Golf Simulation - Eight Lakes G.C.	1990
T	3dgolfha	-	-	-	mouse	-	-	y	y	New 3D Golf Simulation - Harukanaru Augusta	1990
T	3x3eyes	-	-	-	mouse	-	-	-	y	3x3 Eyes - Sanjiyan Henjou	1993
T	4dboxing	-	gs	-	mouse	-	-	-	y	4D Boxing	1992
T	4ddrivin	-	orig	-	mouse	-	-	-	y	4D Driving	1993
T	4ddrivinm	-	orig	-	mouse	-	-	-	y	4D Driving (FM Towns Marty version)	1993
T	4dtennis	-	-	-	mouse	-	-	-	y	4D Tennis	1993
T	4thuni12	-	-	-	mouse	-	-	-	y	The 4th Unit 1-2 Towns - Linkage	1989
T	94nicegal	-	-	-	mouse	-	-	-	-	'94-nen Nice Gal - Natsu no Soukessan	1994
T	ab2again	-	-	-	-	-	-	-	-	After Burner II Again	-
T	abas	-	-	-	-	-	-	-	-	Abas	1997
T	abasnew	-	-	-	-	-	-	-	-	Abas New	1997
T	abel	4M	-	-	-	-	-	-	y	Abel - Shin Mokushiroku Taisen	1995
T	abunaten	-	-	-	pad	-	-	-	-	Abunai Tengu Densetsu	1990
T	aburner	-	-	-	-	-	-	-	-	After Burner (v1.02)	1989
T	aburner3	-	-	pad	apad	-	-	-	-	After Burner III	1992
T	aburnera	-	-	-	-	-	-	-	-	After Burner (v1.02, alt)	1989
T	aburnero	-	-	-	-	-	-	-	-	After Burner (v1.01)	1989
T	adtennis	-	-	-	-	-	-	-	y	Advantage Tennis	1992
T	aesop1	-	-	-	mouse	-	-	-	y	Ehon Writer - Denshi Ehon - Aesop World Dai-1-shuu	1993
T	aeternam	-	-	-	-	-	-	-	y	Aeternam	1993
T	aircmb2s	-	-	-	-	-	-	-	y	Air Combat II Special	1993
T	airmanag	-	-	-	mouse	-	-	y	-	Air Management - Oozora ni Kakeru	1992
T	airraidr	-	-	-	mouse	-	-	-	-	Air Raider	1993
T	airwar11	-	-	-	-	-	-	-	-	Air Warrior V1.1 (1992-04-09)	1992
T	airwar11o	-	-	-	-	-	-	-	-	Air Warrior V1.1 (1992-03-16)	1992
T	airwar1210	-	-	-	-	-	-	-	-	Air Warrior V1.2L10	1993
T	airwar1211	-	-	-	-	-	-	-	-	Air Warrior V1.2L11	1993
T	airwar21	-	-	-	-	-	-	-	-	Air Warrior V2.1L10	1995
T	aishimai	-	-	-	-	-	-	-	-	Ai Shimai - Futari no Kajitsu	1994
T	aitd	-	gs	-	-	-	-	-	y	Alone in the Dark	1993
T	aitd2	4M	-	-	-	-	-	y	-	Alone in the Dark 2	1994
T	akikogld	-	-	-	mouse	-	-	y	-	Akiko Gold	1995
T	akikoprm	-	-	-	mouse	-	-	-	y	Akiko - Premium Version	1993
T	alice	-	-	-	mouse	-	-	-	y	Alice no Yakata CD	1991
T	alice2	-	-	-	mouse	-	-	y	-	Alice no Yakata CD II	1992
T	alice3	-	-	-	mouse	-	-	-	y	Alice no Yakata 3 (1995-06-19)	1995
T	alice3o	-	-	-	mouse	-	-	-	y	Alice no Yakata 3 (1995-05-16)	1995
T	alshark	-	-	-	-	-	-	-	y	Alshark	1993
T	amarant3	-	-	-	mouse	-	-	-	y	Amaranth III	1994
T	ambivalz	-	-	-	mouse	-	-	y	-	AmbivalenZ - Niritsu Haihan	1994
T	amoudan	-	-	-	mouse	-	-	-	-	America Oudan Ultra Quiz	1994
T	angel	-	-	-	mouse	-	-	-	y	Angel	1993
T	anghalo	-	-	-	mouse	-	-	-	y	Angel Halo	1996
T	anneyume	-	-	-	mouse	-	-	-	-	Anne no Yume no Kuni - Anne's Country of Dreams	1993
T	anotowns	8M	-	-	-	-	-	-	-	AnotherTOWNS - Anata~ Free Software Collection	1999
T	anpanman	-	-	-	-	-	-	-	-	Soreike! Anpanman - Tanoshii Eigo Asobi	1993
T	appare1	-	-	-	mouse	-	-	-	-	Appare CD Vol. 1 - Hiryuu no Maki	1994
T	appare2	-	-	-	mouse	-	-	-	-	Appare CD Vol. 2 - Houou no Maki	1995
T	applijs	-	-	pad	-	-	-	-	-	FM Towns Appli Jikkou Set (TownsGEAR, F-BASIC386) V2.1 L20	1993
T	arabesq	-	-	-	mouse	-	-	-	y	Arabesque - Shoujo-tachi no Orinasu Ai no Monogatari	1994
T	aressh3	-	-	-	mouse	-	-	-	y	A.III - A Ressha de Ikou III	1991
T	aressh4	-	-	-	mouse	-	-	y	-	AIV - A Ressha de Ikou 4 (1993-12-15 04:00:00)	1993
T	aressh4m	-	-	-	-	-	-	-	-	AIV - A Ressha de Ikou 4 - Map Construction + Power-Up Kit	1994
T	aressh4o	-	-	-	mouse	-	-	y	-	AIV - A Ressha de Ikou 4 (1993-12-15 01:00:00)	1993
T	arquelph	-	-	-	mouse	-	-	-	y	Arquelphos	1993
T	arsrent	-	-	-	-	-	-	-	-	ARS Art RentaLease - Kaiga Fukugou Kensaku System	1993
T	aska	-	-	-	-	-	-	-	y	Aska Towns	1989
T	asu120ex	-	-	-	pad	-	-	y	-	Asuka 120% Burning Fest. Excellent	1994
T	asuka120	-	-	-	-	-	-	-	-	Asuka 120% Burning Fest.	1994
T	asuka120_cracked	-	-	-	-	-	-	-	-	Asuka 120% Burning Fest. (cracked)	1994
T	atlas	-	-	-	mouse	-	-	-	y	The Atlas	1991
T	atlas2	-	-	-	mouse	-	-	y	y	The Atlas II	1993
T	autodm93	-	orig	-	-	-	-	-	-	Auto Demo '93 Fuyu	1993
T	awesome	-	-	-	-	-	-	-	-	Awesome	1992
T	ayareiks	-	-	-	mouse	-	-	-	-	Doushite Ii ka Wakaranai - Ayanami Rei Kannou Shashin-shuu	1991
T	ayayo123	-	-	-	mouse	-	-	-	-	Hatchake Ayayo-san 1-2-3	1993
T	ayayo4	-	-	-	-	-	-	-	-	Hacchake Ayayo-san IV - Sexy Olympic / Ayayo's Live Affection	1993
T	ayumi	-	-	-	mouse	-	-	y	-	Ayumi-chan Monogatari	1993
T	ayumihint	-	-	-	-	-	-	-	-	Ayumi-chan Monogatari Hint Disk	1993
T	ayumijb	-	-	-	mouse	-	-	-	y	Ayumi-chan Monogatari - Jisshaban	1995
T	azure	-	orig	-	-	-	-	-	-	Azure	1993
T	bacta12v	-	-	-	mouse	-	-	-	y	Bacta 1 & 2 + Voice	1996
T	bandkun	-	-	-	mouse	-	-	-	y	Band-kun	1991
T	batchess	-	-	-	mouse	-	-	-	y	Battle Chess	1991
T	batfght2	4M	-	-	-	-	-	-	-	Battle Fighters 2 - Yume o Kaketa Tatakai	1996
T	batfght3	-	-	-	-	-	-	-	-	Battle Fighters 3 - Inishie no Jashin Densetsu	1997
T	batfight	4M	-	-	-	-	-	-	-	Haou Soudatsu Battle Fighters	-
T	battle	-	-	-	mouse	-	-	-	y	Battle	1992
T	bau	-	-	-	-	-	-	-	-	Bau	1993
T	bbraker3	-	-	-	-	-	-	-	-	B-Braker 3	-
T	beast	-	-	-	-	-	-	-	-	Shadow of the Beast - Mashou no Okite (1991-10-11)	1991
T	beast2	-	-	-	-	-	-	-	-	Shadow of the Beast II - Juushin no Jubaku	1993
T	beast3	-	-	-	-	-	-	-	y	Beast III	1994
T	beasto	-	-	-	-	-	-	-	-	Shadow of the Beast - Mashou no Okite (1991-08-29)	1991
T	beatles2	-	-	-	mouse	-	-	-	-	Remember Beatles No. 2 - Michelle	1989
T	beatles4	-	-	-	mouse	-	-	-	-	Remember Beatles No. 4 - Let It Be	1990
T	beatles5	-	-	-	mouse	-	-	-	-	Remember Beatles No. 5 - The Long and Winding Road	1990
T	beatles6	-	-	-	mouse	-	-	-	-	Remember Beatles No. 6 - Imagine	1990
T	bellsav1	-	-	-	mouse	-	-	y	-	Bell's Avenue Vol. 1	1993
T	bellsav2	-	-	-	mouse	-	-	y	-	Bell's Avenue Vol. 2	1994
T	bellsav3	-	-	-	mouse	-	-	-	y	Bell's Avenue Vol. 3	1995
T	bestplay	-	-	-	mouse	-	-	-	y	The Best Play Baseball	1992
T	bfmaria	-	-	-	mouse	-	-	y	-	Ballade for Maria	1995
T	biblemas	-	-	-	mouse	-	-	y	-	Bible Master - Crash of the BlleotRutz	1993
T	biblemas2	-	-	-	mouse	-	-	y	-	Bible Master 2 - The Chaos of Aglia	1995
T	bighonor	-	-	-	mouse	-	-	-	y	Big Honour	1992
T	birdland	4M	gs	-	mouse	-	-	-	-	Toshiyuki Yoshino - Lullaby of BirdLand	1994
T	blandia	-	-	-	-	-	-	-	-	Blandia	1994
T	bliss1	-	-	-	-	-	-	-	-	Bliss Collection #01 - Whips Ct. 1	1991
T	bliss2	-	-	-	-	-	-	-	-	Bliss Collection #02 - Vips	1990
T	bliss2a	-	-	-	-	-	-	-	-	Bliss Collection #02 - Vips (alt)	-
T	bliss3	-	-	-	mouse	-	-	-	-	Bliss Collection #03 - Whips Ct. 2 Pro	1991
T	bliss7	-	-	-	mouse	-	-	-	-	Bliss Collection #07 - Whips Ct. 4	1994
T	blue	-	-	-	mouse	-	-	-	y	Blue - Will to Power	1992
T	brandish	-	-	-	mouse	-	-	-	y	Brandish	1991
T	branmar2	-	-	-	mouse	-	-	-	y	Branmarker 2	1995
T	branmark	-	-	-	-	-	-	-	y	Branmarker	1991
T	breaktow	-	-	-	-	-	-	-	-	Break of Tower	-
T	bublbobl	-	-	-	-	-	-	-	-	Bubble Bobble	1990
T	bunkun	-	-	-	-	-	-	-	-	Bun-kun Series - Youji Kiso Nouryoku Training Soft Set	1989
T	burai	-	-	-	-	-	-	-	y	Burai Joukan	1990
T	burai2	-	-	-	-	-	-	-	y	Burai Kanketsu-hen	1991
T	c_1rangershipestel	-	-	-	mouse	-	-	-	-	統一戦争史 第1話「遊撃艦エステル」) Rangership Estel, The (	1996
T	c_adayinlifeof204938mankilonokokuu	-	-	-	mouse	-	-	-	y	A Day in the Life of 2049 - 38 Man Kilo no Kokuu	1989
T	c_adddragonsofflame	-	-	-	-	-	-	-	y	AD&D - Dragons of Flame	1992
T	c_addheroesoflance	-	-	-	-	-	-	-	y	AD&D - Heroes of Lance	1990
T	c_allbishoujoextra	-	-	-	-	-	-	-	-	All Bishoujo Extra	-
T	c_alltynex	-	-	-	-	-	-	-	-	Alltynex	1996
T	c_arcadia	-	-	-	-	-	-	-	-	Arcadia	1991
T	c_artcgno10rengeso	-	-	-	-	-	-	-	-	Art CG No. 10 – Renge So	1992
T	c_babobippashitsu	-	-	-	-	-	-	-	-	Babobippashitsu (ばぼびっぱしっ☆)	1992
T	c_battleshipwavesv30	-	-	-	mouse	-	-	-	-	Battleship Waves (戦艦波高し) V3.0	1995
T	c_blandiaplus	-	-	-	-	-	-	-	-	Blandia Plus	1994
T	c_branmarker2extradisc	-	-	-	mouse	-	-	-	-	Branmarker 2 Extra Disc	-
T	c_bunkun1sentakutokioku	-	-	-	-	-	-	-	-	Bun-kun – 1 – Sentaku to Kioku	-
T	c_bunkun2houkoutomeiro	-	-	-	-	-	-	-	-	Bun-kun – 2 – Houkou to Meiro	-
T	c_bunkun3soujitojunretsu	-	-	-	-	-	-	-	-	Bun-kun – 3 – Souji to Junretsu	-
T	c_bunretsushugoshintwinklestar	-	-	-	-	-	-	-	-	Bunretsu Shugoshin Twinkle Star	1993
T	c_cannonsight	-	-	-	-	-	-	-	-	Cannon Sight	1993
T	c_cdlearningsystemnewhorizonenglishcourse1	-	-	-	-	-	-	-	-	CD Learning System – New Horizon English Course 1	-
T	c_cdlearningsystemnewhorizonenglishcourse2	-	-	-	-	-	-	-	-	CD Learning System – New Horizon English Course 2	-
T	c_cowpanic	6M	-	-	-	-	-	-	-	Cow Panic (牛さん☆ぱにっく)	1993
T	c_crescent	-	-	-	-	-	-	-	-	Crescent	1993
T	c_crescentmoon	-	-	-	-	-	-	-	y	Crescent Moon	1991
T	c_crigokanpack	-	-	-	-	-	-	-	-	CRI Gokan Pack	1994
T	c_daisenryaku390mapcollectionvol2	-	-	-	-	-	-	-	-	Daisenryaku III '90 Map Collection Vol. 2	1992
T	c_darkdungeon	-	-	-	-	-	-	-	-	Dark Dungeon + (ダーク・ダンジョン＋)	-
T	c_deadforceshinseikikouboushi	-	-	-	mouse	-	-	-	y	Dead Force – Shinseiki Kouboushi	1995
T	c_dorpart2	-	-	-	pad	-	-	-	-	DOR Part 2	1992
T	c_dragonstreasure2	-	-	-	-	-	-	-	-	ドラゴンの秘宝 完結編 リニューアル版) Dragon's Treasure II (Revised) ( II	1999
T	c_dragonstreasureprologue	-	-	-	-	-	-	-	-	ドラゴンの秘宝 序章－戦神伝説－改変版) Dragon's Treasure Prologue (	1999
T	c_eikanwakimini3kkyakyzenkokutaikai	-	-	-	-	-	-	-	-	Eikan wa Kimi ni 3 - Kōkō Yakyū Zenkoku Taikai	1993
T	c_erandetameserutaikensofthighlight20	-	-	-	-	-	-	y	-	Erande Tameseru Taiken Soft – Highlight 20	-
T	c_excitingcd20	-	-	-	mouse	-	-	-	-	Exciting CD 20	-
T	c_eyeofbeholder2	-	-	-	mouse	-	-	-	y	Eye of the Beholder 2	1993
T	c_floppybunko03bishoujographicdatashuuvol1	-	-	-	-	-	-	-	-	Floppy Bunko 03 - Bishoujo Graphic Data Shuu Vol. 1	-
T	c_floppybunko04bishoujographicdatashuuvol2	-	-	-	-	-	-	-	-	Floppy Bunko 04 - Bishoujo Graphic Data Shuu Vol. 2	-
T	c_floppybunko06bishoujographicdatashuuvol3	-	-	-	-	-	-	-	-	Floppy Bunko 06 - Bishoujo Graphic Data Shuu Vol. 3	-
T	c_floppybunko09bishoujographicdatashuuvol4	-	-	-	-	-	-	-	-	Floppy Bunko 09 - Bishoujo Graphic Data Shuu Vol. 4	-
T	c_floppybunko1	-	-	-	-	-	-	-	-	Floppy Bunko 1	-
T	c_floppybunko10allbishoujoartgraphicsvol1	-	-	-	-	-	-	-	-	Floppy Bunko 10 - All Bishoujo Art Graphics Vol. 1	-
T	c_floppybunko11listenersclub0990vol2	-	-	-	-	-	-	-	-	Floppy Bunko 11 - Listener's Club 0990 Vol. 2	-
T	c_floppybunko12	-	-	-	-	-	-	-	-	Floppy Bunko 12	-
T	c_floppybunko13bishoujographicdatashuuvol5	-	-	-	-	-	-	-	-	Floppy Bunko 13 - Bishoujo Graphic Data Shuu Vol. 5	-
T	c_floppybunko15bishoujographicdatashuuvol6	-	-	-	-	-	-	-	-	Floppy Bunko 15 - Bishoujo Graphic Data Shuu Vol. 6	-
T	c_floppybunko16bishoujographicdatashuuvol7	-	-	-	-	-	-	-	-	Floppy Bunko 16 - Bishoujo Graphic Data Shuu Vol. 7	-
T	c_floppybunko17allbishoujoartgraphicsvol2	-	-	-	-	-	-	-	-	Floppy Bunko 17 - All Bishoujo Art Graphics Vol. 2	-
T	c_floppybunko18bishoujographicdatashuuvol8	-	-	-	-	-	-	-	-	Floppy Bunko 18 - Bishoujo Graphic Data Shuu Vol. 8	-
T	c_floppybunko19bishoujographicdatashuuvol9	-	-	-	-	-	-	-	-	Floppy Bunko 19 - Bishoujo Graphic Data Shuu Vol. 9	-
T	c_floppybunko2	-	-	-	-	-	-	-	-	Floppy Bunko 2	-
T	c_floppybunko20allbishoujoartgraphicsvol3	-	-	-	-	-	-	-	-	Floppy Bunko 20 - All Bishoujo Art Graphics Vol. 3	-
T	c_floppybunko21allbishoujoartgraphicsvol4	-	-	-	-	-	-	-	-	Floppy Bunko 21 - All Bishoujo Art Graphics Vol. 4	-
T	c_floppybunko22bishoujographicdatashuuvol1	-	-	-	-	-	-	-	-	Floppy Bunko 22 - Bishoujo Graphic Data Shuu Vol. 10	-
T	c_floppybunko23	-	-	-	-	-	-	-	-	Floppy Bunko 23	-
T	c_floppybunko24sadisticgamerssyndromeepiso	-	-	-	-	-	-	-	-	Floppy Bunko 24 – Sadistic Gamers Syndrome – Episode 2	1994
T	c_floppybunko25sadisticgamerssyndromeepiso	-	-	-	-	-	-	-	-	Floppy Bunko 25 – Sadistic Gamers Syndrome – Episode 3	1994
T	c_floppybunko5	-	-	-	-	-	-	-	-	Floppy Bunko 5	-
T	c_floppybunko7	-	-	-	-	-	-	-	-	Floppy Bunko 7	-
T	c_floppybunko8	-	-	-	-	-	-	-	-	Floppy Bunko 8	-
T	c_flyballguy	6M	-	-	-	-	-	-	-	Fly! Ball Guy (翔べ！ボール野郎)	1997
T	c_flyingcarpet	-	-	-	-	-	-	-	-	Flying Carpet (フライングカーペット)	-
T	c_fmseriessoftwaretaikenbancd	-	-	-	-	-	-	-	-	FM Series Software Taikenban CD (Windows 3.1)	-
T	c_frecollemarty1freesoftwarecollection	-	-	-	-	-	-	-	-	FreColle Marty 1 – Free Software Collection	-
T	c_freesoftwarecollection1	-	-	-	mouse	-	-	-	-	Free Software Collection 1	-
T	c_freesoftwarecollection2	-	-	-	mouse	-	-	-	-	Free Software Collection 2	-
T	c_freesoftwarecollection3	-	-	-	mouse	-	-	-	-	Free Software Collection 3	-
T	c_fujitsuairwarrior	-	-	-	mouse	-	-	y	-	Fujitsu Air Warrior (V1.1)	1992
T	c_fukkatsusaiasticayanomajo	-	-	-	-	-	-	-	-	Fukkatsusai - Asticaya no Majo	1992
T	c_futopparano1	-	-	-	-	-	-	-	-	Futoppara No 1 (FD Heisei)	-
T	c_futopparano10	-	-	-	-	-	-	-	-	Futoppara No 10 (FD Heisei)	-
T	c_futopparano2	-	-	-	-	-	-	-	-	Futoppara No 2 (FD Heisei)	-
T	c_futopparano3	-	-	-	-	-	-	-	-	Futoppara No 3 (FD Heisei)	-
T	c_futopparano4	-	-	-	-	-	-	-	-	Futoppara No 4 (FD Heisei)	-
T	c_futopparano5	-	-	-	-	-	-	-	-	Futoppara No 5 (FD Heisei)	-
T	c_futopparano6	-	-	-	-	-	-	-	-	Futoppara No 6 (FD Heisei)	-
T	c_futopparano7	-	-	-	-	-	-	-	-	Futoppara No 7 (FD Heisei)	-
T	c_futopparano8	-	-	-	-	-	-	-	-	Futoppara No 8 (FD Heisei)	-
T	c_futopparano9	-	-	-	-	-	-	-	-	Futoppara No 9 (FD Heisei)	-
T	c_gamejang	-	-	-	mouse	-	-	y	-	Game Jang+	1993
T	c_garoudensetsuspecial	-	-	-	-	-	-	-	-	Garou Densetsu Special	1996
T	c_gingayuukyoudensetsurctobacker	-	-	-	-	-	-	-	-	Ginga Yuukyou Densetsu RC Tobacker	1995
T	c_godojoyaburi	-	-	-	mouse	-	-	-	-	Go Dojo Yaburi	1989
T	c_gokanshi	-	-	-	-	-	-	-	-	Gokanshi	1995
T	c_grapharmony	-	-	-	mouse	-	-	-	-	Grapharmony (V1.0)	1991
T	c_guppybeater	6M	-	-	-	-	-	-	-	Guppy Beater (ぎょっぴーべーだー)	1992
T	c_hanayoridango	-	-	-	-	-	-	-	-	Hana Yori Dango	1992
T	c_hashirionna2runninggirls	-	-	-	-	-	-	y	-	Hashiri Onna II - Running Girls	1995
T	c_highcolor	-	-	-	-	-	-	-	-	High Color (牌唐)	1992
T	c_highschoolwar	-	-	-	pad	-	-	-	y	High School War	1994
T	c_honoonoiya	-	-	-	-	-	-	-	-	Honoo no Iya	-
T	c_if	-	-	-	mouse	-	-	-	y	If	1993
T	c_if2	-	-	-	mouse	-	-	-	y	If 2	1993
T	c_if3	-	-	-	mouse	-	-	-	y	If 3	1995
T	c_image2	-	-	-	-	-	-	-	-	Image 2	1994
T	c_intruder	-	-	-	-	-	-	-	y	Intruder	1991
T	c_japanprofessionalfootballleague1994	-	-	-	-	-	-	-	-	Japan Professional Football League 1994	1994
T	c_junkender	-	-	-	-	-	-	-	-	Junkender (ジャンケンダー)	-
T	c_kamigaminodaichikojikigaiden	-	-	-	-	-	-	-	-	Kamigami No Daichi - Kojiki Gaiden	1993
T	c_kounaishaseivol1yonimohnamonogatari	-	-	-	-	-	-	-	-	Kounai Shasei Vol.1 - Yonimo H na Monogatari	1991
T	c_kuronver10	6M	-	-	mouse	-	-	-	-	Kuron (くうろん) Ver 1.0	-
T	c_kuuchisuunoooiwindows	-	-	-	-	-	-	-	-	Kuuchisuu no Ooi Windows	-
T	c_lammal	-	-	-	-	-	-	-	-	Lam-Mal	1992
T	c_legendsofvalourdemo	-	-	-	-	-	-	-	-	Legends of Valour Demo	-
T	c_littlebigadventure	-	-	-	-	-	-	-	-	Little Big Adventure	1995
T	c_littleredridinghoodv13	-	-	-	-	-	-	-	-	Little Red Riding Hood (赤ずきん) V1.3	-
T	c_looperaser	-	-	-	-	-	-	-	-	Loop Eraser	1994
T	c_lotr2yubiwamonogataridaiikkanfutatsunoto	-	-	-	mouse	-	-	-	y	LotR II - Yubiwa Monogatari Daiikkan - Futatsu no Tou	1993
T	c_lotriyubiwamonogataridaiikkantabinonakam	-	-	-	mouse	-	-	-	y	LotR I - Yubiwa Monogatari Daiikkan - Tabi no Nakama	1992
T	c_lupin3rdhongkongnomashu	-	-	none	mouse	-	-	-	y	Lupin the 3rd - Hong Kong no Mashu	1990
T	c_lzone	-	-	-	-	-	-	-	-	L Zone	-
T	c_mahjongcliniczoukangou	-	-	-	-	-	-	-	-	Mahjong Clinic Zoukangou	1991
T	c_mahjonggensoukyoku	-	-	-	-	-	-	-	-	Mahjong Gensoukyoku (Mahjong Fantasia)	1992
T	c_mahjongyuuenchi	-	-	-	mouse	-	-	-	-	Mahjong Yuuenchi	-
T	c_manaminodokomadeikuno	-	-	-	-	-	-	-	-	Manami no Doko made Iku no?	1995
T	c_mastercdfreshinstallmodelyou	-	-	-	-	-	-	-	-	Master CD – Fresh Install Model-you	-
T	c_microsoftwindows31	-	-	-	-	-	-	-	-	Microsoft Windows 3.1 (L10)	-
T	c_microsoftwindows95fmtownsyoudrivers	-	-	-	-	-	-	-	-	Microsoft Windows 95 FM Towns-you Drivers (V1.1 L10)	-
T	c_millenium	-	-	-	mouse	-	-	-	-	Millenium	-
T	c_millionairesacademy	-	-	-	-	-	-	-	-	Millionaire’s Academy	1991
T	c_mirumirusagasukonchuuseriesvol3	-	-	-	-	-	-	-	-	Mirumiru Sagasu Konchuu Series Vol 3	-
T	c_mistymeitanteitoujou1	-	-	-	-	-	-	-	-	Misty - Meitantei Toujou 1	1989
T	c_mistymeitanteitoujou2	-	-	-	mouse	-	-	-	-	Misty - Meitantei Toujou 2	1989
T	c_mistymeitanteitoujou3	-	-	-	-	-	-	-	-	Misty - Meitantei Toujou 3	1990
T	c_mistymeitanteitoujou4	-	-	-	-	-	-	-	-	Misty - Meitantei Toujou 4	1990
T	c_mistymeitanteitoujou5	-	-	-	-	-	-	-	-	Misty - Meitantei Toujou 5	1990
T	c_mistymeitanteitoujou6	-	-	-	-	-	-	-	-	Misty - Meitantei Toujou 6	1990
T	c_mistymeitanteitoujou7	-	-	-	-	-	-	-	-	Misty - Meitantei Toujou 7	1991
T	c_mistymeitanteitoujoucdcollection	-	-	-	mouse	-	-	-	y	Misty - Meitantei Toujou CD Collection	1991
T	c_monkeyturtlever103b	-	-	-	mouse	-	-	-	-	Monkey Turtle (猿亀) Ver.1.03b	1995
T	c_mooncrystal	-	-	-	-	-	-	-	-	Moon Crystal	1992
T	c_multimediacomvirtualtowncomputergraphics	-	-	-	-	-	-	-	-	Multimedia Com. Virtual Town - Computer Graphics Sakuhin	-
T	c_multimediacomvirtualtownmartyhyoukeisanf	-	-	-	-	-	-	-	-	Multimedia Com. Virtual Town - Marty Hyoukeisan File	-
T	c_multimediacomvirtualtownmartyworprobunsh	-	-	-	-	-	-	-	-	Multimedia Com. Virtual Town - Marty WorPro Bunsho	-
T	c_multimediacomvirtualtownmusicsakuhin	-	-	-	-	-	-	-	-	Multimedia Com. Virtual Town - Music Sakuhin	-
T	c_multimediacomvirtualtowntsuushinprogramc	-	-	-	-	-	-	-	-	Multimedia Com. Virtual Town - Tsuushin Program Communication	-
T	c_multimediacomvirtualtowntsuushinprogramg	-	-	-	-	-	-	-	-	Multimedia Com. Virtual Town - Tsuushin Program Game Library	-
T	c_multimediacomvirtualtowntsuushinprogramg_2	-	-	-	-	-	-	-	-	Multimedia Com. Virtual Town - Tsuushin Program Gazou Souko	-
T	c_multimediacomvirtualtowntsuushinprogrami	-	-	-	-	-	-	-	-	Multimedia Com. Virtual Town - Tsuushin Program ID	-
T	c_multimediacomvirtualtowntsuushinprogramk	-	-	-	-	-	-	-	-	Multimedia Com. Virtual Town - Tsuushin Program Kuruma Jouhou Uranai	-
T	c_multimediacomvirtualtowntsuushinprogramt	-	-	-	-	-	-	-	-	Multimedia Com. Virtual Town - Tsuushin Program TC Yobikou	-
T	c_networkqracrally	-	gs	mouse	pad	-	-	-	y	Network Q RAC Rally	1995
T	c_nhkjisseneikawaenglishconversation	-	-	-	-	-	-	-	-	NHK Jissen Eikawa – English Conversation (Rev A)	-
T	c_nightmarecollectionmarinephilt	-	-	-	mouse	-	-	-	y	Nightmare Collection - Marine Philt	1993
T	c_onepersoncardgameenola	-	-	-	mouse	-	-	-	-	一人カードゲーム One Person Card Game - Enola ( Enola)	-
T	c_pasocomicpurplecatvol1bunnygirltokushuu	-	-	-	-	-	-	-	-	PasoComic Purple Cat Vol. 1 - Bunny Girl Tokushuu	1993
T	c_pasocomicpurplecatvol2hospitaltokushuu	-	-	-	-	-	-	-	-	PasoComic Purple Cat Vol. 2 - Hospital Tokushuu	1993
T	c_pasocomicpurplecatvol3jokyoushitokushuu	-	-	-	-	-	-	-	-	PasoComic Purple Cat Vol. 3 - The Jokyoushi Tokushuu	1993
T	c_pleriaroyalemblem	-	-	-	-	-	2	-	-	Pleria – The Royal Emblem	-
T	c_pon	-	-	-	-	-	-	-	-	Pon	-
T	c_ponex2	-	-	-	-	-	-	-	-	Ponex 2	-
T	c_quizdeletsgo	-	-	-	-	-	-	-	-	Quiz De Let's Go!!	1993
T	c_rainbowislandsextra	-	-	-	-	-	-	-	y	Rainbow Islands Extra	1992
T	c_raincatcherironman3	-	-	-	-	-	-	-	-	雨漏り受けの鉄人 Rain Catcher - Iron Man 3 ( 3)	1996
T	c_reiraslavedoll	-	-	-	mouse	-	-	-	-	Reira - Slave Doll	1994
T	c_rememberbeatlesno1	-	-	-	-	-	-	-	-	Remember Beatles No 1	-
T	c_rememberbeatlesno3	-	-	-	-	-	-	-	-	Remember Beatles No 3	-
T	c_renjuver12	6M	-	-	mouse	-	-	-	-	Renju (連珠) ver1.2	1995
T	c_reversemaster2000	-	-	-	-	-	-	-	-	Reverse Master 2000 (リバースマスター2000)	-
T	c_rolanddesktopmusicsystem	-	-	-	mouse	-	-	-	-	Roland – Desktop Music System (Ver 2) (Myuujirou Ongaku Kyoushitsu)	-
T	c_rollpapergamev116	-	-	-	-	-	-	-	-	Roll Paper Game (ロール･ペーパー･ゲーム) v1.16	1998
T	c_sadisticgamerspart1kateikyoushiplay	-	-	-	-	-	-	-	-	Sadistic Gamers Part 1 – Kateikyoushi Play (Ver 2)	1991
T	c_sadisticgamerspart1shinjinkyouikutekipla	-	-	-	-	-	-	-	-	Sadistic Gamers Part 1 – Shinjinkyouikuteki Play	1990
T	c_sadisticgamerspart2otanjoubiplay	-	-	-	-	-	-	-	-	Sadistic Gamers Part 2 – Otanjoubi Play	1990
T	c_sadisticgamerspart4ruminoclimbplay	-	-	-	-	-	-	-	-	Sadistic Gamers Part 4 – Rumi no Climb Play	1991
T	c_santaclaus	6M	-	-	-	-	-	-	-	～サンタクロース～ Santa Claus	1995
T	c_secre	-	-	-	mouse	-	-	-	-	Secre (Demo)	-
T	c_secretofdragontower	-	-	-	-	-	-	-	-	Secret of Dragon Tower, The (ドラゴンの秘塔)	1997
T	c_sexypkpart2worldcuphen	-	-	-	-	-	-	-	-	Sexy P/K Part 2 - World Cup Hen	1995
T	c_sexypkpartnihon	-	-	-	-	-	-	-	-	Sexy P/K Part Nihon	1995
T	c_shadownofbeast	-	-	-	-	-	-	-	-	Shadown of the Beast (Rev 1)	-
T	c_shanghaibanrinochoujou	-	-	-	-	-	-	-	-	Shanghai - Banri no Choujou	1995
T	c_sherlockholmesnotanteikouza	-	-	-	mouse	-	-	-	y	Sherlock Holmes no Tantei Kouza (Demo)	1991
T	c_shisenshover15	6M	-	-	mouse	-	-	-	-	Shisensho (しせんしょう) Ver 1.5	-
T	c_shisetsusangokushi	-	-	-	-	-	-	-	-	Shisetsu Sangokushi	1993
T	c_shisetsusengokujidai	-	-	-	-	-	-	-	-	Shisetsu Sengoku Jidai	1994
T	c_shisou	-	-	-	-	-	-	-	-	Shisou)	-
T	c_shougakuongaku56nenseiyou	-	-	-	mouse	-	-	y	-	Shougaku Ongaku 5-6-nensei-you (Rev A)	-
T	c_shouhougenzou	-	-	-	-	-	-	-	-	Shouhougenzou)	-
T	c_simcityterraineditor	-	-	-	-	-	-	-	-	Sim City - Terrain Editor	1992
T	c_skyduel	6M	gs	-	-	-	-	-	-	Sky Duel	-
T	c_slimerunpart4revised	-	-	-	-	-	-	-	-	スライムは走る パート４ 改++) Slime Run Part 4 Revised ++ (	1995
T	c_spellmasterkakitaoshi	-	-	-	-	-	-	-	-	Spell Master Kakitaoshi	-
T	c_swapswap	-	-	-	-	-	-	-	-	Swap・Swap	1997
T	c_sweetview	-	-	-	-	-	-	-	-	Sweet View	1995
T	c_tagonmuyo	-	-	-	mouse	-	-	-	-	Tagon Muyo	-
T	c_tamaprivatecggallerydance	-	-	-	-	-	-	-	-	TAMA Private CG Gallery – Dance	1994
T	c_tanyocrest	-	-	-	-	-	-	-	-	Tanyo Crest (タンイオクレスト)	-
T	c_tanyocrest2386	-	-	-	-	-	-	-	-	タンイオクレストⅡ Tanyo Crest II 386 ( 386)	-
T	c_tanyocrest2original	-	-	-	-	-	-	-	-	タンイオクレストⅡ Tanyo Crest II Original ( Original)	-
T	c_tenshitachinogogo3bangaihenhanseiban	-	-	-	-	-	-	-	-	Tenshi-Tachi no Gogo III - Bangai-Hen Hansei-Ban	1993
T	c_tenshitachinogogo5nerawaretatenshi	-	-	-	-	-	-	-	-	Tenshi-Tachi no Gogo V - Nerawareta Tenshi	1992
T	c_tenshitachinogogocollection	-	-	-	-	-	-	-	-	Tenshi-Tachi no Gogo Collection	1995
T	c_tenshitachinogogocollection2	-	-	-	-	-	-	-	-	Tenshi-Tachi no Gogo Collection 2	1995
T	c_tenshitachinogogospecialgomenneangel	-	-	-	-	-	-	-	-	Tenshi-Tachi no Gogo Special - Gomen ne Angel	1992
T	c_thanatos	-	-	-	-	-	-	-	-	Thanatos	1992
T	c_tomsnyderspuppylovepissolitaireroyale	-	-	-	mouse	-	-	-	y	Tom Snyder’s Puppy Love & Pi’s Solitaire Royale	1989
T	c_totsugekibakkonstreet	-	-	-	-	-	-	-	-	Totsugeki! Bakkon Street	1994
T	c_totsugekibakkonstreet2huntingroulette	-	-	-	-	-	-	-	-	Totsugeki! Bakkon Street II - Hunting Roulette	1994
T	c_towerofflame	-	-	-	-	-	-	-	-	Tower of Flame, The	1993
T	c_toweroftreasure	-	-	-	-	-	-	-	-	Tower of Treasure, The (宝の塔)	1992
T	c_toweroftreasure2	-	-	-	-	-	-	-	-	宝の塔 Tower of Treasure 2, The ( 2)	-
T	c_townshyperehongrimmmarchenakazukin	-	-	-	-	-	-	-	-	Towns Hyper Ehon – Grimm Marchen – Akazukin	-
T	c_townshyperehongrimmmarchenbremennoongaku	-	-	-	-	-	-	-	-	Towns Hyper Ehon – Grimm Marchen – Bremen no Ongakutai	-
T	c_townshyperehongrimmmarchenvol3	-	-	-	-	-	-	-	-	Towns Hyper Ehon – Grimm Marchen – Vol 3	-
T	c_townshyperehongrimmmarchenvol4	-	-	-	-	-	-	-	-	Towns Hyper Ehon – Grimm Marchen – Vol 4	-
T	c_townsmagazineforschoolvol1	-	-	-	-	-	-	-	-	TownsMagazine for School Vol 1	-
T	c_townsmagazineforschoolvol2	-	-	-	-	-	-	-	-	TownsMagazine for School Vol 2	-
T	c_townsmagazineforschoolvol4	-	-	-	-	-	-	-	-	TownsMagazine for School Vol 4	-
T	c_townsmagazinevol1	-	-	-	-	-	-	-	-	TownsMagazine Vol 1	-
T	c_townsmagazinevol2no1	-	-	-	-	-	-	-	-	TownsMagazine Vol 2 No 1	-
T	c_townsmagazinevol2no2	-	-	-	-	-	-	-	-	TownsMagazine Vol 2 No 2	-
T	c_townsmagazinevol3no1	-	-	-	-	-	-	-	-	TownsMagazine Vol 3 No 1	-
T	c_townsmagazinevol3no2	-	-	-	-	-	-	-	-	TownsMagazine Vol 3 No 2	-
T	c_townssystemsoftware	-	-	-	mouse	-	-	y	-	Towns System Software (V1.1 L10)	-
T	c_treeclub	-	-	-	-	-	-	-	-	Treeclub	1995
T	c_tropicalisland	-	-	-	-	-	-	-	-	Tropical Island	-
T	c_urgentmission	-	-	-	-	-	-	-	-	Urgent Mission	-
T	c_uruseiyatsuracgvol3	-	-	-	-	-	-	-	-	Urusei Yatsura CG Vol. 3	-
T	c_vacationlife	-	-	-	mouse	-	-	-	-	Vacation Life	1993
T	c_virginangel	-	-	-	-	-	-	-	-	Virgin Angel	1995
T	c_vorious	-	-	-	-	-	-	-	-	Vorious (バリアス)	-
T	c_wagayanobenrichouvol1	-	-	-	-	-	-	-	-	Wagaya no Benrichou Vol 1	-
T	c_yakata	6M	gs	-	-	-	-	-	-	Yakata (館)	1996
T	c_yaminabedx	-	-	-	-	-	-	y	-	Yaminabe DX	-
T	c_yousuzumepart1	-	-	-	-	-	-	-	-	You Suzume – Part 1	-
T	c_zan3townsspecial	-	-	-	mouse	-	-	y	-	Zan III - Towns Special	1994
T	c_zenshi	-	-	-	-	-	-	-	-	Zenshi)	-
T	cal	-	-	-	mouse	-	-	y	-	Cal Towns	1992
T	cal3	-	-	-	-	-	-	-	y	Cal III - Kanketsu-hen	1993
T	caltiny	-	-	-	-	-	-	-	y	Cal Gaiden - Tiny Steps Behind the Cal	1993
T	calxpart	-	-	-	mouse	-	-	y	-	California X Party - Joshi Daisei Himitsu Club	1994
T	cameltry	-	-	-	mouse	-	-	-	-	Cameltry	1994
T	cameltry_cracked	-	-	-	mouse	-	-	-	-	Cameltry (cracked)	1994
T	cancanbp	-	-	-	mouse	-	-	-	y	Can Can Bunny Premiere	1992
T	cancanbx	-	-	-	mouse	-	-	-	y	Can Can Bunny Extra	1993
T	carmnwld	-	-	-	mouse	-	-	-	y	Where in the World Is Carmen Sandiego?	1993
T	castles	-	-	-	mouse	-	-	-	y	Castles	1992
T	castles2	-	-	-	mouse	-	-	-	y	Castles II - Bretagne Touitsu Senki / Castles II - Siege & Conquest	1993
T	catsp1	-	-	-	mouse	-	-	-	y	Cat's Part-1	1993
T	cdgplay	-	-	-	mouse	-	-	-	-	CD+Graphics Player V1.1L10	1990
T	centur	-	-	-	mouse	-	-	-	y	Centurion - Defender of Rome	1993
T	cgsynd1	-	-	-	mouse	-	-	-	-	CG Syndicate Vol. 1 - Lisa Northpoint	1991
T	chasehq	-	orig	pad	stick	-	-	-	-	Taito Chase H.Q.	1991
T	chasehqd	-	orig	pad	stick	-	-	-	-	Taito Chase H.Q. (demo)	1991
T	chiemi	-	-	-	mouse	-	-	y	-	Chiemi & Naomi	1993
T	chiensou	-	-	-	-	-	-	-	-	Mirumiru Sagasu Konchuu Series Vol. 1 - Chiisana Ensouka	1993
T	chinsei	-	-	-	-	-	-	-	-	Technostress Yobouhou Series - Chinsei	1989
T	chuumon	-	-	-	-	-	-	-	-	Chuumon no Ooi Ryouriten	1990
T	citylights	-	-	-	mouse	-	-	-	-	Tele Harmonium - City Lights	1992
T	classrod	-	-	-	mouse	-	-	-	y	Classic Road	1994
T	clearmind	-	-	-	-	-	-	-	y	ClearMind - Shimoguchi Yuuzan no Shuuchuuryoku Kaihatsu	1989
T	cm1denwa	-	-	-	mouse	-	-	y	-	Custom Mate + Denwa no Bell ga...	1994
T	cm2itsuk	-	-	-	mouse	-	-	y	-	Custom Mate 2 + Itsuka dokoka de	1995
T	collecd	-	-	-	mouse	-	-	-	y	Collector D	1993
T	collecdb	-	-	-	mouse	-	-	-	y	Collector D - Bangai-hen - Gokurakudai Nishichiku Sales Daisakusen	1993
T	columns	-	-	-	-	-	-	-	-	Columns	1990
T	columns_cracked	-	-	-	-	-	-	-	-	Columns (cracked)	1990
T	condor	-	-	-	mouse	-	-	-	-	The Case of the Cautious Condor	1989
T	confgrom	8M	gs	-	-	-	-	-	-	CONFIG-ROM	1996
T	crayonag	-	-	-	-	-	-	-	-	Crayonnage	1991
T	criss	-	-	-	-	-	-	-	-	CRISS Ver. 1.00	1989
T	crystalr	-	-	-	mouse	-	-	y	-	Crystal Rinal - Ouma no Meikyuu	1994
T	ctrace	-	-	-	-	-	-	-	-	C-Trace	1989
T	cubsketch	4M	-	-	mouse	-	-	-	-	CubicSketch V1.1 L10	1994
T	curse	-	-	-	-	-	-	-	y	Curse	1995
T	cvrgirls	-	-	-	mouse	-	-	-	-	Cover Girls Vol. 1	1994
T	cyberia	4M	gs	-	-	-	-	-	-	Cyberia	1995
T	cybrcity	-	-	pad	mouse	-	-	y	-	Cybercity	1989
T	cybrmotn	-	-	-	-	-	-	y	-	Cyber Motion V1.0	1993
T	cybsculp	-	-	-	mouse	-	-	-	-	Cyber Sculpt V1.0 (HMC-140A)	1991
T	czukan	-	-	-	-	-	-	-	-	Computer Zukan - Shokubutsu-hen	1991
T	dagain	-	-	-	mouse	-	-	-	y	The 4th Unit 5 - D-Again	1990
T	dagaind	-	-	-	mouse	-	-	-	y	The 4th Unit 5 - D-Again (demo)	1990
T	dai3map1	-	-	-	-	-	-	-	-	Daisenryaku III '90 Map Collection Vol. 1	1992
T	daifugo	-	-	-	-	-	-	-	-	Daifugou Gakuen (v1.1)	1992
T	daikok2	-	-	-	mouse	-	-	y	-	Daikoukai Jidai II	1993
T	daikokai	-	-	-	mouse	-	-	y	-	Daikoukai Jidai	1990
T	daisenex	-	-	-	mouse	-	-	-	y	Gendai Daisenryaku EX Special	1994
T	daisenr3	-	-	-	-	-	-	y	y	Daisenryaku III '90	1991
T	dalk	-	-	-	-	-	-	y	-	Dalk	1993
T	dalka	-	-	-	-	-	-	y	-	Dalk (alt floppy disk)	1993
T	dangel	-	gs	-	-	-	-	-	y	Dangel	1996
T	dante	-	-	-	-	-	-	y	-	Tamashii no Mon - Dante "Shinkyoku" yori	1993
T	dapsdemo	4M	-	-	-	-	-	-	-	DAPS for Windows	1994
T	darwin	-	-	-	mouse	-	-	-	-	Darwin's Dilemma - The Solution Is Evolution	1991
T	date	-	-	-	mouse	-	-	-	-	The Date - Kore de Kanojo wa Boku no Mono!	1990
T	deadbrn	-	-	-	mouse	-	-	-	y	Dead of the Brain - Shiryou no Sakebi	1993
T	deadforc	-	-	-	-	-	-	-	-	Shinseiki Kouboushi - Dead Force	1995
T	deathbrd	-	-	-	-	-	-	-	-	Death Brade	1992
T	debian13	-	-	-	-	-	-	-	-	Debian GNU/Linux 1.3.1 with Debian-JP Packages	1997
T	debian20	-	-	-	-	-	-	-	-	Debian GNU/Linux 2.0r2 with Hamm-JP	1998
T	debut	-	-	-	mouse	-	-	y	-	Tanjou - Debut	1994
T	debuts1	6M	-	-	mouse	-	-	-	-	Debut Shimasu... - Nakagawa Yuuko	1994
T	debuts2	-	-	-	-	-	-	-	-	Debut Shimasu... 2 - Nogami Aki	1994
T	deep	-	-	-	mouse	-	-	y	-	Deep	1995
T	defana	-	-	-	mouse	-	-	-	y	De.FaNa	1995
T	deja2	-	-	-	mouse	-	-	-	y	De·Ja II	1992
T	demo90f	-	-	-	-	-	-	-	-	FM Towns Demonstration CD-ROM '90. Fuyu - The Galaxy of FM Towns	1990
T	demo92sp	-	-	-	-	-	-	-	-	FM Towns Demonstration CD-ROM 1992-nen Haru-gou	1992
T	demo93sp	-	-	-	-	-	-	-	-	FM Towns Demonstration CD-ROM 1993-nen Haru-gou	1993
T	demo93w	4M	-	-	mouse	-	-	-	-	FM Towns II Demonstration CD-ROM '93 Winter	1993
T	demo94sp	4M	-	-	-	-	-	-	-	FM Towns II Demonstration CD-ROM '94 Spring	1994
T	demo94su	4M	-	-	-	-	-	-	-	FM Towns II Demonstration CD-ROM '94 Summer	1994
T	demoncit	-	-	-	mouse	-	-	-	y	Demon City	1994
T	denurse	-	-	-	mouse	-	-	-	y	Dengeki Nurse	1992
T	denurse2	-	-	-	mouse	-	-	y	-	Dengeki Nurse 2 - More Sexy	1994
T	desire	-	-	-	mouse	-	-	-	y	Desire - Haitoku no Rasen	1994
T	diamondp	-	-	-	mouse	-	-	y	-	Diamond Players	1993
T	diegekir	6M	-	-	-	-	-	-	y	Die Gekirin	1995
T	digipin1	-	-	-	mouse	-	-	-	-	Digital Pinup Girls Vol. 1 - Sexy Shooting	1993
T	digipin2	-	-	-	mouse	-	-	-	-	Digital Pinup Girls Vol. 2 - Lovely Shooting	1993
T	dinosaur	-	-	-	-	-	-	-	y	Dinosaur	1991
T	diving	-	-	-	mouse	-	-	-	-	Sim Sports Diving - Soreyuke! Diving	1990
T	dknight3	-	-	-	-	-	-	-	y	Dragon Knight III	1992
T	dknight4	-	-	-	mouse	-	-	-	y	Dragon Knight 4	1994
T	dknight4sp	-	-	-	-	-	2	-	-	Dragon Knight 4 Special Disk	1994
T	dmaster	-	-	-	mouse	-	-	-	y	Dungeon Master (1989-12-08)	1989
T	dmaster2	-	-	-	mouse	-	-	-	y	Dungeon Master II - Skullkeep	1994
T	dmastero	-	-	-	mouse	-	-	-	y	Dungeon Master (1989-11-14)	1989
T	dodamega	-	-	-	mouse	-	-	-	y	Doda Mega-Mix!!!	1989
T	dokidok1	-	-	-	mouse	-	-	-	-	Doki Doki Disk CD-ban Dai-1-kan - Club D.O. Jimukyoku	1994
T	dokidok2	-	-	-	mouse	-	-	-	-	Doki Doki Disk CD-ban - Club D.O. Vol. 2	1994
T	dokidok3	-	-	-	mouse	-	-	-	-	Doki Doki Disk CD-ban - Club D.O. Vol. 3	1995
T	dokivact	-	-	-	mouse	-	-	y	-	Doki Doki Vacation - Kirameku Kisetsu no Naka de	1995
T	dokyuse2	-	-	-	mouse	-	-	-	y	Doukyuusei 2	1995
T	dokyuse2sp	-	-	-	-	-	2	-	-	Doukyuusei 2 Special Disk	1995
T	dokyusei	-	-	-	mouse	-	-	-	y	Doukyuusei	1992
T	dor	-	-	-	pad	-	-	-	-	DOR	1992
T	dor3	-	-	-	mouse	-	-	-	-	DOR Part 3	1992
T	dorbestg	-	-	-	mouse	-	-	-	y	DOR Best Selection Gekan	1993
T	dorbestj	-	-	-	mouse	-	-	-	y	DOR Best Selection Joukan	1993
T	dorse93	-	-	-	mouse	-	-	-	y	DOR Special Edition '93	1993
T	dorse93a	-	-	-	mouse	-	-	-	y	DOR Special Edition '93 (alt)	1993
T	dorses	-	-	-	mouse	-	-	-	y	DOR Special Edition Sakigake	1993
T	dps	-	-	-	pad	-	-	-	-	D.P.S - Dream Program System	1990
T	dpssg	-	-	-	-	-	2	-	-	D.P.S SG - Dream Program System SG	1990
T	dpssg2	-	-	-	-	-	2	-	-	D.P.S SG 2 - Dream Program System SG Set 2	1991
T	dpssg2a	-	-	-	-	-	2	-	-	D.P.S SG 2 - Dream Program System SG Set 2 (alt. system disk)	1991
T	dpssg3	-	-	-	-	-	2	-	-	D.P.S SG 3 - Dream Program System SG Set 3	1991
T	dpssg3a	-	-	-	-	-	2	-	-	D.P.S SG 3 - Dream Program System SG Set 3 (alt. disk 2)	1991
T	dpszenbu	-	-	-	-	-	-	-	-	D.P.S. Zenbu	1995
T	dracula	-	-	-	mouse	-	-	-	y	Dracula Hakushaku - Bishoujo-tachi no Chi no Shitatari	1993
T	draghalf	-	-	-	mouse	-	-	-	y	Dragon Half	1994
T	drakkhen	-	-	-	mouse	-	-	-	y	Drakkhen	1990
T	dreamfgt	-	-	-	-	-	-	-	-	Dream Fighters	-
T	dreamy	-	-	-	pad	-	-	-	-	Yumeutsutsu - Dreamy	1992
T	dreturn	-	-	-	-	-	-	-	-	D-Return	1990
T	drgnflam	-	-	-	-	-	-	-	-	Advanced Dungeons & Dragons - Dragons of Flame	1992
T	drgshock	-	-	-	-	-	-	-	y	Dragon Shock	1989
T	drill1	-	-	-	-	-	-	-	-	Towns Drill - Shougaku Sansuu Series - Sansuu 1-nen (TownsGEAR V2.1 version)	1992
T	drill4	-	-	-	-	-	-	-	-	Towns Drill - Shougaku Sansuu Series - Sansuu 4-nen (TownsGEAR V2.1 version)	1992
T	drill5	-	-	-	-	-	-	-	-	Towns Drill - Shougaku Sansuu Series - Sansuu 5-nen (TownsGEAR V2.1 version)	1992
T	drivesim	-	-	-	mouse	-	-	y	-	Drive Simulator - Home Navi V1.0 L01	1994
T	drstop	-	-	-	-	-	-	-	-	Dr. Stop!	1990
T	dsloh	-	-	-	-	-	-	-	-	Dragon Slayer - The Legend of Heroes	1990
T	dsloh2	-	-	-	-	-	-	-	-	Dragon Slayer - The Legend of Heroes II	1993
T	dstall	-	-	-	mouse	-	-	-	y	Derby Stallion	1993
T	dualtarg	-	-	-	mouse	-	-	-	y	The 4th Unit 3 - Dual Targets	1989
T	dyneddemo	-	-	-	-	-	-	-	-	DynEd Demo Disc	1994
T	dyneng2b	-	-	-	-	-	-	y	-	Dynamic English 2 - Basic	1991
T	dyneng3ub	-	-	-	mouse	-	-	y	-	Dynamic English 3 - Upper Basic	1991
T	ehonwrit	-	-	-	mouse	-	-	-	y	Ehon Writer School V1.1 L21	1996
T	ehonwrit1110	-	-	-	mouse	-	-	-	y	Ehon Writer V1.1 L10 (FMB-3011)	1994
T	ehonwrit1110a	-	-	-	mouse	-	-	-	y	Ehon Writer V1.1 L10 (FMB-3011A)	1994
T	ehonwrit1120	-	-	-	mouse	-	-	-	y	Ehon Writer School V1.1 L20	1995
T	eikanwa2	-	-	-	mouse	-	-	-	y	Eikan wa Kimi ni 2 - Koukou Yakyuu Zenkoku Taikai (HMC-144A)	1991
T	eikanwa2o	-	-	-	mouse	-	-	-	y	Eikan wa Kimi ni 2 - Koukou Yakyuu Zenkoku Taikai (HMC-144)	1991
T	eimmy	-	-	-	mouse	-	-	-	y	Eimmy to Yobanaide	1995
T	elfish	4M	gs	-	-	-	-	-	-	ElFish	1994
T	elfishlt	-	-	-	mouse	-	-	-	y	ElFish Lite	1993
T	elle	-	-	-	mouse	-	2	-	-	Elle	1991
T	elmknigt	-	-	-	-	-	-	-	y	Elm Knight - A Living Body Armor	1992
T	emeraldd	-	-	-	-	-	-	y	-	Emerald Dragon	1992
T	emit1	-	-	-	-	-	-	y	-	Emit Vol. 1 - Toki no Maigo (Version 1.30 Release 2.00, 1995-01-20)	1994
T	emit1a	-	-	-	-	-	-	y	-	Emit Vol. 1 - Toki no Maigo (Version 1.30 Release 2.00, 1994-04-26)	1994
T	emit1d	-	-	-	-	-	-	y	-	Emit Vol. 1 - Toki no Maigo (demo)	1994
T	emit1o	-	-	-	-	-	-	y	-	Emit Vol. 1 - Toki no Maigo (Version 1.20 Release 1.00)	1994
T	emit2	-	-	-	-	-	-	y	-	Emit Vol. 2 - Inochigake no Tabi	1994
T	emit3	-	-	-	-	-	-	y	-	Emit Vol. 3 - Watashi ni Sayonara o	1994
T	empereur	-	-	-	mouse	-	-	y	-	L'Empereur	1991
T	engdream	-	-	-	-	-	-	-	-	Oto to E no Deru Eigo Jisho No. 2 - English in Dream	1990
T	engerrn2	-	-	-	mouse	-	-	-	y	Engage Errands II - Hikari o Ninau Mono	1995
T	engerrnd	-	-	-	mouse	-	-	-	y	Engage Errands - Miwaku no Shito-tachi	1995
T	enkaio	-	-	-	mouse	-	-	-	-	Enkaiou	1989
T	enkaio2	-	-	-	mouse	-	-	-	-	Enkaiou no Gyakushuu Ver. 2 - Return of Enkaio	1991
T	enkaio3	-	-	-	pad	-	-	-	-	Enkaiou Ver. 3 - Chikyuu Saidai no Kessen	1993
T	etsuraku	-	-	-	mouse	-	-	-	y	Etsuraku no Gakuen	1994
T	eup2mtr	-	-	-	-	-	-	-	-	Euphony II / MTR V1.1 L20	1992
T	eup2sc	-	-	-	mouse	-	-	-	y	Euphony II / Score V1.1 L10	1993
T	eurosens	-	-	-	mouse	-	-	-	y	Europa Sensen	1992
T	evolutn	-	-	-	-	-	-	-	-	Evolution	1989
T	excd94s	-	-	-	mouse	-	-	-	-	Exciting CD '94 Summer	1994
T	excel10	-	-	-	mouse	-	-	-	-	Excellent 10	1990
T	excitcd	-	-	-	mouse	-	-	-	-	Exciting CD	1994
T	excitcdcm	-	-	-	mouse	-	-	-	-	Exciting CD (Car Marty)	1994
T	exgmaze	-	-	-	-	-	-	-	-	Exgmaze	-
T	eyebeho2	-	-	-	-	-	-	-	-	Advanced Dungeons & Dragons - Eye of the Beholder II: The Legend of Darkmoon	1993
T	f29ret	-	-	-	-	-	-	-	-	F29 Retaliator	1993
T	famist90	-	-	-	-	-	-	-	-	Pro Yakyuu Family Stadium - '90 Pennant Race-ban	1990
T	fbas1110	-	-	-	-	-	-	-	-	F-BASIC386 v1.1 L10	1989
T	fbas1110b	-	-	-	-	-	-	-	-	F-BASIC386 v1.1 L10B	1989
T	fbas1120	-	-	-	-	-	-	-	-	F-BASIC386 v1.1 L20	1989
T	fbas1121	-	-	-	-	-	-	-	-	F-BASIC386 v1.1 L21	1989
T	fbas2110	-	-	-	mouse	-	-	-	y	F-BASIC386 v2.1 L10	1992
T	fbc1121	-	-	-	-	-	-	-	-	F-BASIC386 Compiler V1.1 L21	1991
T	fbc2110	-	-	-	-	-	-	-	-	F-BASIC386 Compiler V2.1 L10	1992
T	fbc2120	-	-	-	mouse	-	-	-	y	F-BASIC386 Compiler V2.1 L20	1992
T	fbhc1231	-	-	-	-	-	-	-	-	F-BASIC86HG Interpreter/Compiler V1.2 L31A	1991
T	fbhi1231	-	-	-	-	-	-	-	-	F-BASIC86HG Interpreter V1.2 L31A	1991
T	finalb	-	-	-	-	-	-	-	-	Final Blow	1990
T	fjournal	4M	-	-	-	-	-	-	-	Fujitsu Journal Special Edition by CD-ROM	1994
T	flashb	-	-	-	-	-	-	-	-	Flashback	1994
T	flexdata	-	-	-	mouse	-	-	-	y	FM Towns FlexData Collection Vol. 1 - E to Oto no 365-nichi	1993
T	fmtappc	-	-	-	mouse	-	-	-	-	FM Towns Application Catalog CD-ROM - Original Soft-hen	1989
T	fmthcdd1	-	-	-	-	-	-	-	-	FM Towns Hyper CD Demo Futoppara No. 1	1989
T	fmtools	-	-	-	-	-	-	-	-	FMR/Towns Kihon DOS Tools	1993
T	fmtstdem	-	-	-	mouse	-	-	-	-	FM Towns Super Technology Demo 1993 (HME-219A)	1993
T	fmtstdema	-	-	-	mouse	-	-	-	-	FM Towns Super Technology Demo 1993 (HME-919)	1993
T	fmtstdemo	-	-	-	mouse	-	-	-	-	FM Towns Super Technology Demo 1993 (HME-219)	1993
T	fmtworld	-	-	-	mouse	-	-	-	-	FM Towns World	1989
T	fortress	-	-	-	-	-	-	-	-	Fortress	1989
T	fractal	-	-	-	-	-	-	-	-	Fractal Engine Demo	1992
T	freewill	-	-	-	mouse	-	-	-	y	Free Will - Knight of Argent	1992
T	frogfstd	-	-	-	-	-	-	-	-	Frog Feast Demo	2005
T	fsc10	-	-	-	mouse	-	-	-	-	Free Software Collection 10	1995
T	fsc11	-	-	-	mouse	-	-	-	-	Free Software Collection 11	1995
T	fsc4	-	-	-	mouse	-	-	-	-	Free Software Collection 4	1991
T	fsc5	-	-	-	mouse	-	-	-	-	Free Software Collection 5 (HMD-117B)	1992
T	fsc5a	-	-	-	mouse	-	-	-	-	Free Software Collection 5 (HMD-117A)	1992
T	fsc5o	-	-	-	mouse	-	-	-	-	Free Software Collection 5 (HMD-117)	1992
T	fsc6	-	-	-	mouse	-	-	-	-	Free Software Collection 6 (HME-141A)	1993
T	fsc6o	-	-	-	mouse	-	-	-	-	Free Software Collection 6 (HME-141)	1993
T	fsc7	-	-	-	mouse	-	-	-	-	Free Software Collection 7 (HME-225A)	1993
T	fsc7o	-	-	-	mouse	-	-	-	-	Free Software Collection 7 (HME-225)	1993
T	fsc8	-	-	-	mouse	-	-	-	-	Free Software Collection 8	1994
T	fsc9	-	-	-	mouse	-	-	-	-	Free Software Collection 9	1994
T	fscmarty	-	-	-	-	-	-	-	-	Free Software Collection Marty 1	1992
T	fshark	4M	-	-	-	-	-	-	-	Hishouzame / Flying Shark	1993
T	fsnkit	-	-	-	-	-	-	-	-	FM Towns Free Soft Nyuumon Kit	1992
T	funnybee	-	-	-	mouse	-	-	-	y	Uchuu Kaitou Funny Bee	1994
T	futoph01	-	-	-	-	-	-	-	-	Futoppara FD Heisei 1-gou	1991
T	futoph02	-	-	-	-	-	-	-	-	Futoppara FD Heisei 2-gou	1992
T	futoph03	-	-	-	-	-	-	-	-	Futoppara FD Heisei 3-gou	1992
T	futoph04	-	-	-	-	-	-	-	-	Futoppara FD Heisei 4-gou	1992
T	futoph05	-	-	-	-	-	-	-	-	Futoppara FD Heisei 5-gou	1993
T	futoph06	-	-	-	-	-	-	-	-	Futoppara FD Heisei 6-gou	1993
T	futoph07	-	-	-	-	-	-	-	-	Futoppara FD Heisei 7-gou	1993
T	futoph08	-	-	-	-	-	-	-	-	Futoppara FD Heisei 8-gou	1994
T	futoph09	-	-	-	-	-	-	-	-	Futoppara FD Heisei 9-gou	1994
T	futoph10	-	-	-	-	-	-	-	-	Futoppara FD Heisei 10-gou	1995
T	fwc1	-	-	-	-	-	-	-	-	Freeware Collection 1	1989
T	fwc2	-	-	-	-	-	-	-	-	Freeware Collection 2	1990
T	fwc3	-	-	-	-	-	-	-	-	Freeware Collection 3	1991
T	g5	-	-	-	mouse	-	-	y	-	G5 (HMA-206A)	1989
T	g5o	-	-	-	mouse	-	-	y	-	G5 (HMA-206)	1989
T	gadget	8M	-	-	-	-	-	y	-	Gadget - Invention, Travel, & Adventure	1993
T	gakubaku	-	-	-	mouse	-	-	-	y	Gakuen Bakuretsu Tenkousei!	1996
T	gakuking	-	-	-	-	-	-	-	-	Gakuen King - Hidehiko Gakkou o Tsukuru	1996
T	gametec1	-	-	-	mouse	-	-	-	y	Game Technopolis Super Collection 1	1992
T	gametec2	-	-	-	mouse	-	-	-	y	Game Technopolis Super Collection 2	1993
T	gbomber	-	-	-	mouse	-	-	-	y	Gakuen Bomber	1994
T	gearvid	-	-	-	-	-	-	-	-	Gear-Video	1991
T	gedit	-	-	-	mouse	-	-	-	y	GEdit Towns	1989
T	gekirin	-	-	-	-	-	-	-	y	Gekirin - Ushinawareshi Houken	1994
T	genchohi	-	-	-	mouse	-	-	-	y	Aoki Ookami to Shiroki Mejika - Genchou Hishi	1993
T	genocsq	-	-	-	-	-	-	-	-	Genocide Square	1993
T	gforce2	-	-	pad	apad	-	-	-	-	Galaxy Force II	1991
T	gigamort	-	-	-	-	-	-	-	y	Giga Mortion	1995
T	ginga2dx	-	-	-	mouse	-	-	-	y	Ginga Eiyuu Densetsu II DX+ Towns Special	1992
T	ginga3sp	-	-	-	mouse	-	-	y	y	Ginga Eiyuu Densetsu III SP	1993
T	gingaod1	-	-	-	-	-	-	-	-	NHK Special - Ginga Uchuu Odyssey Vol. 1 - Tabidachi Waga Taiyoukei	1991
T	gingaod2	-	-	-	-	-	-	-	-	NHK Special - Ginga Uchuu Odyssey Vol. 2 - Choushinsei Bakuhatsu	1992
T	gingaod2m	-	-	-	-	-	-	-	-	NHK Special - Ginga Uchuu Odyssey Vol. 2 - Choushinsei Bakuhatsu (FM Towns Marty version)	1992
T	gnutowns	-	-	-	mouse	-	-	-	-	GNU for Towns	1989
T	gnutownsr2	-	-	-	-	-	-	-	-	GNU for Towns Release 2	1991
T	goh2	-	-	-	mouse	-	-	y	-	Goh II Towns Special	1993
T	gokickj	-	-	-	-	-	-	-	-	Jissen Igo Taikyoku - Gokichi-kun - Chuukyuu (Jou)	1989
T	gokinyu	-	-	-	mouse	-	-	-	-	Gokichi-kun Series - Igo Nyuumon Doujou	1991
T	gokko1	-	-	-	mouse	-	-	-	y	Gokko Vol. 01 - Doctor	1994
T	gokko2	-	-	-	mouse	-	-	-	y	Gokko Vol. 02 - School Gal's	1994
T	gokko3	-	-	-	mouse	-	-	-	y	Gokko Vol. 03 - Etcetera	1994
T	gokumand	-	-	-	mouse	-	-	-	y	Gokuraku Mandala	1994
T	gorbypip	-	-	-	-	-	-	-	-	Gorby no Pipeline Daisakusen	1991
T	grimmaka	-	-	-	-	-	-	-	-	Märchen Toshokan - Grimm Douwa - Akazukin	1989
T	grimmbre	-	-	-	-	-	-	-	-	Märchen Toshokan - Grimm Douwa - Bremen no Ongakutai	1989
T	grimmiba	-	-	-	-	-	-	-	-	Märchen Toshokan - Grimm Douwa - Ibarahime (Nemurihime)	1990
T	grimmook	-	-	-	-	-	-	-	-	Märchen Toshokan - Grimm Douwa - Ookami to Shichihiki no Koyagi	1990
T	grndatak	-	-	-	mouse	-	-	-	-	Ground Attack	1994
T	gulfwar	-	-	-	mouse	-	-	y	-	Gulf War - Soukouden	1993
T	gunblaze	-	-	-	mouse	-	-	-	y	Gunblaze	1994
T	gundamhc	-	-	-	mouse	-	-	-	y	Mobile Suit Gundam - Hyper Classic Operation	1992
T	gundamhd	-	-	-	mouse	-	-	-	y	Mobile Suit Gundam - Hyper Desert Operation	1992
T	gunship	-	-	-	mouse	-	-	-	y	Gunship - The Helicopter Simulation	1990
T	habitat	-	-	-	mouse	-	-	y	-	Fujitsu Habitat V2.1 L13A	1994
T	habitat1110	-	-	-	-	-	-	-	-	Fujitsu Habitat V1.1 L10	1990
T	habitat2110	-	-	-	mouse	-	-	y	-	Fujitsu Habitat V2.1L10	1994
T	hajiryoei	-	-	-	mouse	-	-	-	-	Hajimete no Ryokou Eikaiwa	1990
T	hajiryoeim	-	-	-	mouse	-	-	-	-	Hajimete no Ryokou Eikaiwa (FM Towns Marty version)	1993
T	halfmoon	4M	-	-	mouse	-	-	y	-	Half Moon ni Kawaru made - Ramiya Ryou no Nijiiro Tamatebako	1995
T	hanakiok	-	-	-	mouse	-	-	-	y	Hana no Kioku	1995
T	hanakiok2	-	-	-	mouse	-	-	-	y	Hana no Kioku - Dainishou	1997
T	hanapon	-	-	-	mouse	-	-	-	y	Hanafuda de Pon!	1996
T	hanayor2	-	-	-	mouse	-	-	-	y	Hana yori Dango 2	1993
T	hcc1712	4M	-	-	-	-	-	-	-	High C Compiler Multimedia Kit v1.7 L12	1994
T	hcc1713	4M	-	-	-	-	-	-	-	High C Compiler Multimedia Kaihatsu Kit v1.7 L13	1995
T	healthy2	-	-	-	mouse	-	-	-	y	Healthy Life II	1993
T	heartron	-	-	-	mouse	-	-	-	y	Zen Nihon Bishoujo Mahjong Senshuken Taikai - Heart de Ron!!	1995
T	heboris	-	-	-	-	-	-	-	-	Heboris	1999
T	heike1	-	-	-	mouse	-	-	-	-	Heike Monogatari (Joukan)	1992
T	heike1r	-	-	-	mouse	-	-	-	-	Heike Monogatari (Joukan) (rerelease)	1992
T	heike2	-	-	-	mouse	-	-	-	-	Heike Monogatari (Gekan)	1992
T	helicmd	-	-	-	-	-	-	-	-	Heli-Command	1995
T	heliresq	-	-	-	-	-	-	-	-	Heli-Rescue	1995
T	herolanc	-	-	-	-	-	-	-	-	Advanced Dungeons & Dragons - Heroes of the Lance	1990
T	hfetish	-	-	-	mouse	-	-	-	-	Hyper Fetishism	1993
T	hhunt01	-	-	-	-	-	2	-	-	Houma Hunter Lime Dai-1-wa	1993
T	hhunt01a	-	-	-	-	-	2	-	-	Houma Hunter Lime Dai-1-wa (alt)	1993
T	hhunt02	-	-	-	-	-	2	-	-	Houma Hunter Lime Dai-2-wa	1993
T	hhunt02a	-	-	-	-	-	2	-	-	Houma Hunter Lime Dai-2-wa (alt)	1993
T	hhunt03	-	-	-	-	-	2	-	-	Houma Hunter Lime Dai-3-wa	1993
T	hhunt03a	-	-	-	-	-	2	-	-	Houma Hunter Lime Dai-3-wa (alt)	1993
T	hhunt04	-	-	-	-	-	2	-	-	Houma Hunter Lime Dai-4-wa	1993
T	hhunt05	-	-	-	-	-	2	-	-	Houma Hunter Lime Dai-5-wa	1993
T	hhunt06	-	-	-	-	-	2	-	-	Houma Hunter Lime Dai-6-wa	1993
T	hhunt07	-	-	-	-	-	2	-	-	Houma Hunter Lime Dai-7-wa	1993
T	hhunt08	-	-	-	-	-	2	-	-	Houma Hunter Lime Dai-8-wa	1994
T	hhunt09	-	-	-	-	-	2	-	-	Houma Hunter Lime Dai-9-wa	1994
T	hhunt10	-	-	-	-	-	2	-	-	Houma Hunter Lime Dai-10-wa	1994
T	hhunt11	-	-	-	-	-	2	-	-	Houma Hunter Lime Dai-11-wa	1994
T	hhunt12	-	-	-	-	-	2	-	-	Houma Hunter Lime Dai-12-wa	1994
T	highlt20	-	-	-	-	-	-	-	-	Highlight CD 20	1993
T	hiouden2	-	-	-	mouse	-	-	y	-	Hiouden II	1994
T	hipcatch	-	-	-	mouse	-	-	-	-	Kotoba Asobi - CDView HiP Catch	1992
T	hiraehon	-	-	-	mouse	-	-	-	-	Hiragana no Ehon	1993
T	hirou	-	-	-	mouse	-	-	-	-	Technostress Yobouhou Series - Hirou	1989
T	honna2	-	-	-	-	-	-	-	-	Running Girls - Hashiri Onna II + Rance 4.1 / 4.2 Hint Disk	1995
T	horde	4M	gs	-	-	-	-	-	-	The Horde	1995
T	hoshisn2	-	-	-	mouse	-	-	-	y	Hoshi no Suna Monogatari 2	1992
T	hoshisn3	-	-	-	mouse	-	-	-	y	Hoshi no Suna Monogatari 3	1995
T	hoshisun	-	-	-	mouse	-	-	-	y	Hoshi no Suna Monogatari	1992
T	hstudio	-	-	-	mouse	-	-	-	y	HomeStudio V1.2L10	1994
T	hstudio11	-	-	-	mouse	-	-	-	y	HomeStudio V1.1L10	1992
T	htownusa	-	-	-	mouse	-	-	-	-	Hometown, U.S.A.	1990
T	hypaquak	-	-	-	-	-	-	-	-	Hyper Aquarium - Kaisui-hen	1992
T	hypaquat	-	-	-	-	-	-	-	-	Hyper Aquarium - Tansui-hen	1992
T	hypchttv	-	-	-	-	-	-	-	-	Hyper Channel - Towns TV	1990
T	hypdream	-	-	-	mouse	-	-	-	-	Hyper Dream	1993
T	hyperdx	-	-	-	-	-	-	-	-	Hyper DX	1989
T	hypland	-	-	-	mouse	-	-	y	-	Hyper Land - Doubutsu no Sekai	1993
T	hypland2	-	-	-	mouse	-	-	-	-	Hyperland II - Mimi no Daibouken	1995
T	hyplanet	-	-	-	mouse	-	-	y	-	Hyper Planet (1992-02-14)	1992
T	hyplanetd	-	-	-	mouse	-	-	y	-	Hyper Planet (demo)	1991
T	hyplanetm	-	-	-	mouse	-	-	y	-	Hyper Planet for Marty	1993
T	hyplaneto	-	-	-	mouse	-	-	y	-	Hyper Planet (1990-09-20)	1990
T	hyplaneto2	-	-	-	mouse	-	-	y	-	Hyper Planet (1990-09-15)	1990
T	hyplanets1	-	-	-	mouse	-	-	-	-	Hyper Planet Shiki Vol. 1	1992
T	hyplanets2	-	-	-	mouse	-	-	-	-	Hyper Planet Shiki Vol. 2	1993
T	hyplanets3	-	-	-	-	-	-	-	-	Hyper Planet Shiki Vol. 3	1994
T	hypnote	-	-	-	mouse	-	-	y	-	Hyper Note (1992-03-03)	1991
T	hypnoteo	-	-	-	mouse	-	-	y	-	Hyper Note (1991-12-12)	1991
T	hypraddr	-	-	-	-	-	-	y	-	Hyper Address (HMB-106A)	1990
T	hypraddr2	-	-	-	-	-	-	-	-	Hyper Address Ver. 2.0	1991
T	hypraddro	-	-	-	-	-	-	y	-	Hyper Address (HMB-106)	1990
T	hyprocea	-	-	-	mouse	-	-	-	-	Hyper Ocean	1993
T	idolproj	-	-	-	mouse	-	-	y	-	Idol Project (1995-06-16 17:22:18)	1995
T	idolprojo	-	-	-	mouse	-	-	y	-	Idol Project (1995-06-16 15:06:42)	1995
T	if	-	-	-	-	-	-	-	-	if - Invitations from Fantastic Stories	1993
T	if123	-	-	-	mouse	-	-	-	y	if 1-2-3 CD Collection	1996
T	if2	-	-	-	-	-	-	-	-	if 2 - Invitations from Fantastic Stories	1993
T	if3	-	-	-	-	-	-	-	-	if 3 - Invitations from Fantastic Stories	1995
T	igo2	-	-	-	mouse	-	-	-	y	Igo II (HMA-219A)	1989
T	igo2o	-	-	-	mouse	-	-	-	y	Igo II (HMA-219)	1989
T	igohonka	-	-	-	mouse	-	-	-	-	Igo Doujou - Honkakuha Yose Tsumego Shinan	1989
T	igoshodan	-	-	-	mouse	-	-	-	-	Igo Doujou Shodan - Kaigan! Kyuu kara Dan e no Chousen	1991
T	igoyabu	-	-	-	-	-	-	y	-	Igo Doujou Yaburi - Menkyo Kaiden!! Mezase 7-kyuu	1990
T	iitabi	-	-	-	-	-	-	-	-	Ii Tabi Ii Aji Goannai - Furusato Kodzutsumi & Kanpo no Yado - Heisei Gannendo-ban	1989
T	ilhyakka	-	-	-	mouse	-	-	-	y	Illust Hyakka - Yamashita Hideki no Ikiiki Cut-shuu	1990
T	illcity	-	-	-	mouse	-	-	-	y	Illusion City - Gen'ei Toshi	1993
T	image	-	-	-	mouse	-	2	-	-	Image	1992
T	imgfight	-	-	-	-	-	-	-	-	Image Fight	1990
T	imgfightd	-	-	-	-	-	-	-	-	Image Fight (demo)	1990
T	imgpower	-	-	-	-	-	-	-	y	Image Power	1990
T	indy4	-	-	-	mouse	-	-	-	y	Indiana Jones and the Fate of Atlantis	1993
T	indycrus	-	-	-	mouse	-	-	-	y	Indiana Jones and the Last Crusade	1990
T	indycrusd	-	-	-	mouse	-	-	-	y	Indiana Jones and the Last Crusade (pre-release version)	1990
T	infest	-	-	-	-	-	-	-	y	Infestation - Chinmoku no Wakusei	1992
T	inindo	-	-	-	-	-	-	y	-	Inindou: Datou Nobunaga	1992
T	injuugak	-	-	-	mouse	-	-	-	y	Injuu Gakuen - La Blue Girl	1994
T	iris	-	-	-	-	-	-	y	-	Iris-tei Serenade	1992
T	irium	-	-	-	mouse	-	-	-	-	Irium	1993
T	ironfist	-	-	-	-	-	-	-	-	Iron Fist - The Revised Edition	1994
T	ishido	-	-	-	mouse	-	-	-	y	Ishidou - The Way of Stones	1990
T	ishin	-	-	-	mouse	-	-	-	y	Ishin no Arashi	1990
T	jangou4	-	-	-	mouse	-	-	-	y	Jangou 4	1994
T	janjaka	-	-	-	-	-	-	-	y	Jan Jaka Jan	1992
T	jankirou	-	-	-	mouse	-	-	-	y	Jankirou	1994
T	jclub	-	-	-	mouse	-	-	-	-	Jouhou Club - Card Processor Ver. 1.1	1989
T	jealousy	-	-	-	-	-	-	-	y	Jealousy	1995
T	jigwld	-	-	-	mouse	-	-	-	-	Towns Chiri - Jigsaw World	1991
T	jinmon	-	-	-	mouse	-	-	y	-	Jinmon Yuugi	1995
T	jkden	-	-	-	mouse	-	-	-	-	Joshikousei Shoujo Densetsu - Cosplay Special	1994
T	jkhatsu	-	-	-	-	-	-	-	-	Joshikousei Shoujo Hatsunetsu	1993
T	jleag94	-	-	-	-	-	-	-	-	J.League 1994 Professional Soccer	1994
T	joker	-	-	-	mouse	-	-	-	y	Joker Towns	1992
T	joshisei	-	-	-	mouse	-	-	y	-	Joshikou Seifuku Monogatari	1995
T	joshua	-	-	-	mouse	-	-	-	y	Joshua	1992
T	kakefuku	-	-	-	-	-	-	-	-	Kakeibo + Fukubukuro - Wagaya no Benrichou Vol. 1	1989
T	kanade	6M	-	-	mouse	-	-	-	-	Kanade V1.1L20	1995
T	kanade1110	6M	-	-	mouse	-	-	-	-	Kanade V1.1L10A	1994
T	kastalia	-	-	-	-	-	-	-	-	An Illusional World Kastalia	1993
T	kataehon	-	-	-	-	-	-	-	-	Katakana no Ehon	1995
T	kawaichi	-	-	-	mouse	-	-	-	-	Kawarazaki-ke no Ichizoku	1993
T	kbounty	-	-	-	mouse	-	-	-	y	King's Bounty - Nusumareta Chitsujo	1994
T	kchoujin	-	-	-	mouse	-	-	-	y	Kousoku Choujin	1996
T	keiphone	-	-	-	mouse	-	-	-	y	Kamimura Kei no Sexy Telephone - Pink no Hanayome	1992
T	keiresort	-	-	-	mouse	-	-	-	y	Kamimura Kei no Sexy Resort - Momoiro Quiz	1992
T	keroppi	4M	-	-	mouse	-	-	-	y	Kero Kero Keroppi to Origami no Tabibito	1995
T	kidpix	-	-	-	mouse	-	-	-	-	Kid Pix	1992
T	kidpixcom	-	-	-	-	-	-	-	-	Kid Pix Companion	1995
T	kidpixjr	-	-	-	mouse	-	-	-	-	Kid Pix Jr.	1993
T	kigen	-	-	-	-	-	-	-	y	Kigen - Kagayaki no Hasha	1992
T	kijapan	-	-	-	-	-	-	-	-	Fouge Vol. 1 - Ki - Japan - Maeda Shinzou no Sekai	1993
T	kikoshid	-	-	-	mouse	-	-	-	y	Kikou Shidan - Panzer Division	1990
T	kikoshid2	-	-	-	mouse	-	-	y	y	Kikou Shidan - Panzer Division II	1993
T	kindanke	-	-	-	mouse	-	-	-	y	Kindan no Ketsuzoku	1993
T	kingqst5	-	-	-	mouse	-	-	-	y	King's Quest V - Absence Makes the Heart Go Yonder	1991
T	kiss	-	-	-	mouse	-	-	-	-	KISS - KISekae Set system	-
T	kittyw2	-	-	-	-	-	-	-	-	Kitty World 2	1994
T	kiwame	-	-	-	mouse	-	-	-	y	Kiwame	1992
T	kiwame2	-	-	-	mouse	-	-	-	y	Kiwame II	1994
T	kjmarian	8M	-	-	mouse	-	-	-	y	Kikai Jikake no Marian	1994
T	knjehon	-	-	-	-	-	-	-	-	Kanji no Ehon	1992
T	knjehon2	-	-	-	-	-	-	-	-	Kanji no Ehon 2	1994
T	knjland3	-	-	-	-	-	-	-	-	Kanji Land 3-nen (OSL-010A)	1995
T	knjland3o	-	-	-	-	-	-	-	-	Kanji Land 3-nen (OSL-010)	1995
T	kokorak2	-	-	-	mouse	-	-	-	y	Koko wa Rakuensou 2	1996
T	kokoraku	-	-	-	mouse	-	-	-	y	Koko wa Rakuensou	1996
T	koryuki	-	-	-	mouse	-	-	-	y	Kouryuuki	1993
T	ktiger	-	-	-	-	-	-	-	-	Kyuukyoku Tiger	1994
T	ku2pp	-	-	-	-	-	-	-	-	Ku²++	1993
T	kusuriyu	-	-	-	-	-	-	-	y	Kusuriyubi no Kyoukasho	1996
T	kyankyan	-	-	-	-	-	-	-	y	Kyan Kyan Collection - Daifugouhen	1989
T	kyofmt1	-	-	-	-	-	-	-	-	Kyouiku & FM Towns	1990
T	kyofmt2	-	-	-	-	-	-	-	-	Kyouiku & FM Towns Vol. 2	1991
T	kyofmt3	-	-	-	-	-	-	-	-	Kyouiku & FM Towns Vol. 3	1992
T	kyokoiji	-	-	-	mouse	-	-	-	y	Kyouko no Ijiwaru!! Hachamecha Daishingeki	1994
T	kyosekai	-	-	-	mouse	-	-	-	-	Dennou Ehon - Kyouryuu no Sekai	1990
T	kyrand2	-	-	-	mouse	-	-	-	y	Kyrandia II - The Hand of Fate	1995
T	kyrandia	-	-	-	mouse	-	-	y	-	The Legend of Kyrandia	1993
T	landlore	-	-	-	mouse	-	-	-	y	Lands of Lore - The Throne of Chaos	1995
T	lastarmg	-	-	-	-	-	-	-	y	Last Armageddon CD Special (Selon reprint)	1989
T	lastarmgo	-	-	-	-	-	-	-	y	Last Armageddon CD Special	1989
T	lastnude	-	-	-	mouse	-	-	-	y	Mayumi Yoshioka for Janis - Last Nude	1993
T	lastsurv	-	-	-	pad	-	-	-	-	Last Survivor	1990
T	ldawn2	4M	-	-	mouse	-	-	y	y	Lunatic Dawn II	1994
T	leadingc	-	-	-	mouse	-	-	-	y	Leading Company	1992
T	lemming2	-	-	-	mouse	-	-	-	y	Lemmings 2 - The Tribes	1994
T	lemmings	-	-	-	mouse	-	-	-	-	Lemmings	1992
T	lemoncc	-	-	-	mouse	-	-	-	y	Lemon Cocktail Collection	1993
T	lesserm	-	-	-	-	-	-	-	y	Lesser Mern	1992
T	lettuce	-	-	-	-	-	-	-	-	Lettuce Cooking - 365-nichi, Kyou no Ippin	1989
T	lettuce2	-	-	-	-	-	-	y	-	Lettuce Cooking - Tanoshiku Tsukureru Obentou	1990
T	libbler	-	-	-	-	-	-	-	-	Libble Rabble	1994
T	libido7	-	-	-	mouse	-	-	-	y	Libido7	1994
T	lifendt2	-	-	-	mouse	-	-	-	y	Life & Death II - The Brain	1992
T	lifendth	-	-	-	mouse	-	-	-	y	Life & Death	1992
T	links386	4M	-	-	-	-	-	-	-	Golf Links 386 Pro	1995
T	links386cc1	-	-	-	-	-	-	-	-	Golf Links 386 Pro Champion Course Vol. 1 - Mauna Kea Beach Golf Course	1995
T	links386cc2	-	-	-	-	-	-	-	-	Golf Links 386 Pro Champion Course Vol. 2 - Firestone Country Club South Course	1995
T	links386cc3	-	-	-	-	-	-	-	-	Golf Links 386 Pro Champion Course Vol. 3 - Banff Springs	1995
T	links386cc4	-	-	-	-	-	-	-	-	Golf Links 386 Pro Champion Course Vol. 4 - Innisbrook Copperhead Course	1995
T	linuxje	-	-	-	-	-	-	-	-	Nihongo Linux + JE	1993
T	linuxje3	-	-	-	-	-	-	-	-	Nihongo Linux + JE3	1994
T	linuxje4	-	-	-	-	-	-	-	-	Linux + JE4 1995/12	1995
T	lipsadv3	-	-	-	mouse	-	-	-	y	Lip 3 - Lipstick Adventure 3	1993
T	liveanim11	4M	-	-	-	-	-	-	-	LiveAnimation V1.1 L10	1992
T	livemov11	4M	-	-	-	-	-	-	-	LiveMovie V1.1 L10	1992
T	lodoss	-	-	-	mouse	-	-	y	-	Record of Lodoss War - Haiiro no Majo	1994
T	lodoss2	-	-	-	mouse	-	-	y	-	Record of Lodoss War II - Goshiki no Maryuu	1994
T	logowrt2	-	-	-	-	-	-	-	-	Logo Writer 2	1991
T	loom	-	-	-	mouse	-	-	-	y	Loom	1991
T	loop	-	-	-	-	-	-	-	-	:LOOP - Izanai no Kaikiten	1995
T	lordmon	-	-	-	mouse	-	-	-	y	Lord Monarch	1991
T	lotr1	-	-	-	-	-	-	-	-	Lord of the Rings, Vol. I	1992
T	lotr2	-	-	-	-	-	-	-	-	J. R. R. Tolkien's The Lord of the Rings, Vol. II - The Two Towers	1993
T	lua	-	-	-	pad	-	-	-	y	Lua	1993
T	lupin3	-	-	-	-	-	-	-	-	Lupin Sansei - Hong Kong no Mashu - Fukushuu wa Meikyuu no Hate ni	1990
T	lvalour	-	-	-	mouse	-	-	-	y	Legends of Valour - Gouyuu no Densetsu	1994
T	lvalourd	-	-	-	-	-	-	-	-	Legends of Valour - Gouyuu no Densetsu - Demonstration	1994
T	madogakr	-	-	-	mouse	-	-	-	y	Madou Gakuin R	1994
T	madstalk	-	-	-	pad	-	-	-	-	Mad Stalker - FullMetalForce	1994
T	mahoudai	4M	gs	-	-	-	-	-	y	Mahou Daisakusen	1995
T	manadoko2	-	-	mouse	-	-	-	-	y	Manami no Doko made Iku no? 2 - Return of the Kuro Pack	1995
T	manami	-	-	-	mouse	-	-	y	-	Manami - Ai to Koukan no Hibi	1995
T	mandalai	-	-	-	mouse	-	-	-	y	Mandala-ke Ichizoku	1995
T	manhole	-	-	-	mouse	-	-	-	-	The Manhole (HMB-181A)	1990
T	manholeo	-	-	-	mouse	-	-	-	-	The Manhole (HMB-181)	1990
T	manycol	-	-	-	mouse	-	-	-	-	Many Colors (HMD-225A)	1993
T	manycol2	-	-	-	mouse	-	-	-	-	Many Colors II	1995
T	manycolo	-	-	-	mouse	-	-	-	-	Many Colors (HMD-225)	1993
T	manyoshu	-	-	-	mouse	-	-	-	-	Man'youshuu	1993
T	marble	-	-	mouse	-	-	-	-	-	Marble Madness	1991
T	marineph	-	-	-	-	-	-	-	-	Marine Philt	1993
T	marionetm	-	-	-	pad	-	-	-	y	Marionette Mind	1994
T	maririndx	-	-	-	mouse	-	-	-	-	Super Ultra Mucchin Puripuri Cyborg Maririn DX	1994
T	martych	-	-	-	-	-	-	-	-	Taiken Shiyou! Marty Channel	1993
T	martych2	-	-	-	-	-	-	-	-	Taiken Shiyou! Marty Channel II	1993
T	martydemo	-	orig	-	-	-	-	-	-	FM Towns Marty Tentou Auto Demo '93 Natsu	1993
T	marueic1	-	-	-	-	-	-	-	y	Maruanki Eitango - Chuugaku 1-nensei	1989
T	marueic2	-	-	-	-	-	-	-	y	Maruanki Eitango - Chuugaku 2-nensei	1989
T	marueic3	-	-	-	-	-	-	-	y	Maruanki Eitango - Chuugaku 3-nensei	1990
T	mastercd	-	-	-	-	-	-	-	-	Master CD - Install Model-you	1994
T	mastercd2	-	-	-	-	-	-	-	-	Master CD - Fresh Series-you	1994
T	mastercdi	-	-	-	-	-	-	-	-	Master CD - Fresh Series-you (Ichitarou Model)	1995
T	mastercdv	-	-	-	-	-	-	-	-	Master CD - FMV-Towns Series	1994
T	masuo	6M	-	-	-	-	-	-	-	Fouge Vol. 2 - Masuo per Masuo - Ikeda Masuo Hanga-shuu (1995-03-31)	1995
T	masuoo	6M	-	-	-	-	-	-	-	Fouge Vol. 2 - Masuo per Masuo - Ikeda Masuo Hanga-shuu (1994-07-08)	1994
T	mbomber	-	-	capcom	capcom	-	-	-	-	Muscle Bomber - The Body Explosion	1993
T	mbomberd	-	-	capcom	capcom	-	-	-	-	Muscle Bomber - The Body Explosion (demo)	1993
T	mclubdx	-	-	mouse	-	-	-	-	y	Murder Club DX	1992
T	mcosm	-	-	-	-	-	-	-	-	Microcosm (HMD-215A)	1993
T	mcosmo	-	-	-	-	-	-	-	-	Microcosm (HMD-215)	1993
T	medicco	-	-	-	-	-	-	-	y	Medicco to Asobou - Kazu-Katachi-Ryou	1994
T	megalo	-	-	-	mouse	-	-	-	-	Mega Lo Mania	1993
T	megastor	-	-	-	-	-	-	-	-	Disk Megastore Volume 1	1994
T	meikyoku	-	-	-	mouse	-	-	-	-	Meikyoku Master (FM Towns Marty version)	1993
T	meisotos	-	-	-	mouse	-	-	-	y	Meisou Toshi	1995
T	menzober	4M	-	-	-	-	-	-	-	Menzoberranzan - Yami no Monshou	1996
T	merrygor	-	-	-	-	-	-	-	y	The 4th Unit 6 - Merry-Go-Round	1990
T	metalbld	-	-	-	-	-	-	-	-	Metal Blade	1991
T	metaley2	-	-	-	mouse	-	-	-	y	Metal Eye 2	1994
T	metaleye	-	-	-	mouse	-	-	-	y	Metal Eye	1993
T	metaleyesp	-	-	-	-	-	2	-	-	Metal Eye Special Disk	1993
T	mflcan2	-	-	-	mouse	-	-	-	y	My Fair Lady CAN II. Elementary	1990
T	mflcan3	-	-	-	mouse	-	-	-	y	My Fair Lady CAN III. Intermediate	1990
T	mflcan4	-	-	-	mouse	-	-	-	y	My Fair Lady CAN IV. Advanced	1990
T	mightmg3	-	-	-	mouse	-	-	-	y	Might and Magic III - Isles of Terra	1992
T	mightmg4	-	-	-	mouse	-	-	-	y	Might and Magic - Clouds of Xeen	1993
T	mightmg5	4M	gs	-	mouse	-	-	y	-	Might and Magic - Darkside of Xeen	1994
T	mightmgw	4M	-	-	-	-	-	-	-	Might and Magic - World of Xeen	1994
T	mirage	-	-	-	mouse	-	-	-	y	Mirage	1992
T	mirage2	-	-	-	mouse	-	-	-	y	Mirage 2 - Torry, Neat & Roan Fairladies in MagicLand	1994
T	mirrors	-	-	none	mouse	-	-	-	y	Mirrors	1992
T	misato	-	-	-	pad	-	-	-	y	Misato-chan no Yume Nikki	1997
T	mister	-	-	-	-	-	-	-	-	Mister - Meitantei Toujou	2014
T	misty	-	-	-	-	-	-	-	-	Misty - Meitantei Toujou	1989
T	misty2	-	-	-	-	-	-	-	-	Misty 2	1989
T	mjdepon	-	-	-	mouse	-	-	-	y	Mahjong de Pon!	1994
T	mjelegan	-	-	-	-	-	2	-	-	Mahjong Elegance	1994
T	mjfant2	-	-	-	mouse	-	-	-	y	Mahjong Gensoukyoku II - Mahjong Fantasia	1993
T	mjfant3	-	-	-	mouse	-	-	-	y	Mahjong Gensoukyoku III - Mahjong Fantasia the 3rd Stage	1995
T	mjfantt	-	-	-	mouse	-	-	-	-	Mahjong Gensoukyoku / Mahjong Fantasia Taikenban	1992
T	mjhtry	-	-	-	-	-	-	-	y	Mahjong Hou Tei Rao Yui	1995
T	mjmusashi	-	-	-	-	-	-	-	y	Mahjong Musashi	1989
T	mjripple	-	-	-	mouse	-	-	-	y	Mahjong Bishoujoden Ripple	1995
T	mlenergy	-	-	-	mouse	-	-	-	y	Moonlight Energy	1992
T	mmorph	-	-	-	-	-	-	-	-	Megamorph	1994
T	mmorphd	-	-	-	-	-	-	-	-	Megamorph (demo)	1994
T	mode7	-	-	-	-	-	-	-	-	Mode 7 Demo	2008
T	moko	-	-	-	-	-	-	-	-	Moko - Dougen Zenji 750-kai Daionki Kinen	1995
T	monkey	-	-	-	mouse	-	-	-	y	The Secret of Monkey Island	1992
T	monkey2	-	-	-	mouse	-	-	-	y	Monkey Island 2 - LeChuck's Revenge	1994
T	moonchan	-	-	-	mouse	-	-	-	y	Moonlight-chan Rinshan	1993
T	morininki	-	-	-	-	-	-	-	-	Mirumiru Sagasu Konchuu Series Vol. 2 - Mori no Ninkimono - Jueki ni Atsumaru Mushi-tachi	1993
T	moritas2	-	-	-	mouse	-	-	-	y	Morita Shougi II	1989
T	mparadox	-	-	-	-	-	-	-	y	Mad Paradox	1994
T	mplanet	-	-	-	mouse	-	-	-	y	Monster Planet 2255	1990
T	msdet1	-	orig	-	mouse	marty	-	y	y	Ms. Detective File #1 - Iwami Ginzan Satsujin Jiken	1992
T	msdet1m	-	orig	-	mouse	marty	-	y	y	Ms. Detective File #1 - Iwami Ginzan Satsujin Jiken (FM Towns Marty version)	1992
T	msdet2	-	-	-	mouse	-	-	y	-	Ms. Detective File #2 - Sugata-naki Irainin	1993
T	msdos31l24	-	-	-	-	-	-	-	-	Nihongo MS-DOS V3.1 L24	1993
T	msdos31l36	-	-	-	-	-	-	-	-	Nihongo MS-DOS V3.1 L36 (Kihon Kinou)	1992
T	msdos31l36p	-	-	-	-	-	-	-	-	Nihongo MS-DOS V3.1 L36+	1993
T	msdos50	-	-	-	-	-	-	-	-	Nihongo MS-DOS V5.0 L10 (Kihon Kinou)	1992
T	msdos50l22ap2	-	-	-	-	-	-	-	-	Nihongo MS-DOS V5.0 L22 A+2	1994
T	msdos62	-	-	-	-	-	-	-	-	Nihongo MS-DOS V6.2 L10 (Kihon Kinou)	1994
T	msdos62p3	-	-	-	-	-	-	-	-	Nihongo MS-DOS V6.2 L10 +3 (Kihon Kinou)	1994
T	msjong	-	-	-	mouse	-	-	-	-	Mah-Saiko-Jong	1992
T	mspectre	-	-	-	-	-	-	-	y	Megaspectre	1993
T	mugenhoy	-	-	-	-	-	-	-	-	Mugen Houyou	1995
T	mujintou	4M	-	-	mouse	-	-	-	y	Mujintou Monogatari	1995
T	mumgoose	-	-	-	mouse	-	-	-	-	Mixed-Up Mother Goose	1991
T	musicmac	-	-	-	mouse	-	-	-	y	Ed Bogas' Music Machine (HME-144A)	1993
T	musicmaclt	-	-	-	-	-	-	-	-	Mr. Ed Bogas' Music Machine Lite (HMD-914A)	1993
T	musicmaclto	-	-	-	-	-	-	-	-	Mr. Ed Bogas' Music Machine Lite (HMD-914)	1993
T	musicmaco	-	-	-	mouse	-	-	-	y	Ed Bogas' Music Machine (HME-144)	1993
T	musicpro	-	-	-	-	-	-	-	-	Music Pro-Towns v1.0 (1990-05-23)	1989
T	musicpro13	-	-	-	-	-	-	-	-	Music Pro-Towns v1.3 (Naizou Ongenban)	1995
T	musicpro13m	-	-	-	-	-	-	-	-	Music Pro-Towns v1.3 (MIDI Ongenban)	1995
T	musicproo	-	-	-	-	-	-	-	-	Music Pro-Towns v1.0 (1989-08-28)	1989
T	mustowns	-	-	-	mouse	-	-	-	y	Musium Towns	1993
T	myeyes	-	-	-	mouse	-	-	-	y	My Eyes!	1992
T	nadia	-	-	-	mouse	-	-	-	y	Fushigi no Umi no Nadia - The Secret of Blue Water	1993
T	nandemo1	-	-	-	-	-	-	-	-	Oto to E no Deru Eigo Jisho No. 3 - Nandemo Illust Eigo Jiten	1990
T	nandemo2	-	-	-	-	-	-	-	-	Oto to E no Deru Eigo Jisho No. 4 - Nandemo Illust Eigo Jiten Part 2	1990
T	narumj	-	-	-	mouse	-	-	-	y	Naru Mahjong	1995
T	ncrown1	-	-	-	mouse	-	-	-	-	Hyper Eigo Gakushuu System - New Crown English Series 1	1993
T	ncrown2	-	-	-	mouse	-	-	-	-	Hyper Eigo Gakushuu System - New Crown English Series 2	1993
T	necronom	-	-	-	mouse	-	-	-	y	Necronomicon	1994
T	nemuyoru	-	-	-	mouse	-	-	-	-	Nemurenu Yoru no Chiisana Ohanashi	1993
T	nevrland	-	-	-	mouse	-	-	-	y	Never Land	1996
T	nhkeigo1	-	-	-	-	-	-	-	-	NHK Eigo de Asobo Vol. 1 - Daitanken! Hotel Galaxy	1993
T	nhkeigo2	-	-	-	-	-	-	-	-	NHK Eigo de Asobo Vol. 2 - Bernard no Daibouken	1993
T	nhkeigo3	-	-	-	-	-	-	-	-	NHK Eigo de Asobo Vol. 3 - Bernard no Amusement Park	1994
T	nhkeikai	-	-	-	-	-	-	-	-	NHK Jissen Eikaiwa (HMC-120A)	1991
T	nhkeikaim	-	-	-	-	-	-	-	-	NHK Jissen Eikaiwa (FM Towns Marty version)	1993
T	nhkeikaio	-	-	-	-	-	-	-	-	NHK Jissen Eikaiwa (HMC-120)	1991
T	nhkhitori	-	-	-	-	-	-	-	-	NHK Hitori de Dekiru Mon!	1995
T	nhkzkei1	-	-	-	-	-	-	-	-	NHK Zoku Kiso Eigo - Dai-1-kan	1991
T	nhkzkei2	-	-	-	-	-	-	-	-	NHK Zoku Kiso Eigo - Dai-2-kan	1991
T	nhkzkei3	-	-	-	-	-	-	-	-	NHK Zoku Kiso Eigo - Dai-3-kan	1991
T	nhorz2e1	-	-	-	mouse	-	-	-	-	CD Learning System II - New Horizon English Course 1	1993
T	nhorz2e1m	-	-	-	mouse	-	-	-	-	CD Learning System II - New Horizon English Course 1 (FM Towns Marty version)	1993
T	nhorz2e2	-	-	-	mouse	-	-	-	-	CD Learning System II - New Horizon English Course 2	1993
T	nhorz2e3	-	-	-	-	-	-	-	-	CD Learning System II - New Horizon English Course 3	1993
T	nhorz2e3m	-	-	-	-	-	-	-	-	CD Learning System II - New Horizon English Course 3 (FM Towns Marty version)	1993
T	nihonch	-	-	-	-	-	-	-	-	Nihon no Chou	1991
T	nihongo1	-	-	-	-	-	-	-	-	Nihongo Nyuumon Dai-1-kan - Fundamental Japanese	1991
T	nihonmb1	-	-	-	-	-	-	-	-	Towns Hyper Chiiku Ehon - Nihon Mukashibanashi Vol. 1 - Momotarou / Saru toka ni	1990
T	nihonmb2	-	-	-	-	-	-	-	-	Towns Hyper Chiiku Ehon - Nihon Mukashibanashi II - Omusubi Kororin / Usagi to Kame	1991
T	nihonmb3	-	-	-	-	-	-	-	-	Towns Hyper Chiiku Ehon - Nihon Mukashibanashi Vol. 3 - Issunboushi / Kobutori Jiisan	1993
T	nihonmb4	-	-	-	-	-	-	-	-	Towns Hyper Chiiku Ehon - Nihon Mukashibanashi Vol. 4 - Tsuru no Ongaeshi / Kachi Kachi Yama	1993
T	nihonmb5	-	-	-	-	-	-	-	-	Towns Hyper Chiiku Ehon - Nihon Mukashibanashi Vol. 5 - Kintarou / Hanasaka Jiisan	1994
T	nihonris	-	-	-	-	-	-	-	-	Nihon no Rekishi - Ishin-hen - Kurofune Raikou	1990
T	nihonrisa	-	-	-	-	-	-	-	-	Nihon no Rekishi - Ishin-hen - Kurofune Raikou (alt)	1990
T	nihonrki	-	-	-	-	-	-	-	-	Nihon no Rekishi - Kizoku-hen - Ouchou Bungaku	1990
T	nihonrko	-	-	-	-	-	-	-	-	Nihon no Rekishi - Kodai-hen - Nihon Tanjou	1990
T	nihonrse	-	-	-	-	-	-	-	-	Nihon no Rekishi - Sengoku-hen - Oda Nobunaga (HMB-124B)	1990
T	nihonrseo	-	-	-	-	-	-	-	-	Nihon no Rekishi - Sengoku-hen - Oda Nobunaga (HMB-124)	1990
T	nihonshi1	-	-	-	-	-	-	y	-	Game Nihonshi - Kakumeiji Oda Nobunaga	1996
T	nihonshi2	-	-	-	-	-	-	-	-	Game Nihonshi - Tenkabito Hideyoshi to Ieyasu	1996
T	nihonya	-	-	-	-	-	-	-	-	Nihon no Yachou	1990
T	nihonyam	-	-	-	-	-	-	-	-	Nihon no Yachou (FM Towns Marty version)	1993
T	nijiiro	-	-	-	mouse	-	-	-	-	Nijiiro Denshoku Musume	1994
T	niko2	-	-	-	-	-	-	-	-	Niko²	1991
T	ningytsu	-	-	-	-	-	-	-	y	Ningyou Tsukai	1993
T	nkomaki	-	-	-	mouse	-	-	-	y	Naomi Komaki for Janis	1994
T	nobubufu	-	-	-	mouse	-	-	y	-	Nobunaga no Yabou - Bushou Fuuunroku	1991
T	nobuhao	-	-	-	mouse	-	-	y	-	Nobunaga no Yabou - Haouden	1993
T	nobuseng	-	-	-	mouse	-	-	y	-	Nobunaga no Yabou - Sengoku Gun'yuuden	1989
T	nobutens	-	-	-	mouse	-	-	y	-	Nobunaga no Yabou - Tenshouki	1995
T	nonomura	-	-	-	mouse	-	-	-	-	Nonomura Byouin no Hitobito	1994
T	noobow	-	-	-	-	-	-	-	-	Oshiete Noobow	1994
T	nost1907	-	-	-	mouse	-	-	-	y	Nostalgia 1907 - In North Atlantic Sea	1992
T	nova	-	-	-	mouse	-	-	-	y	Nova - Miirareta Shitai	1993
T	noyama	-	-	-	mouse	-	-	-	-	Mirumiru Sagasu Konchuu Series Vol. 4 - Noyama no Kenchikuka	1995
T	nsangel	-	-	-	mouse	-	-	y	-	Noushuku Angel 120%	1995
T	nsouseki	-	-	-	-	-	-	-	-	Iwanami Bungakukan - Natsume Souseki	1994
T	ntenki	-	-	-	-	-	-	-	-	Nihon no Tenki	1992
T	ntotal2	-	-	-	mouse	-	-	-	-	Hyper Eigo Gakushuu System - New Total English 2	1993
T	oasyswin	-	-	-	-	-	-	-	-	OASYS/Win v2.0	1994
T	obaachan	-	-	-	mouse	-	-	-	-	Obaachan no Chiebukuro	1991
T	ohpai	-	-	-	mouse	-	2	-	-	Oh! Pai	1993
T	okitgear	-	-	-	mouse	-	-	-	-	Okiraku TownsGEAR	1994
T	okuhoso	-	-	-	mouse	-	-	-	-	Hyper Oku no Hosomichi	1991
T	okuman2	-	-	-	mouse	-	-	-	y	Okumanchouja II	1991
T	ongaku56	-	-	-	-	-	-	-	-	FM Towns Shougaku Ongaku (5-6-nensei-you)	1991
T	ongakyou	-	-	-	mouse	-	-	-	-	Musirou - Ongaku Kyoushitsu Ver. 2.0	1994
T	onlyyou	-	-	-	-	-	-	-	-	Only You - Seikimatsu no Juliet-tachi	1996
T	opwolf	-	-	-	mouse	-	-	-	-	Operation Wolf	1990
T	oshaclub	-	-	-	mouse	-	-	-	y	Oshare Club	1991
T	oshacoo2	-	-	-	-	-	-	-	-	Oshare Cooking II	1990
T	oshacook	-	-	-	-	-	-	-	-	Oshare Cooking	1989
T	ougonras	-	-	mouse	-	-	-	-	y	Toudou Ryuunosuke Tantei Nikki - Ougon no Rashinban - Shouyoumaru San Francisco Kouro Satsujin Jiken	1991
T	p_aburner_again	-	-	-	-	-	-	-	-	After Burner II ('Again' Mod)	1989
T	p_aitd_ys	-	gs	-	-	-	-	-	y	Alone in the Dark (CaptainYS CD Boot Loader Patch)	1993
T	p_alltynex_cd	-	-	-	-	-	-	-	-	Alltynex (Doujin) (CD-ROM Conversion) (T-En v1.1)	1996
T	p_arcfront_cd	4M	-	-	-	-	-	-	-	Arc Frontier (Doujin) (CD-ROM Conversion)	1993
T	p_asuka120_cd	-	-	-	-	-	-	-	y	Asuka 120% Burning Fest. (CD-ROM Conversion)	1994
T	p_cameltry_cd	-	-	-	mouse	-	-	-	-	Cameltry (CD-ROM Conversion)	1994
T	p_cameltry_cd31k	-	-	-	mouse	-	-	-	-	Cameltry (CD-ROM Conversion) (31kHz Video Locked)	1994
T	p_cameltry_fd31k	-	-	-	mouse	-	-	-	-	Cameltry (31KHz Video Locked)	1994
T	p_chasehq_ys	-	orig	pad	stick	-	-	-	-	Taito Chase H.Q. (CaptainYS CD Boot Loader Patch)	1991
T	p_columns_cd	4M	-	-	-	-	-	-	-	Columns (CD-ROM Conversion)	1990
T	p_doom_cd	8M	gs	-	-	-	-	-	-	Doom (CD-ROM Conversion)	2025
T	p_dragontwr_cd	4M	-	-	-	-	-	-	-	The Secret of Dragon Tower (Doujin) (CD-ROM Conversion)	1997
T	p_emit1_en	-	-	-	-	-	-	y	-	EMIT Vol. 1 - Lost in Time (T-En v0.9)	1994
T	p_emit2_en	-	-	-	-	-	-	y	-	EMIT Vol. 2 - A Life-and-Death Trip (T-En v0.9)	1994
T	p_emit3_en	-	-	-	-	-	-	y	-	EMIT Vol. 3 - Bid Myself Farewell (T-En v0.9)	1994
T	p_exceed_cd	4M	orig	-	-	-	-	-	-	Exceed (Doujin) (CD-ROM Conversion)	1994
T	p_genocsq_marty	-	-	-	-	-	-	-	-	Genocide Squared (Marty Fix)	1993
T	p_gorbypip_cd	4M	-	-	-	-	-	-	-	Gorby no Pipeline Daisakusen (CD-ROM Conversion)	1991
T	p_heboris_cd	4M	-	-	-	-	-	-	-	Heboris (Doujin) (CD Conversion)	1999
T	p_ironfist_cd	4M	-	-	-	-	-	-	-	Iron Fist (Doujin) (CD-ROM Conversion with Generic TownsOS CDDA)	1994
T	p_ktiger_coldboot	-	-	-	-	-	-	-	-	Twin Cobra (Kyukyoku Tiger) (Cold Boot Fix)	1994
T	p_ktiger_ys	-	-	-	-	-	-	-	-	Kyuukyoku Tiger (CaptainYS CD Boot Loader Patch)	1994
T	p_kurunku_cd	4M	-	-	-	-	-	-	-	KurunkuRoopa (Doujin) (CD-ROM Conversion)	2023
T	p_lemming2_en	-	-	-	mouse	-	-	-	y	Lemmings 2 - The Tribes (T-En v1.0)	1994
T	p_mparadox_en	-	-	-	-	-	-	-	y	Mad Paradox (T-En v1.0)	1994
T	p_ningytsu_en	-	-	-	-	-	-	-	y	Puppet Master (T-En v1.1)	1993
T	p_panicbl2_cd	4M	-	-	-	-	-	-	y	Panic Ball 2 (CD-ROM Conversion)	-
T	p_planatkr_cd	4M	-	-	-	-	-	-	-	Planet Attacker (CD-ROM Conversion)	-
T	p_pulirula_ram	4M	-	-	-	marty	-	-	-	Pu-Li-Ru-La (Marty Expanded RAM Version)	1994
T	p_pulirula_ramuc	4M	-	-	-	marty	-	-	-	Pu-Li-Ru-La (Marty Expanded RAM Version + Unlimited Continues)	1994
T	p_pulirula_uc	-	-	-	-	-	-	-	-	Pu-Li-Ru-La (Unlimited Continues)	1994
T	p_pulirula_ysuc	-	-	-	-	-	-	-	-	Pu-Li-Ru-La (CaptainYS CD Boot Loader Patch + Unlimited Continues)	1994
T	p_puyopuyo_ys	-	-	-	-	-	-	-	-	Puyo Puyo (CaptainYS CD Boot Loader Patch)	1994
T	p_queencup_en	-	-	-	-	-	-	-	y	Gambler - Queen's Cup (T-En v1.0)	1994
T	p_rockrang_ys	-	-	-	mouse	-	-	-	-	Rocket Ranger (CaptainYS CD Boot Loader Patch)	1990
T	p_rumstorm_cd	6M	gs	-	-	-	-	-	-	Rumstorm (Doujin) (CD-ROM Conversion)	2000
T	p_rumuder_cd	6M	-	-	-	-	-	-	-	Rumuder (Doujin) (CD-ROM Conversion)	1997
T	p_skyduel_cd	6M	gs	-	-	-	-	-	-	Sky Duel (Doujin) (CD-ROM Conversion)	-
T	p_swordedg_cd	4M	-	-	-	-	-	-	-	Sword Edge (Doujin) (CD-ROM Conversion)	-
T	p_syojin_cd	6M	-	-	-	-	-	-	-	Syojin Saga (Doujin) (CD-ROM Conversion)	1995
T	p_tango_cd	4M	-	-	-	-	-	-	-	Tango (Doujin) (CD-ROM Conversion)	1994
T	p_tnzs_31k	-	-	-	-	-	-	-	-	The New Zealand Story (31kHz Video Locked)	1989
T	p_tnzs_31kuc	-	-	-	-	-	-	-	-	The New Zealand Story (31kHz Video Locked + Unlimited Continues)	1989
T	p_tnzs_uc	-	-	-	-	-	-	-	-	The New Zealand Story (Unlimited Continues)	1989
T	p_viewpoin_ys	-	-	-	-	-	-	-	-	Viewpoint (CaptainYS CD Boot Loader Patch)	1993
T	p_volpheed_cd	4M	-	-	-	-	-	-	-	Volpheed (Doujin) (CD-ROM Conversion)	1994
T	p_wingcomm_auto	6M	-	-	mouse	-	-	-	y	Wing Commander (Auto-Boot)	1992
T	p_wolf3d_cd2m	4M	-	-	-	-	-	-	-	Wolfenstein 3D (CD-ROM Conversion) (2MB RAM Version)	2024
T	p_wolf3d_cd4m	4M	-	-	-	-	-	-	-	Wolfenstein 3D (CD-ROM Conversion) (4MB RAM Version)	2024
T	p_worldfant_cd	4M	-	-	-	-	-	-	-	World Fantasy (Doujin) (CD-ROM Conversion)	1994
T	p_ysboot_cd	-	-	-	-	-	-	-	-	CaptainYS CD Boot Loader	2024
T	p_ysboot_fd	-	-	-	-	-	-	-	-	CaptainYS Floppy Boot Loader	2024
T	p_ysboot_fdscsi	-	-	-	-	-	-	-	-	CaptainYS Floppy Boot Loader (Auto-Boot External SCSI CD-ROM)	2024
T	p_yuuwaku_en	-	-	-	mouse	-	-	y	-	Temptation (T-En v1.0)	1996
T	pack13k	-	-	-	-	-	-	-	-	Pack 13000 Free Soft & Shareware	1996
T	paipai	-	-	-	mouse	-	-	-	y	Moeru Asoko no Paipai Yuugi - Fukkatsu! Mahjong Oukoku	1993
T	palamed	-	-	-	pad	-	-	-	-	Palamedes	1991
T	panicbl2	-	-	-	-	-	2	-	y	Panic Ball II	-
T	panicbom	-	-	-	-	-	-	-	-	Bomberman - Panic Bomber	1995
T	parapara	8M	gs	-	-	-	-	-	-	Para Para Paradise	1997
T	paraparau	-	-	-	-	-	-	-	-	Para Para Paradise Update Disk	1997
T	pegasus	4M	-	-	mouse	-	-	-	-	Pegasus V1.1 L10C	1995
T	pegasusa	4M	-	-	mouse	-	-	-	-	Pegasus V1.1 L10A	1995
T	pharmony	-	-	-	mouse	-	-	y	-	Planet Harmony	1993
T	phobos	-	-	-	mouse	-	-	-	y	Phobos	1995
T	planatkr	-	-	-	-	-	-	-	-	Planet Attacker	-
T	planedge	-	-	-	mouse	-	-	-	y	Planet's Edge	1993
T	playroom	-	-	-	mouse	-	-	-	-	The Playroom	1995
T	pleasure	-	-	-	mouse	-	-	-	-	Yuka Watanabe & Tomo Kawai - Pleasure	1994
T	pmjgoku	-	-	-	-	-	-	-	y	Professional Mahjong Goku	1989
T	pmonger	-	-	-	mouse	-	-	y	-	Powermonger	1992
T	pocky	-	-	-	mouse	-	-	-	y	Pocky 1-2 + Ponyon	1994
T	ponkan	-	-	-	mouse	-	-	-	y	Ponkan	1994
T	ponyon	-	-	-	-	-	2	-	-	Ponyon	1992
T	populous	-	-	-	mouse	-	-	-	y	Populous & The Promised Lands	1990
T	populous2	-	-	-	mouse	-	-	-	y	Populous II - Trials of the Olympian Gods - Expert	1993
T	postman	-	-	-	-	-	-	-	-	CRI Postman	1990
T	powdoll	-	-	-	mouse	-	-	y	-	Power DoLLS	1994
T	powdoll2	-	-	-	mouse	-	-	-	y	Power DoLLS 2	1995
T	powdollsp	-	-	-	-	-	-	-	-	Power DoLLS S-Premium Disk	1994
T	ppersia	-	-	-	-	-	-	-	y	Prince of Persia	1992
T	ppersia2	-	-	-	-	-	-	-	y	Prince of Persia 2 - The Shadow and the Flame	1994
T	premium	-	-	-	mouse	-	-	-	-	Premium	1992
T	premium2	-	-	-	pad	-	-	-	-	Premium 2	1993
T	presence	-	-	-	pad	-	-	-	y	Presence	1992
T	present2	-	-	-	mouse	-	2	-	-	Present 2	1992
T	prindang	4M	-	-	mouse	-	-	-	y	Princess Danger	1996
T	prinmak2	-	-	-	mouse	-	-	-	y	Princess Maker 2	1994
T	prostudg	-	-	-	mouse	-	-	y	-	Pro Student G (ALS-0004)	1993
T	prostudgr	-	-	-	mouse	-	-	y	-	Pro Student G (ALS-0010)	1994
T	provvdnz	-	-	-	-	-	-	-	y	Provvidenza - Legenda la Spada di Alfa	1991
T	prvslave	-	-	-	mouse	-	-	y	-	Private Slave	1993
T	psydet1	-	-	-	mouse	-	-	y	y	Psychic Detective Series Vol. 1 - Invitation - Kage kara no Shoutaijou	1989
T	psydet1r	-	-	-	mouse	-	-	y	y	Psychic Detective Series Vol. 1 - Invitation (DCCS remake)	1993
T	psydet2	-	-	-	mouse	-	-	y	y	Psychic Detective Series Vol. 2 - Memories	1989
T	psydet2d	-	-	-	mouse	-	-	y	y	Psychic Detective Series Vol. 2 - Memories (demo)	1989
T	psydet2r	-	-	-	mouse	-	-	y	y	Psychic Detective Series Vol. 2 - Memories (DCCS remake)	1994
T	psydet3	4M	-	-	mouse	-	-	y	y	Psychic Detective Series Vol. 3 - Aya	1990
T	psydet3r	4M	-	-	mouse	-	-	y	y	Psychic Detective Series Vol. 3 - Aya (DCCS remake)	1994
T	psydet4	4M	-	-	mouse	-	-	y	-	Psychic Detective Series Vol. 4 - Orgel	1991
T	psydet4d	4M	-	-	mouse	-	-	y	-	Psychic Detective Series Vol. 4 - Orgel (demo)	1991
T	psydet4r	4M	-	-	mouse	-	-	y	-	Psychic Detective Series Vol. 4 - Orgel (DCCS remake)	1994
T	psydet5	4M	-	-	mouse	-	-	y	-	Psychic Detective Series Vol. 5 - Nightmare	1991
T	psydet5r	4M	-	-	mouse	-	-	y	-	Psychic Detective Series Vol. 5 - Nightmare (DCCS remake)	1995
T	psydetf1	-	-	-	mouse	-	-	y	-	Psychic Detective Series Final - Solitude Joukan	1992
T	psydetf2	-	-	-	mouse	-	-	y	-	Psychic Detective Series Final - Solitude Gekan	1993
T	psydetf2d	-	-	-	mouse	-	-	y	-	Psychic Detective Series Final - Solitude Gekan (demo)	1993
T	pulirula	-	-	-	-	-	-	-	-	Pu-Li-Ru-La	1994
T	puplove2	-	-	-	-	-	-	-	y	Tom Snyder's Puppy Love 2	1993
T	puyopuyo	-	-	-	-	-	-	-	-	Puyo Puyo	1994
T	puzznic	-	-	-	-	-	-	-	y	Puzznic	1990
T	pyokotan	-	-	-	-	-	-	-	-	Pyoko-tan no Chie Asobi Ehon - Nazo Nazo Meiro Daibouken	1991
T	q2rom	-	-	-	mouse	-	-	-	-	Q² ROM Magazine Soukan-gou	1993
T	quazzle	-	-	-	-	-	-	-	-	Quazzle	1994
T	queencup	-	-	-	-	-	-	-	y	Gambler - Queen's Cup	1994
T	quizban	-	-	-	mouse	-	-	-	-	Quiz Banchou	1992
T	racrally	-	gs	mouse	-	-	-	-	-	RAC Rally	1995
T	raiden	-	-	-	-	-	-	-	-	Raiden Densetsu / Raiden Trad	1991
T	raidy	-	-	-	mouse	-	-	-	y	Ikazuchi no Senshi Raidy	1994
T	raidy2	-	-	-	mouse	-	-	-	y	Ikazuchi no Senshi Raidy 2 (1996-08-01)	1996
T	raidy2o	-	-	-	mouse	-	-	-	y	Ikazuchi no Senshi Raidy 2 (1996-03-11)	1996
T	railtycn	-	-	-	mouse	-	-	y	-	Sid Meier's Railroad Tycoon	1993
T	rance	-	-	-	pad	-	-	-	-	Rance - Hikari o Motomete	1990
T	rance2	-	-	-	pad	-	-	-	-	Rance 2 - Hangyaku no Shoujo-tachi	1990
T	rance2hint	-	-	-	pad	-	2	-	-	Rance 2 Hint Disk	1990
T	rance3	-	-	-	-	-	-	-	y	Rance III - Leazas Kanraku	1992
T	rance4	-	-	-	mouse	-	-	y	-	Rance IV - Kyoudan no Isan	1994
T	rance41	-	-	-	-	-	-	-	-	Rance 4.1 - Okusuri Koujou o Sukue!	1995
T	rance42	-	-	-	-	-	-	-	-	Rance 4.2 - Angel-gumi	1995
T	rance4demo	-	-	-	-	-	-	-	-	Rance IV Demonstration Disk	1993
T	rance4opt	-	-	-	-	-	-	-	-	Rance IV Option Disk	1994
T	ravnloft	4M	gs	-	mouse	-	-	-	y	Ravenloft - Aku no Keshin	1995
T	rayxanbr	-	-	-	-	-	-	-	-	Rayxanber	1990
T	rbisland	-	-	-	-	-	-	-	-	Rainbow Islands - The Story of Bubble Bobble 2 - Extra Version	1992
T	regpowr2	-	-	none	mouse	-	-	-	y	Regional Power II	1992
T	reijou	4M	-	-	-	-	-	-	-	Reijou Monogatari	1995
T	reira	-	-	-	-	-	-	-	-	Reira	1994
T	rejectn	-	-	-	-	-	-	-	y	Rejection - Den-no Senshi	1992
T	retzork	6M	-	-	-	-	-	-	-	Return to Zork	1994
T	ringout	-	-	-	mouse	-	-	-	y	Ring Out!!	1995
T	rinkan	-	-	-	mouse	-	-	-	y	Rinkan Gakkou	1996
T	rks	-	-	-	-	-	-	-	-	Realtime Kaigi Simulator	-
T	rockrang	-	-	-	mouse	-	-	-	-	Rocket Ranger	1990
T	royalbld	-	-	-	mouse	-	-	y	-	Royal Blood	1992
T	rumstorm	-	gs	-	-	-	-	-	-	Rumstorm	2000
T	rumuder	-	-	-	-	-	-	-	-	Rumuder	1997
T	ryuutou	-	-	-	mouse	-	-	-	y	Ryuutouden	1994
T	sa2	-	-	-	-	-	-	-	-	S. A. 2	1994
T	sakumori	-	-	-	mouse	-	-	-	y	Sakura no Mori	1995
T	sangoku2	-	-	-	mouse	-	-	y	-	Sangokushi II	1990
T	sangoku3	-	-	-	mouse	-	-	y	-	Sangokushi III	1992
T	sangoku4	-	-	-	mouse	-	-	y	-	Sangokushi IV	1992
T	sargon5	-	gs	-	mouse	-	-	-	-	Sargon V - World Class Chess	1992
T	sayaka	-	-	-	mouse	-	-	-	y	Sayaka + Miho	1994
T	sayonara	-	-	-	mouse	-	-	-	y	Sayonara no Mukougawa	1997
T	scav4	-	-	-	-	-	-	-	-	Scavenger 4 (HME-217B)	1993
T	scav4a	-	-	-	-	-	-	-	-	Scavenger 4 (HME-217A)	1993
T	scav4d	-	-	-	-	-	-	-	-	Scavenger 4 (demo)	1993
T	scav4o	-	-	-	-	-	-	-	-	Scavenger 4 (HME-217)	1993
T	scholar	-	-	-	mouse	-	-	y	-	Scholar Movie Magazine Soukan-gou	1994
T	schwarz4	-	-	-	mouse	-	-	y	-	Schwarzschild IV - The Cradle End	1993
T	schwarzs	-	-	-	mouse	-	-	y	y	Schwarzschild	1991
T	scruisr2	-	-	-	-	-	-	y	-	Star Cruiser II - The Odysseus Project	1994
T	secre1	-	-	-	mouse	-	-	-	y	Secre Volume I - Naoko Iijima	1993
T	secre2	-	-	-	mouse	-	-	-	y	Secre Volume 2 - Mai Oikawa	1993
T	secre3	-	-	-	mouse	-	-	-	y	Secre Volume 3 - Fumie Hosokawa	1993
T	secre4	-	-	-	mouse	-	-	-	y	Secre Volume 4 - Hitomi Fujisaki	1993
T	secre5	-	-	-	mouse	-	-	-	y	Secre Volume 5 - Tina Gushiken	1993
T	secre6	-	-	-	mouse	-	-	-	y	Secre Volume 6 - Reiko Kato	1993
T	secre7	-	-	-	mouse	-	-	-	y	Secre Volume 7 - Reiko Chiba	1993
T	secredemo	-	-	-	-	-	-	-	-	Secre Demo Disk	1994
T	sekigaha	-	-	-	mouse	-	-	-	y	Sekigahara	1992
T	sekohan	-	-	-	-	-	-	-	-	Towns Hyper Ehon VII - Sekai no Ohanashi - Alice in Wonderland / Ali Baba and Forty Thieves	1992
T	sensangl	-	-	-	mouse	-	-	y	-	Sensual Angels	1994
T	setsuju	-	-	-	mouse	-	2	-	-	Setsujuu - Yuganda Kioku	1995
T	sgamers3	-	-	-	-	-	-	-	-	Sadistic Gamers Part-3 - Telephone Play	1992
T	sgamers5	-	-	-	-	-	-	-	-	Sadistic Gamers Part-5 - Burusera Play	1994
T	sgamerss1	-	-	-	-	-	-	-	-	Sadistic Gamers Syndrome - Episode I	1992
T	shamhat	-	orig	-	-	marty	-	y	-	Shamhat - The Holy Circlet	1993
T	shamhatm	-	orig	-	-	marty	-	y	-	Shamhat - The Holy Circlet (FM Towns Marty version)	1993
T	shanghai	-	-	-	mouse	-	-	-	y	Shanghai	1990
T	shangrl	-	-	-	-	-	2	-	-	Shangrlia	1992
T	shangrl2	-	-	-	mouse	-	-	-	y	Shangrlia 2	1993
T	shangrl2sp	-	-	-	-	-	2	-	-	Shangrlia 2 Special Disk	1993
T	sherlock	-	-	-	-	-	-	-	-	Sherlock Holmes - Consulting Detective	1991
T	sherlockd	-	-	-	-	-	-	-	-	Sherlock Holmes - Consulting Detective (demo)	1990
T	shinc	-	-	-	mouse	-	-	-	y	Shinc	1993
T	shinjuku	-	-	-	mouse	-	-	y	-	Shinjuku Labyrinth	1994
T	shkaki	-	-	-	mouse	-	-	-	-	Shiki o Irodoru - Nihon no Shouka - Aki	1991
T	shkfuyu	-	-	-	mouse	-	-	-	-	Shiki o Irodoru - Nihon no Shouka - Fuyu	1991
T	shkharu	-	-	-	mouse	-	-	-	-	Shiki o Irodoru - Nihon no Shouka - Haru	1991
T	shknatsu	-	-	-	mouse	-	-	-	-	Shiki o Irodoru - Nihon no Shouka - Natsu	1991
T	shogisei	-	-	-	-	-	-	-	-	Shougi Seiten	1992
T	shooting	-	-	-	mouse	-	-	-	-	Shooting Towns	1990
T	shounenm	6M	-	-	mouse	-	-	-	-	Shounen Magazine History	1992
T	silentmb	-	-	-	mouse	-	-	-	y	Silent Möbius	1991
T	silentsr	-	-	-	mouse	-	-	y	-	The Silent Service - Chinmoku no Kantai	1992
T	simant	-	-	-	mouse	-	-	-	y	SimAnt	1993
T	simcit2k	4M	gs	-	mouse	-	-	-	y	SimCity 2000	1994
T	simcity	-	-	-	mouse	-	-	-	y	SimCity (HMB-121A)	1992
T	simcityo	-	-	-	mouse	-	-	-	y	SimCity (HMB-121)	1990
T	simearth	-	-	-	mouse	-	-	-	-	SimEarth - The Living Planet	1991
T	simfarm	-	-	-	mouse	-	-	-	y	SimFarm	1994
T	simfarmd	-	-	-	mouse	-	-	-	y	SimFarm (demo)	1994
T	sodyssey	-	-	-	mouse	-	-	-	y	Super Odyssey & Dennou Planetarium	1989
T	softcon1	-	-	-	mouse	-	-	-	-	Software Contest Nyuusen Sakuhinshuu 1 (HMC-139B)	1992
T	softcon1a	-	-	-	mouse	-	-	-	-	Software Contest Nyuusen Sakuhinshuu 1 (HMC-139A)	1991
T	softcon1o	-	-	-	mouse	-	-	-	-	Software Contest Nyuusen Sakuhinshuu 1 (HMC-139)	1991
T	softcon2	-	-	-	mouse	-	-	-	y	Software Contest Nyuusen Sakuhinshuu 2	1993
T	softcon3	-	-	-	mouse	-	-	-	-	Software Contest Nyuusen Sakuhinshuu 3	1994
T	softhard	-	-	-	mouse	-	-	y	-	Soft de Hard na Monogatari	1989
T	softhard2	-	-	-	mouse	-	-	y	-	Soft de Hard na Monogatari 2	1989
T	sokobanp	-	-	-	mouse	-	-	-	y	Soko-ban Perfect	1990
T	solpuppy	-	-	-	-	-	-	-	-	Pi's Solitaire Royale + Tom Snyder's Puppy Love	1989
T	sorenanp	-	-	-	mouse	-	-	-	-	Soreyuke Nanpa-kun	1991
T	sotsu93	-	-	-	mouse	-	-	y	y	Sotsugyou '93 - Graduation (newer floppy disk)	1993
T	sotsu93o	-	-	-	mouse	-	-	y	y	Sotsugyou '93 - Graduation (older floppy disk)	1993
T	spacemus	-	-	-	mouse	-	-	-	y	Space Museum	1993
T	spdelic	-	-	-	mouse	-	-	-	-	Special & Delicious! Original CD-ROM	1995
T	speechtr	-	-	-	-	-	-	y	-	Speech Trainer V1.0 L10	1993
T	splatth	-	-	-	-	-	-	-	-	Splatterhouse	1992
T	srmp23	-	-	-	-	-	-	-	-	Super Real Mahjong PII & PIII	1992
T	srmp23p	-	-	-	-	-	-	-	-	Super Real Mahjong PII & PIII +	1993
T	srmp4	-	-	-	-	-	-	-	y	Super Real Mahjong PIV	1994
T	srogue	-	-	-	-	-	-	-	y	Space Rogue	1990
T	sroguend	-	-	-	-	-	-	-	y	Space Rogue (no disc check)	1990
T	ssf2	4M	-	capcom	capcom	-	-	-	y	Super Street Fighter II - The New Challengers	1994
T	ssf2d	4M	-	capcom	capcom	-	-	-	y	Super Street Fighter II - The New Challengers (sample disc)	1994
T	sshangh	-	-	-	mouse	-	-	-	y	Super Shanghai - Dragon's Eye	1991
T	sshootin	-	-	-	pad	-	-	-	-	Super Shooting Towns	1991
T	sslgalry	-	-	-	mouse	-	-	-	-	SSL Gallery Ver. 1	1995
T	sspirits	4M	gs	6btn	6btn	-	-	y	-	Samurai Spirits	1995
T	staccard	-	-	-	-	-	-	y	-	CRI StacCard	1991
T	startword	-	-	-	-	-	-	-	-	Oto to E no Deru Eigo Jisho No. 1 - Start with Words	1989
T	steepia	-	-	-	mouse	-	-	-	y	Steepia	1993
T	steepialt	-	-	-	mouse	-	-	-	y	Steepia Lite	1993
T	stress	-	-	-	-	-	-	-	-	Technostress Yobouhou Series - Stress	1989
T	strike	6M	-	-	-	-	-	-	-	Strike Commander	1994
T	strikpls	6M	-	-	-	-	-	y	-	Strike Commander Plus	1995
T	strongh	-	-	-	mouse	-	-	-	y	Stronghold - Koutei no Yousai	1994
T	suikoden	-	-	-	mouse	-	-	y	-	Suikoden - Tenmei no Chikai	1990
T	supdaisn	-	-	-	mouse	-	2	-	-	Super Daisenryaku	1990
T	supdaisn_cracked	-	-	-	mouse	-	2	-	-	Super Daisenryaku (cracked?)	1990
T	superdps	-	-	-	-	-	-	-	-	Super D.P.S.	1992
T	superdpsa	-	-	-	-	-	-	-	-	Super D.P.S. (alt. disk 5)	1992
T	suzaku	-	-	-	mouse	-	-	y	-	Suzaku	1992
T	sweetang	-	-	-	-	-	-	-	-	Sweet Angel	1992
T	swordedg	-	-	-	-	-	-	-	-	Sword Edge	-
T	swordedgme	-	-	-	-	-	-	-	-	Sword Edge - Map Editor	-
T	swordedgse	-	-	-	-	-	-	-	-	Sword Edge - Sprite Editor	-
T	sxhawaii	-	-	-	mouse	-	-	-	-	Sexy in the Hawaii - Nice Gal Hawaii-hen	1994
T	syndicat	-	-	-	mouse	-	-	-	-	Syndicate	1994
T	tactairw	-	-	-	mouse	-	-	-	-	Tactical Air Wing	-
T	taikencd	-	-	-	-	-	-	-	-	Taikenban CD	1993
T	taikoris	-	-	-	mouse	-	-	y	-	Taikou Risshiden	1992
T	takamiza	-	-	-	mouse	-	-	-	y	Takamizawa Kyousuke - Nekketsu!! Kyouiku Kenshuu	1995
T	tamacgmai	-	-	-	-	-	-	-	-	Tama CG-shuu - Mai	1994
T	tania	-	-	-	mouse	-	-	-	y	Tania	1996
T	tankcpdx	-	-	-	mouse	-	-	-	y	Tactical Tank Corps DX	1995
T	tatsuou	-	-	-	-	-	-	-	-	Tatsujin Ou	1993
T	tccgmus	-	-	-	-	-	-	-	-	Multimedia Communication Virtual Town - TC-Station - Computer Graphics & Music	1994
T	tcgaku	-	-	-	-	-	-	-	-	Multimedia Communication Virtual Town - TC-Station - Computer Gakushuu Program	1994
T	tcgame	-	-	-	-	-	-	-	-	Multimedia Communication Virtual Town - TC-Station - Game Collection	1994
T	tcphoto	-	-	-	-	-	-	-	-	Multimedia Communication Virtual Town - TC-Station - Photo Collection	1994
T	tctsuu	-	-	-	-	-	-	-	-	Multimedia Communication Virtual Town - TC-Station - Virtual Town Tsuushin Program	1994
T	tcwpro	-	-	-	-	-	-	-	-	Multimedia Communication Virtual Town - TC-Station - Marty WorPro & Marty Hyoukeisan	1994
T	tdf	-	-	-	mouse	-	-	-	y	TDF - Terrestrial Defense Force	1990
T	teata10	-	-	-	-	-	-	y	-	TEATA - Vision - Recording & Playback System V1.0	1993
T	teata11	-	-	-	-	-	-	y	-	TEATA - Vision - Recording & Playback System V1.1	1993
T	teata12	-	-	-	-	-	-	y	-	TEATA - Vision - Recording & Playback System V1.2	1993
T	teikets2	-	-	-	mouse	-	-	y	-	Teitoku no Ketsudan II	1994
T	teiketsu	-	-	-	mouse	-	-	y	-	Teitoku no Ketsudan	1990
T	teitotai	-	-	-	mouse	-	-	-	y	Teito Taisen	1989
T	telop	-	-	-	-	-	-	-	-	Towns-Telop	1989
T	tenderlt	-	-	-	mouse	-	-	-	-	TenderLight V1.1 L10	1994
T	tenkagom	-	-	-	mouse	-	-	y	-	Tenka Gomen	1994
T	tenranma	-	-	-	mouse	-	-	-	y	Tenshin Ranma	1992
T	tensen	-	-	-	mouse	-	-	-	y	Tensen Nyannyan	1994
T	tenshi6	-	-	-	mouse	-	-	-	-	Tenshi-tachi no Gogo VI - My Fair Teacher	1993
T	tenshiten	-	-	-	-	-	-	y	-	Tenshi-tachi no Gogo - Tenkousei	1995
T	teo10	8M	gs	-	mouse	-	-	-	y	Teo - Mou Hitotsu no Chikyuu - Version 1.0	1995
T	teo20	8M	gs	-	mouse	-	-	-	y	Teo - Mou Hitotsu no Chikyuu - Version 2.0	1996
T	terra	-	-	-	-	-	-	y	-	Terra Towns (HMA-110B)	1989
T	terra2	-	-	-	-	-	-	y	-	Terra Towns II	1993
T	terrao	-	-	-	-	-	-	y	-	Terra Towns (HMA-110)	1989
T	tfcolor	4M	-	-	-	-	-	-	-	TownsFullcolor V2.1 L10	1994
T	tgraph	4M	-	-	-	-	-	-	-	TownsGraph V2.1 L10	1994
T	themeprk	4M	gs	-	mouse	-	-	y	-	Theme Park	1995
T	think_cmi	-	-	-	-	-	-	-	-	Think Lead Gakushuu System - FM Towns CMI Program	1991
T	think_program	-	-	-	-	-	-	-	-	Think Lead Gakushuu System - FM Towns Theme-betsu Gakushuu Series - Jikkou Program Ver. 2	1991
T	think_sr5tane	-	-	-	-	-	-	-	-	Think Lead Gakushuu System - Shougaku Rika 5-nen - Tane no Hatsuga (1)	1991
T	think_sr6karada	-	-	-	-	-	-	-	-	Think Lead Gakushuu System - Shougaku Rika 6-nen - Karada no Tsukuri (1)	1991
T	tim	-	-	-	mouse	-	-	-	y	The Incredible Machine	1994
T	timestrp	-	-	-	mouse	-	-	-	y	Time Stripper Mako-chan	1996
T	titan	-	-	-	-	-	-	-	y	Titan	1989
T	tkaraoke	-	-	-	-	-	-	-	-	Towns Karaoke V1.1L10	1989
T	tnzs	-	-	-	-	-	-	-	-	The New Zealand Story (HMA-213A)	1989
T	tnzso	-	-	-	-	-	-	-	-	The New Zealand Story (HMA-213)	1989
T	togenkyo	-	-	-	mouse	-	-	-	y	Tougenkyou	1991
T	tokio	-	-	none	mouse	-	-	y	y	Tokio - Tokyo-to Dai-24-ku	1992
T	toshin2	-	-	-	mouse	-	-	-	y	Toushin Toshi II (1996-06-26)	1996
T	toshin2o	-	-	-	mouse	-	-	-	y	Toushin Toshi II (1995-04-26)	1995
T	toshin2s	-	-	-	-	-	-	-	-	Toushin Toshi II - Soshite, Sorekara...	1995
T	toshinto	-	-	-	-	-	-	-	-	Toushin Toshi (1990-12-10)	1991
T	toshintoo	-	-	-	-	-	-	-	-	Toushin Toshi (1990-12-07)	1991
T	touchhrt	-	-	-	mouse	-	-	-	y	Touch My Heart	1995
T	touchmus	-	-	-	-	-	-	-	-	Touch the Music by Casiopea	1994
T	toukou1	-	-	-	mouse	-	-	-	-	That's Toukou Part 1	1993
T	toukou2	-	-	-	mouse	-	-	-	-	That's Toukou Part 2	1994
T	toukoun	-	-	-	-	-	-	-	-	That's Toukou - Natsu no Daitokushuu	1994
T	toutrun	-	-	-	mouse	-	-	-	-	Turbo Out Run	1989
T	townsmg1	-	-	-	-	-	-	-	-	Towns Magazine	1994
T	townsmg2	-	-	-	-	-	-	-	-	Towns Magazine Vol. 2	1994
T	townsmg3	4M	-	-	-	-	-	-	-	Towns Magazine Vol. 3	1995
T	townsmgs3	4M	-	-	-	-	-	-	-	Towns Magazine for School Vol. 3	1995
T	townsmgs5	4M	-	-	-	-	-	-	-	Towns Magazine for School Vol. 5	1996
T	townsvn	-	-	-	-	-	-	-	-	Towns VNet V1.1 L20	1990
T	townsvn1110	-	-	-	-	-	-	-	-	Towns VNet V1.1 L10	1989
T	tpaint	-	-	-	-	-	-	-	-	TownsPAINT V1.1 L22	1991
T	tpaint10	-	-	-	-	-	-	-	-	TownsPAINT V1.1 L10	1989
T	tpaint20	-	-	-	-	-	-	-	-	TownsPAINT V1.1 L20	1990
T	tpaint21	-	-	-	-	-	-	-	-	TownsPAINT V1.1 L21	1990
T	tpaintii	4M	-	-	-	-	-	-	-	TownsPaint II V1.1 L10	1993
T	tqod	-	-	-	pad	-	-	y	-	The Queen of Duellist (HME-166A)	1993
T	tqodga	-	-	-	-	-	-	y	-	The Queen of Duellist Gaiden + Gaiden Alpha (1994-03-10)	1994
T	tqodgao	-	-	-	-	-	-	y	-	The Queen of Duellist Gaiden + Gaiden Alpha (1994-03-02)	1994
T	tqodo	-	-	-	pad	-	-	y	-	The Queen of Duellist (HME-166)	1993
T	trafconf	-	-	-	mouse	-	-	-	y	Traffic Confusion	1992
T	trigger	-	-	-	mouse	-	-	-	y	Trigger	1994
T	trigger2	-	-	-	mouse	-	-	-	y	Trigger 2	1995
T	truheart	-	-	-	mouse	-	-	y	-	True Heart	1995
T	truhearta	-	-	-	mouse	-	-	y	-	True Heart (alt)	1995
T	tsexyave	-	-	-	mouse	-	-	y	-	Tokyo Sexy Ave. - Tokyo Genshi Machi	1994
T	tsound1110	-	-	-	-	-	-	-	-	TownsSOUND V1.1 L10	1989
T	tsound1120	-	-	-	-	-	-	-	-	TownsSOUND V1.1 L20	1990
T	tsound2110	-	-	-	-	-	-	-	-	TownsSound V2.1 L10	1993
T	tss1110	-	-	-	-	-	-	-	-	Towns System Software V1.1 L10	1989
T	tss1110b	-	-	-	-	-	-	-	-	Towns System Software V1.1 L10B	1989
T	tss1120	-	-	-	-	-	-	-	-	Towns System Software V1.1 L20	1989
T	tss1130	-	-	-	-	-	-	-	-	Towns System Software V1.1 L30	1990
T	tss2110a	-	-	-	-	-	-	-	-	Towns System Software V2.1 L10A	1991
T	tss2120	-	-	-	-	-	-	-	-	Towns System Software V2.1 L20	1992
T	tss2130a	-	-	-	-	-	-	-	-	Towns System Software V2.1 L30A	1993
T	tss2131	-	-	-	-	-	-	-	-	Towns System Software V2.1 L31	1994
T	tss2140	-	-	-	-	-	-	-	-	Towns System Software V2.1 L40	1994
T	tss2150a	4M	-	-	-	-	-	-	-	Towns System Software V2.1 L50A	1995
T	tss2151	4M	-	-	-	-	-	-	-	Towns System Software V2.1 L51	1995
T	tssl20	-	-	-	-	-	-	-	-	Towns System Software v1.1 L20 English	-
T	tssl20a	-	-	-	-	-	-	-	-	Towns System Software v1.1 L20 English (alt disk 2)	-
T	tsubo	4M	-	-	mouse	-	-	-	-	To Your Health! Vol. 1 - Tsubo Relaxation	1994
T	tuntroll	-	-	-	mouse	-	-	-	y	Tunnels & Trolls: Crusaders of Khazan	1990
T	ultima4	-	-	-	-	-	-	-	y	Ultima IV - Quest of the Avatar	1992
T	ultima5	-	-	-	-	-	-	-	y	Ultima V - Warriors of Destiny	1992
T	ultima6	-	-	-	mouse	-	-	-	y	Ultima VI - The False Prophet	1991
T	ultimatr	-	-	-	-	-	-	-	y	Ultima Trilogy I-II-III	1990
T	ultuw	-	-	-	mouse	-	-	-	y	Ultima Underworld - The Stygian Abyss	1993
T	ultuw2	6M	-	-	-	-	-	y	-	Ultima Underworld II - Labyrinth of Worlds	1995
T	urm	-	-	-	mouse	-	-	-	-	URM - M15 Wakusei ni Umarete	1994
T	ushinawa	-	-	-	mouse	-	-	-	-	Ushinawareta Rakuen	1995
T	uwaki	4M	-	-	mouse	-	-	y	-	Uwaki na Anata - Switch o Irete	1994
T	vaindrem	-	-	-	-	-	-	y	-	Vain Dream	1993
T	vaindrm2	-	-	-	-	-	-	y	-	Vain Dream II	1993
T	vamphigh	-	-	-	mouse	-	-	-	y	Vampire High School	1993
T	vanpoint	6M	-	-	mouse	-	-	-	y	Vanishing Point - Tenshi no Kieta Machi	1995
T	vastness	-	-	-	pad	-	-	-	-	Vastness - Kuukyo no Ikenie-tachi	1993
T	veildark	-	-	-	mouse	-	-	-	y	Veil of Darkness - Norowareta Yogen	1994
T	vidbible	-	-	-	mouse	-	-	-	-	Shijou Saikyou no Video Bible - The Greatest Video Bible in the World	1989
T	viewpoid	-	-	-	-	-	-	-	-	Viewpoint Demonstration No. 1	1994
T	viewpoin	-	-	-	-	-	-	-	-	Viewpoint	1993
T	vingsoft	-	-	-	-	-	-	-	-	Ving Soft Collection	1993
T	vipergts	-	-	-	mouse	-	-	y	y	Viper GTS	1995
T	viperv10	-	-	-	mouse	-	-	-	y	Viper-V10 Turbo RS	1995
T	viperv12	-	-	-	mouse	-	-	-	y	Viper-V12 RS	1995
T	viperv6	-	-	-	-	-	-	-	-	Viper-V6 Turbo RS	1995
T	viperv8	-	-	-	mouse	-	-	-	y	Viper-V8 Turbo RS	1995
T	vircall	-	-	-	mouse	-	-	y	-	Virtuacall	1995
T	vircall2	-	-	-	mouse	-	-	y	-	Virtuacall 2	1995
T	visitor	-	-	-	pad	-	-	-	-	The Visitor	1989
T	vkoubou	-	-	-	mouse	-	-	-	y	Video Koubou V1.4 L10	1995
T	vkoubou1310	-	-	-	mouse	-	-	-	y	Video Koubou V1.3 L10	1994
T	volfied	-	-	-	-	-	-	-	y	Volfied	1991
T	vzedit	-	-	-	-	-	-	-	-	VZ Editor 1.6 with ATOK 7	-
T	wakoku	-	-	-	-	-	-	-	-	Wakoku Seiha Den	1994
T	wang	-	-	-	mouse	-	2	-	-	Wrestle Angels	1993
T	wang2	-	-	-	mouse	-	2	-	-	Wrestle Angels 2	1993
T	wang2a	-	-	-	mouse	-	2	-	-	Wrestle Angels 2 (alt)	1993
T	wang3	-	-	-	mouse	-	-	y	-	Wrestle Angels 3 - Mezasu wa Saikyou Dantai!	1994
T	wangs	-	-	-	mouse	-	-	y	-	Wrestle Angels Special	1994
T	wedderra	-	-	-	-	-	2	-	-	Wedding Errantry - Gyakutama Ou	1995
T	weltowns	4M	-	-	mouse	-	-	-	-	Welcome to FM Towns (1994-12-19)	1994
T	weltownso	4M	-	-	mouse	-	-	-	-	Welcome to FM Towns (1994-09-29)	1994
T	welyoga	4M	-	-	mouse	-	-	-	-	To Your Health! Vol. 2 - Wellness Yoga	1995
T	win30	-	-	-	-	-	-	-	-	Nihongo Microsoft Windows V3.0 with Multimedia Extensions V1.0 L10	1992
T	win31l10	4M	-	-	-	-	-	-	-	Microsoft Windows Version 3.1 L10	1993
T	win31l11	4M	-	-	-	-	-	-	-	Microsoft Windows Version 3.1 L11	1994
T	win31l12	4M	-	-	-	-	-	-	-	Microsoft Windows Version 3.1 L12	1994
T	win95up	-	-	-	-	-	-	-	-	Microsoft Windows 95 Upgrade Package	1996
T	wingcmar	6M	-	-	-	-	-	-	-	Wing Commander Armada	1995
T	wingcom2	4M	-	-	-	-	-	-	-	Wing Commander II - Vengeance of the Kilrathi - Special Operations 1 & Special Operations 2	1995
T	wingcomm	-	-	-	mouse	-	-	-	y	Wing Commander	1992
T	wingcomma	-	-	-	mouse	-	-	-	y	Wing Commander (alt)	1992
T	wingscrt	-	-	-	-	-	-	-	-	Wing Commander - The Secret Missions & The Secret Missions 2 - Crusade	1994
T	winpost	-	-	-	mouse	-	-	y	-	Winning Post	1993
T	wizardr5	-	-	-	-	-	-	-	y	Wizardry V - Heart of the Maelstrom	1990
T	wizardr6	-	-	-	-	-	-	-	y	Wizardry - Bane of the Cosmic Forge	1991
T	wizardr7	-	-	-	mouse	-	-	-	y	Wizardry - Crusaders of the Dark Savant	1994
T	womanmem	-	-	-	mouse	-	-	-	-	Woman's Memory	1991
T	wonpara	-	-	-	mouse	-	-	-	y	WonPara Wars	1995
T	wonpara2	-	-	-	mouse	-	-	-	y	WonPara Wars II	1995
T	wordwort	-	-	-	mouse	-	-	-	y	Words Worth	1993
T	wordwortsp	-	-	-	mouse	-	2	-	-	Words Worth Special Disk	1993
T	wyatt	-	-	-	-	-	-	y	-	The 4th Unit 7 - Wyatt	1992
T	wyattd	-	-	-	-	-	-	y	-	The 4th Unit 7 - Wyatt (demo)	1992
T	xak2	-	-	-	-	-	-	-	y	Xak II - Rising of the Redmoon	1991
T	xak3	-	-	-	-	-	-	-	y	Xak III - The Eternal Recurrence	1993
T	xenon	-	-	-	mouse	-	-	-	y	Xenon - Mugen no Shitai	1995
T	yachtman	-	-	-	mouse	-	-	-	y	The Yachtman	1989
T	yajipr2	-	-	-	-	-	-	-	-	Yajiuma Pennant Race 2	1990
T	yamachiz	-	-	-	-	-	-	y	-	PersoCom de Tanoshimu - Yama to Chizu Vol. 1	1995
T	yamane	6M	-	-	mouse	-	-	-	-	Yamane no Sumu Mori	1995
T	yamikets	-	-	-	mouse	-	-	y	-	Yami no Ketsuzoku Special - The Predestined Homicides	1991
T	yawahada	-	-	-	mouse	-	-	-	-	Illusion CG Collection Vol. 1 - Yawahada Bishoujo	1995
T	yeshg	-	-	-	mouse	-	-	-	y	YES! HG - Erotic Voice Version	1995
T	yojuclub	-	-	-	mouse	-	-	-	-	Youjuu Club Custom	1992
T	yojusen2	-	-	-	mouse	-	-	-	y	Youjuu Senki 2 - Reimei no Senshi-tachi	1993
T	yojusenk	-	-	-	mouse	-	-	-	y	Youjuu Senki - A.D. 2048	1993
T	youjong	-	-	-	-	-	-	-	-	You-Jong Part I	1989
T	yumimimx	-	-	-	-	-	-	-	y	Yumimi Mix	1993
T	yuudisc	-	-	-	mouse	-	-	-	y	CD-ROM Bishoujo Senshi Collection - Yuu Disc Special	1996
T	yuuwaku	-	-	-	mouse	-	-	y	-	Yuuwaku	1996
T	ywsansu2	-	-	-	-	-	-	-	-	Yoku Wakaru Sansuu - Shougaku 2-nen	1993
T	zak	-	-	-	mouse	-	-	-	y	Zak McKracken and The Alien Mindbenders (HMB-218A)	1991
T	zako	-	-	-	mouse	-	-	-	y	Zak McKracken and The Alien Mindbenders (HMB-218)	1991
T	zan2	-	-	-	mouse	-	-	y	-	Zan II - Towns Special (1992-04-23)	1992
T	zan2o	-	-	-	mouse	-	-	y	-	Zan II - Towns Special (1992-03-19)	1992
T	zan3	-	-	-	-	-	-	-	-	Zan III - Ten'un Ware ni Ari	1994
T	zatsuon	-	-	-	mouse	-	-	-	y	Zatsuon Ryouiki	1995
T	zenith	-	-	-	mouse	-	-	-	y	Zenith	1995
T	zero	-	-	-	mouse	-	-	-	y	The 4th Unit 4 - Zero	1989
T	zokudm	-	-	-	mouse	-	-	-	y	Zoku Dungeon Master - Chaos no Gyakushuu	1990
T	zstaff	-	-	-	-	-	-	-	-	Z's Staff Pro Towns	1991
T	ztdc	-	-	-	mouse	-	-	-	-	Z's Triphony DigitalCraft Towns (HMB-212A)	1990
T	ztdco	-	-	-	mouse	-	-	-	-	Z's Triphony DigitalCraft Towns (HMB-212)	1990
T	zurujr	-	-	-	-	-	-	-	-	Hon'yaku Helper Zurukamashi - Jisho Disk Junior	1991
T	zurukama	-	-	-	mouse	-	-	-	-	Hon'yaku Helper Zurukamashi	1991
T	zyojusen	-	-	-	mouse	-	-	-	y	Zoku Youjuu Senki - Suna no Mokushiroku	1994
K	cd:00100daf229f0a8e	lipsadv3
K	cd:00395d9e38c6de00	puyopuyo
K	cd:006ace9ac0139720	igoyabu
K	cd:00ac50cf8d5268dc	nihonmb3
K	cd:00b23c097b2b26a9	tnzso
K	cd:00bfebc27f005e78	lastnude
K	cd:00cb3be63dc19d14	goh2
K	cd:015d86bfa244b05c	mcosmo
K	cd:0170988274e7f1b0	mlenergy
K	cd:017d137124baefe9	wakoku
K	cd:0188dd980681ebf7	mujintou
K	cd:020c8aa28a124d5c	dokyuse2
K	cd:020e53492bda018e	kanade
K	cd:023e64e8db30d603	hyplanetd
K	cd:02712cf513c386f1	mightmg4
K	cd:028ac9571ed2fdd6	mandalai
K	cd:0295e8fc772e08e1	fmtappc
K	cd:031ab15f66f5022c	drgshock
K	cd:03655095943fe649	leadingc
K	cd:03658ec4f4e99f1a	nsangel
K	cd:040526df756495e0	toshin2o
K	cd:04a45d6a35734428	gedit
K	cd:04b39e36b37b2a43	awesome
K	cd:05c260522aa0c903	lotr1
K	cd:05d0297190eea53d	prindang
K	cd:05e2f2dad3b8f004	wizardr7
K	cd:060678a43e29c394	strikpls
K	cd:071e6c8073dbe9e2	zan2
K	cd:0732212354b89911	tqodga
K	cd:074d06ab974a940c	musicmaco
K	cd:075f9f522d30a542	demo94su
K	cd:0828e2ed98322033	merrygor
K	cd:089d063a298394fc	prostudgr
K	cd:08c6453183cff893	wingcmar
K	cd:09398d266f5891b3	fbas1110b
K	cd:097865d3f4341ab5	iris
K	cd:098fe6d1c0c49ce5	xak3
K	cd:099106f4e88705ea	psydet2
K	cd:09ae06e10131791f	touchmus
K	cd:0a89b12948a1e3ec	suzaku
K	cd:0a8d249a12f9f515	marueic2
K	cd:0aa4c3a3eb2df486	ultuw
K	cd:0ab18e8787e251e9	musicmaclt
K	cd:0acbd0c0ebe5ebae	jkden
K	cd:0ad554d5e4ef07a7	ginga2dx
K	cd:0aedfef1c54668bc	psydetf2
K	cd:0b0d9a589c50f82e	mflcan4
K	cd:0b3d1b9ee5d6d8b0	ssf2
K	cd:0c04956fc8f47684	elmknigt
K	cd:0c4a31086f81301c	reijou
K	cd:0c6907eda571f535	kchoujin
K	cd:0ca35470a97b38a9	emit2
K	cd:0d8d75ab170dda61	burai
K	cd:0de2b4a01848c6a2	zyojusen
K	cd:0e1e02eaa09904ba	presence
K	cd:0e208eb89a4c1bd1	msdet1
K	cd:0e25c08a8719362c	dmastero
K	cd:0eb4676d4500ee8f	ztdco
K	cd:0ed57aa2bca72a82	injuugak
K	cd:0ed5ddfbe09393c2	teata12
K	cd:0ed6e0de0210eecd	gekirin
K	cd:0ef425e64c22c147	gundamhd
K	cd:0f8c642f85cfb5b6	cvrgirls
K	cd:0fe6d6dd620bf9cb	viperv6
K	cd:0ff94821cb64842e	srmp23p
K	cd:1185892ad6b4adff	zenith
K	cd:1196f80f4f711492	vipergts
K	cd:11a5443f2e3bb073	tim
K	cd:11cdfa0e6d0433da	tatsuou
K	cd:11d9f3850787be22	dorbestj
K	cd:120d01312396972b	igohonka
K	cd:1212c1b99632506b	hypland
K	cd:1261356340cccd8a	knjland3
K	cd:128f13d6d59e9371	tccgmus
K	cd:12f25e19b0f9e23c	biblemas
K	cd:12f487f2439b8e16	shknatsu
K	cd:131e4e230921684c	parapara
K	cd:1352d434af68a453	p_doom_cd
K	cd:136023c586889578	indycrus
K	cd:1362d20a71a21112	tenshiten
K	cd:138d88074ce5df4c	fsc5o
K	cd:138f2a5783984ffe	startword
K	cd:13a37e3280db56f7	hiraehon
K	cd:13aa5328d1644ae5	keiphone
K	cd:13c413aa142f2255	g5
K	cd:145287293cfc726e	fwc1
K	cd:14633e784df0ebee	takamiza
K	cd:147cd091801a0d41	fshark
K	cd:1533da705ac107ab	p_rumuder_cd
K	cd:1568137219c0f1ce	branmar2
K	cd:1583fb6e830ad10e	dmaster
K	cd:167c6ac168d2d5eb	libbler
K	cd:16b831b764923484	populous
K	cd:16ec9c6e2fe862a2	tqod
K	cd:17264f75fe796fc4	vaindrm2
K	cd:17267457a04f6e6c	c_tomsnyderspuppylovepissolitaireroyale
K	cd:173c8fe9e8c3025a	beatles4
K	cd:1767a938dbd1ccb2	simfarmd
K	cd:1779d08a7ce9aa49	if2
K	cd:17e96b066a1b9d1e	speechtr
K	cd:17ea3a2b4bf7aca1	gbomber
K	cd:17f39eea57513bd8	enkaio
K	cd:181abad5da3a17b2	volfied
K	cd:185e07ac0a468a34	nihonrki
K	cd:18959fff95a0647a	mjmusashi
K	cd:190744d2bd8cf3a2	halfmoon
K	cd:19451731a0a53c35	bublbobl
K	cd:19673cb3a8fbf87d	tcgame
K	cd:1a24868e2310c847	srmp23
K	cd:1a701212d15a475f	alice3o
K	cd:1b59f04a3e6506ad	palamed
K	cd:1b5d95c9c1cac114	scav4o
K	cd:1b6dc10fefb5f6f7	mbomber
K	cd:1b6deecb54422d75	3x3eyes
K	cd:1b7b1d4d6effbc6a	iitabi
K	cd:1b97c816b79741e9	simcity
K	cd:1be2eedcd815c893	deadbrn
K	cd:1c09a671ccda075f	eikanwa2o
K	cd:1c3a9cd987ada0c9	prinmak2
K	cd:1c54d9c2ad417b3e	appare1
K	cd:1c57b3c787dbdc71	wangs
K	cd:1cfe5b271f6f7532	mode7
K	cd:1d6734dd003c56b3	linuxje
K	cd:1d7e8743f951757f	mbomberd
K	cd:1e2b48fc99358727	softcon2
K	cd:1e9bd8b73837b1a3	psydet2r
K	cd:1eab73c2c832aff6	dknight4
K	cd:1f16db52ce7418ca	okuhoso
K	cd:1f2f69d1a7a02dd2	bandkun
K	cd:1f3e1d22af7acdbf	cal3
K	cd:1f4ffbd70c622995	urm
K	cd:1f6374dfb050cfa4	mahoudai
K	cd:1f699e170b51eb7e	c_fmseriessoftwaretaikenbancd
K	cd:207f9aa18bceb78b	daikok2
K	cd:210e49990b5ccdc1	sekohan
K	cd:213de6b293ce3ab9	castles2
K	cd:216328015b0ffed9	anneyume
K	cd:221bf2878ccfad29	hypraddr
K	cd:22634e1185a7bff6	mjdepon
K	cd:229010cd1499ff19	lodoss
K	cd:22973acc7561cb53	mflcan2
K	cd:22a9d1d276771d72	hyplanets2
K	cd:22f0135a6f1ec948	rbisland
K	cd:22f3d42c065e0759	hoshisn2
K	cd:2300e2c796be2f84	themeprk
K	cd:230304a4a079fa27	p_rumstorm_cd
K	cd:236e4d51f74f47de	lodoss2
K	cd:23a88c801185641c	rejectn
K	cd:23b9fbf1d9562059	libido7
K	cd:23ef27db65d46748	vanpoint
K	cd:23f75dad7b72883c	aesop1
K	cd:23fb83e9da3b90ba	akikogld
K	cd:245a088a5cc8c229	38man
K	cd:247af4171b43e0ef	townsmg2
K	cd:24ec3a431f14d072	steepia
K	cd:25081206a4ac6822	silentsr
K	cd:255e27f29780d181	ongaku56
K	cd:256071a49c7a1369	tctsuu
K	cd:25a563fbd02a51ac	kjmarian
K	cd:25a655ded2cc459f	ehonwrit1110
K	cd:25fc5a99a8135713	eurosens
K	cd:264e84be066f5cb1	igoshodan
K	cd:264eefb95c766e04	yuudisc
K	cd:26a4d41984ec8eb5	emit1
K	cd:26fa8576bb000b4c	p_tango_cd
K	cd:2752f878f8c6cfaf	psydetf1
K	cd:281624684a236730	terra
K	cd:2849a588bc162d64	wordwort
K	cd:28bd09892b78b63f	kindanke
K	cd:2904c5c83f2ded0a	p_worldfant_cd
K	cd:294c037bae04f5ed	simcity
K	cd:29515f6e3623db80	softcon1o
K	cd:298356b7e5197eb3	carmnwld
K	cd:2a0b55297a700fa8	myeyes
K	cd:2a844ebea6c52441	monkey2
K	cd:2aa4453a5df06589	tdf
K	cd:2b0b5c97b7104c4b	populous2
K	cd:2bdabf3a303d1e80	win31l10
K	cd:2c0e15c0aef5ee60	yawahada
K	cd:2c1602bdf1d38625	cal
K	cd:2c44e78922268c96	nhkzkei1
K	cd:2d36c79c1a008510	musicpro13
K	cd:2d3b06ab602845a2	pocky
K	cd:2d921c90bc20242b	3dgolfel
K	cd:2d940bbbeaf5ba3a	sxhawaii
K	cd:2da3c3ea18e2a962	gnutownsr2
K	cd:2df711499862201f	welyoga
K	cd:2e71d5129970bf05	aitd2
K	cd:2e85769221c8049d	hirou
K	cd:2e8a6d4e083de6ef	puzznic
K	cd:2e9829a5409c66a9	branmark
K	cd:2f088fcbec17db84	joshua
K	cd:2f0f6c41789f2b5a	viewpoin
K	cd:2f20dfbf6a62024e	bellsav3
K	cd:2f335bf5f9178419	townsmg3
K	cd:2f7198972dca17ba	drakkhen
K	cd:2f85e524c80b6bee	prvslave
K	cd:2f982ed4e23750c3	bighonor
K	cd:300a0bb724210a47	sherlock
K	cd:306b3320e3b4d4a3	aircmb2s
K	cd:30e5e0479be51946	meikyoku
K	cd:3146dc1dd6247e85	excitcd
K	cd:3167eb8ac3f66778	chiemi
K	cd:31884c37965b80a8	teikets2
K	cd:318eae8ba5b7b391	softcon1a
K	cd:32416ce45680f60c	truheart
K	cd:3253597dcf81f4ff	highlt20
K	cd:327c44d088de6788	winpost
K	cd:32eed040a063cb6c	megalo
K	cd:335f6be8dfa9202d	morininki
K	cd:34745090c74ade85	viperv10
K	cd:34d02f0e18507bff	fwc3
K	cd:351d0f610d6c3706	kyrand2
K	cd:368c674850b0c07d	hyplanetm
K	cd:37875ff55c29d94c	nhorz2e1m
K	cd:37a5984413fe65ea	dorse93
K	cd:381def0c222b95bb	nijiiro
K	cd:3840c77c2fc22e08	kyankyan
K	cd:39158f85738e52bf	flexdata
K	cd:3926b4ed17d07e97	hyplanet
K	cd:39c9931c5e095f45	aressh4
K	cd:3a6a2a830c769374	masuo
K	cd:3a9890539fd52377	alice3
K	cd:3b0cb10b92b374c8	fsc8
K	cd:3b35438a5158af98	4dtennis
K	cd:3b52c9119017ad40	terrao
K	cd:3b56ff04790df27f	cancanbx
K	cd:3b6c9ae44d66da8b	secre2
K	cd:3be54ad6428b5ea1	vastness
K	cd:3c0e2c24caf4c622	kyrandia
K	cd:3c1b60517c9a452e	p_yuuwaku_en
K	cd:3c64bb849f0c6c44	denurse
K	cd:3d1ed03e289efd79	hajiryoei
K	cd:3db86355efc40715	imgpower
K	cd:3df46dd521d95c70	p_wolf3d_cd4m
K	cd:3e2bed5d526db155	akikoprm
K	cd:3e79920ae96689c1	eikanwa2
K	cd:3f0c7f0a87e4faf3	dalk
K	cd:3f45dfb2f2323027	chinsei
K	cd:3fa9ec8e6ab37536	dokyusei
K	cd:401dd4f490399f33	heike1
K	cd:4028220dfb3edf30	pmjgoku
K	cd:402fcd0137ffcc65	caltiny
K	cd:4040a5981af7e515	beasto
K	cd:404ec0ae26d9327b	ncrown1
K	cd:40735a934128c042	steepialt
K	cd:40b7fdfe4e861974	marionetm
K	cd:40daf31e89c735cf	tpaint
K	cd:4202087de5657e10	puplove2
K	cd:4272f2fe1855154e	rayxanbr
K	cd:430b38b1a6d64bc6	mirage2
K	cd:431d3da92f28a43b	dante
K	cd:435bfe2ab2bf3344	alshark
K	cd:43bc2e3009f3bdc3	win30
K	cd:441b8464a3b1abfe	scholar
K	cd:4466efc56b2e7c8d	ppersia2
K	cd:4474e69dc849e8af	wingcomm
K	cd:44cbaa7a4cca5bd8	musicmac
K	cd:46258f0022791f84	jinmon
K	cd:4639b8b4ada61889	zak
K	cd:46c4e19891ca101b	tsubo
K	cd:46f08a3d52059a6f	tss2110a
K	cd:470df35c231aeb8d	ctrace
K	cd:471c812dfcd8cd14	highlt20
K	cd:4755730411072e2d	knjland3o
K	cd:47775df500aa03c3	toshin2s
K	cd:478caa00b2b1de99	tsound1120
K	cd:47dfb1d1043cef20	calxpart
K	cd:480fd05555deb8f6	curse
K	cd:482d2b167f76eb3f	kikoshid
K	cd:486ce710c94fb313	tenkagom
K	cd:486f928255cb17ce	cm1denwa
K	cd:49151f606fc42a4c	azure
K	cd:49656ab2312f765a	psydet5
K	cd:496d97671ecb8e23	kyofmt2
K	cd:4a22561127dd62c9	ultuw2
K	cd:4a65678438d91d43	c_alltynex
K	cd:4a8ad4c9ce9c3016	townsmg1
K	cd:4a9cd84dc909c551	viperv8
K	cd:4aa1cfdce55ebcc0	misato
K	cd:4add4b8279005e43	weltowns
K	cd:4b250c2ec690cfb5	secre7
K	cd:4b2dda55cda0eabb	srogue
K	cd:4b5c972bcb090d44	gadget
K	cd:4be4d3c892c372b5	bellsav1
K	cd:4c9d87ec2ea7db35	tss2130a
K	cd:4cf69263b9f0ca6c	tss1110
K	cd:4e08ed79dbb726c9	lastarmgo
K	cd:4f20dd73e5d3d657	raiden
K	cd:4f99802ce70454f4	pleasure
K	cd:4fb5f6948ad271a4	gigamort
K	cd:5022df120f213162	keiresort
K	cd:50a82e5fe621033d	teo20
K	cd:5105182e252f0ba4	mmorph
K	cd:51131f9f2ac25c0e	lifendt2
K	cd:51355fb4183fccd0	aeternam
K	cd:5135a05cd4513f7e	lastsurv
K	cd:515728f059cba3a1	sotsu93
K	cd:5188c0fb03dce5e3	visitor
K	cd:51e5c98ef1717af3	ntenki
K	cd:51e870dac69164d9	p_wingcomm_auto
K	cd:522895e5108e13b6	fsc5a
K	cd:52a08e8f95c99468	mastercdv
K	cd:52c9de8c82a82c02	mjfant2
K	cd:532b6899223b793d	alice3
K	cd:5438d84b24717f92	wang3
K	cd:5451b4ad52772097	nobuseng
K	cd:54a842b397d1affd	lifendth
K	cd:54dd1d856b032ea5	abel
K	cd:54e68d61e5f5c2d2	if123
K	cd:5562e1d50e542d4c	100isshu
K	cd:558175fbc6bcbcd5	nihonmb1
K	cd:55ce0c213b5fd7c7	teo10
K	cd:55f55c7a549fe19b	daikokai
K	cd:56a21729a39e2be1	sherlockd
K	cd:572116f300c55a25	psydet4
K	cd:575f7aebdcb9b8dc	eimmy
K	cd:579834bd1b64be53	mightmg5
K	cd:57a2006d551949fe	ultimatr
K	cd:57ce6bcf1d03f597	railtycn
K	cd:57e80b2eb15fa389	stress
K	cd:587dcd290c16d70b	secre6
K	cd:59a06221e1c8bf78	kyokoiji
K	cd:59a91882f8bdcc70	hypraddro
K	cd:5a17361523426749	igo2
K	cd:5a297be0f914ab76	tss2140
K	cd:5a378b2cdd9df160	nhorz2e1
K	cd:5a440cd7d9ad7755	ryuutou
K	cd:5a573cf5b1cecb3c	dodamega
K	cd:5a639ed88ffb092f	ntotal2
K	cd:5ac0aede9355d48f	lotr2
K	cd:5b04380cbf81390f	cybsculp
K	cd:5b16ccb9270ddff8	daisenr3
K	cd:5b1fa94d076c7b33	rance41
K	cd:5b3f4c7eca23e096	engerrn2
K	cd:5bbe8c043ccea49a	jealousy
K	cd:5bc20d23ac6692a0	nevrland
K	cd:5c0fcae0cb3ea2d0	softcon1
K	cd:5c181e026fced65f	arabesq
K	cd:5c4a1525ffa18d35	enkaio3
K	cd:5c664f4be7a6d548	psydet3
K	cd:5c97440882f50e82	famist90
K	cd:5cfa1bdbcb94a37f	fbc2110
K	cd:5d00302ee00a524c	planedge
K	cd:5d29fc7b8aeb820f	airwar21
K	cd:5d71e289cd0b0141	shounenm
K	cd:5d8aba09a999e8a3	dorse93
K	cd:5d9b60ab0a1558b2	mustowns
K	cd:5db4640c396f04f9	racrally
K	cd:5e0de2f00e94754b	ldawn2
K	cd:5e344edc2c7e8854	madogakr
K	cd:5f3f888ecd911163	tcgaku
K	cd:5f6181aae01b106f	jclub
K	cd:5f6e61b05a85f245	marble
K	cd:5f724e7d19030282	win31l12
K	cd:5fa3659c4ebc0665	chasehqd
K	cd:602399ac95997903	hypraddr2
K	cd:6059fef027532d48	nihongo1
K	cd:610fe870f28dad2a	kikoshid2
K	cd:613a2c9c114ce551	masuoo
K	cd:616ad71e6f894e50	softhard2
K	cd:61bb729c6d0ccd26	ponkan
K	cd:61c14771c38be2ea	dapsdemo
K	cd:621a502cf189ec1d	simearth
K	cd:6220955f23d6bc09	yamachiz
K	cd:63029c41d30d1a5d	gokko3
K	cd:63485ec83c782994	draghalf
K	cd:63ed621fd818e8be	noobow
K	cd:641bce0b11267d1a	nihonrko
K	cd:6434ff7141550422	schwarzs
K	cd:64413e32469b49c3	queencup
K	cd:646f70c2baf691c6	gforce2
K	cd:6483e382647dbc6b	nihonya
K	cd:6496ecebc1c2cc1f	p_emit3_en
K	cd:64ccbc84a21b289c	hypland2
K	cd:654dda66ca576de7	dstall
K	cd:6565b4d4b4e96aac	mflcan3
K	cd:65a28db105d6148d	koryuki
K	cd:65d7352a4bcc2626	freewill
K	cd:664dc95c26233326	gunblaze
K	cd:66863f7d9ff06155	tpaint21
K	cd:66c36106cfa23c60	raidy2
K	cd:66ee9f1f7040f4fd	tsexyave
K	cd:672ab2c90f0deda0	2shot
K	cd:676987b8c437e39a	aburner
K	cd:678b1c9e451137cd	cubsketch
K	cd:679336ebe6eac371	shkharu
K	cd:67ac3f4da1b1e23f	sangoku4
K	cd:680a495b33b5648f	psydet1r
K	cd:68436594e6d24467	raidy
K	cd:68d43f491bda7a0e	beatles5
K	cd:69afb6f6c7c86672	gokinyu
K	cd:6a6f5ca73ffb7796	finalb
K	cd:6aa876c57f00f8e0	gnutowns
K	cd:6b80ac40edbeea1a	mclubdx
K	cd:6b99c4722fa387c0	mjfant3
K	cd:6bfbf277a2f0ce70	nadia
K	cd:6c27f7155791b312	ncrown2
K	cd:6c6d7de63366c1ae	yeshg
K	cd:6c9fef84df45bd51	sensangl
K	cd:6dce4dee674312aa	powdoll2
K	cd:6e57768b5dc11663	tcphoto
K	cd:6e5c4929fcaa851e	moritas2
K	cd:6eacf36ae9462a04	ringout
K	cd:6eada444f7dae7d9	beatles2
K	cd:6f5ff37f151eac6f	tcwpro
K	cd:6f6924da570a8ffb	win95up
K	cd:6f6eb746b99c5475	kiwame
K	cd:6f88fc9da03eb66d	p_planatkr_cd
K	cd:6f9d20396d222930	shooting
K	cd:6fb473bc2337342f	splatth
K	cd:6ffaca7685bbf3eb	fsc7o
K	cd:7015d9da9eb4ccb9	gulfwar
K	cd:7062fd317667ad60	gunship
K	cd:70702bcdce34bcd1	dokidok1
K	cd:707cac1da8e06e91	cyberia
K	cd:707eda45e67992ba	fsc10
K	cd:70b57e99810d7c7c	fmtworld
K	cd:71902c7f286743a7	win31l11
K	cd:721faa381171a80e	ayumi
K	cd:723e5f6b56a852ee	kyofmt1
K	cd:72435205d93cd83f	ztdc
K	cd:7256d183d17c1c24	liveanim11
K	cd:729de942d3c48982	p_arcfront_cd
K	cd:72b2e8fca59ac8d9	batchess
K	cd:72bb58d967662083	p_gorbypip_cd
K	cd:7359ba41b19b5632	okitgear
K	cd:736df6ea995b027d	digipin1
K	cd:737374f47112a26f	p_dragontwr_cd
K	cd:73c611c4db5bef1f	castles
K	cd:74972d26a33ef16d	misty
K	cd:74a46b6b5118c695	fsc4
K	cd:74c2e0bf06fecf7f	hfetish
K	cd:74deaa670a0d8373	jangou4
K	cd:752cba0bac85e90a	demoncit
K	cd:759291b374e0e3fc	sshootin
K	cd:75bdf395990e2409	metaleye
K	cd:75e46bdc65a60a6f	ayumijb
K	cd:76164cc81ff82214	jankirou
K	cd:7644c19e7432d070	vkoubou
K	cd:76682adc2dd8dfaf	zan3
K	cd:76933f929f9d3eb8	hyplanets1
K	cd:76b983e05457c9f8	collecd
K	cd:76f4902a5774c52e	mastercd
K	cd:76f75ca84ba7d8c9	ultima6
K	cd:770397f14b502a68	manycol
K	cd:7714cab17052e7ef	schwarz4
K	cd:77303e313d74befd	p_exceed_cd
K	cd:7743b43ea762a135	genocsq
K	cd:777c52fe82083f4d	tuntroll
K	cd:7785b2603c6a2c69	p_asuka120_cd
K	cd:77adc3ef9c8c4a52	zokudm
K	cd:77b2dd14278a9ba2	p_volpheed_cd
K	cd:77e09835d07ad9ba	ku2pp
K	cd:7800f34b6a415995	vaindrem
K	cd:7846e2bcb8f9c624	burai2
K	cd:78659f887393cfea	elfishlt
K	cd:7906895c311540ba	gakubaku
K	cd:795e16c956ff2774	sangoku2
K	cd:798d484d2bf8f8df	jleag94
K	cd:79daf90b594d2355	kidpix
K	cd:7a5a85c58a59536f	biblemas2
K	cd:7a7fe199438360bd	ishin
K	cd:7a9c15de34ea81c3	manadoko2
K	cd:7ada232b638d953b	nihonshi1
K	cd:7b1dffc9f2a88dad	softcon3
K	cd:7b591afe38cad0f5	fractal
K	cd:7b5f8a768636b7f9	msdet2
K	cd:7b8b1ce803e19917	p_genocsq_marty
K	cd:7bce93ff789b95b4	demo93w
K	cd:7c13bc58deb815eb	excel10
K	cd:7c6756e887a3a4f8	collecdb
K	cd:7c77075e697e26c7	centur
K	cd:7d97145f7844c88c	monkey
K	cd:7da29caf7a0a17b8	mcosm
K	cd:7db73f535096c623	teiketsu
K	cd:7e02f1cd520e1ca9	demo90f
K	cd:7e25865b68280cf3	fsnkit
K	cd:7e76bd4143a17af3	p_panicbl2_cd
K	cd:7e8492d9d6608908	nova
K	cd:7ef5b0d40e94263b	syndicat
K	cd:7f7096e7ba0ec2ea	nhkeigo1
K	cd:7f9df57bd46c1f18	nost1907
K	cd:800232dcb944cee6	wyatt
K	cd:8028a93a2d0c69e0	vircall
K	cd:80a818bdd4436d28	dangel
K	cd:80c995fdc8dfd6c3	demo94sp
K	cd:811eb849ead5a638	nihonris
K	cd:8131b6f7e0668b63	beast3
K	cd:827f158bd8ebe268	sangoku3
K	cd:82ad089550416d0c	tankcpdx
K	cd:83286e519c07eada	tfcolor
K	cd:8348ba523a2fda88	grimmaka
K	cd:83814800e9ef9518	nemuyoru
K	cd:83c48a4e4942b4be	tpaintii
K	cd:840caf16c3a6e8bd	kokoraku
K	cd:8415ea96fd9a7990	scav4
K	cd:8483272f141d0af1	amarant3
K	cd:848be7f6bec10fb9	touchhrt
K	cd:84ca493fd4b00c56	lemmings
K	cd:857c632c306f8cdf	hanakiok
K	cd:859fd0bcc98bddce	yumimimx
K	cd:85abdf05a9eb1e5c	hypnote
K	cd:85fc066ecc343e5e	mparadox
K	cd:864a11c5c773b5e9	shkfuyu
K	cd:867d6f1906f03445	mastercdi
K	cd:8681f7a7418fa66d	pharmony
K	cd:86bc5156812e83b9	tss2151
K	cd:86bcc37791d91c52	criss
K	cd:86dc606766d98788	hoshisun
K	cd:88266f9a3fe5a6c4	secre5
K	cd:8829963997808ef2	nhkeigo3
K	cd:88fd9b396b1e7311	ougonras
K	cd:89634d4704e36dc6	dknight3
K	cd:898c171349385046	manholeo
K	cd:89a0bc19b58153c4	mugenhoy
K	cd:89b999c38779456d	appare2
K	cd:89c2b6a6bedeb007	lastarmgo
K	cd:89ce7062f17628a2	sayaka
K	cd:89d872f112e3a943	tsound2110
K	cd:8a42d525cf66aaa5	hoshisn3
K	cd:8b058f27b04bf6a3	birdland
K	cd:8b52f8350814d8e1	terra2
K	cd:8b63e3e110738e11	srmp4
K	cd:8bc5e378fad457a8	nandemo1
K	cd:8bc6c276955f55db	suikoden
K	cd:8bea5aff4368b835	lemoncc
K	cd:8c565a7b0d1b9694	alice
K	cd:8cc476d61888b179	q2rom
K	cd:8d8f97af62f720e0	noyama
K	cd:8dedadcfe46dfe44	sokobanp
K	cd:8e14ae68b98c4a45	nihonya
K	cd:8e7cd28d5fab7a7d	aressh3
K	cd:8edc3f5d6c233359	telop
K	cd:8f0ab0f6b434e15b	dpszenbu
K	cd:8f13bb6304b9945f	keroppi
K	cd:8f53866b8710a3ab	hypaquat
K	cd:8f815c6800bd665f	simcit2k
K	cd:9005da653bcc2603	blue
K	cd:9024b7a174428461	lastarmgo
K	cd:906f420bce59d87f	nadia
K	cd:91e6156ac72361c6	viperv12
K	cd:9224f1d7ff8adf2a	bfmaria
K	cd:924713f075e82ed8	honna2
K	cd:92612fa2b2f7fe0e	taikencd
K	cd:926b15d090864247	cybrcity
K	cd:926d24447b08bd02	tss1110b
K	cd:92f29f29d0f862e1	nhkzkei3
K	cd:92fbfee0c473a385	gokko2
K	cd:9334602cd3f2f1ca	gametec1
K	cd:933b8f9a2c8c0526	chasehq
K	cd:934e67ad67a686c3	diegekir
K	cd:935d2cc1991519c8	fmtstdem
K	cd:9364d473f34d9b2b	kyosekai
K	cd:938662e56b91b62f	marueic3
K	cd:9387da5677751f38	diamondp
K	cd:93d4d2f78d46a4c5	toukou2
K	cd:93e1e5f3a0162858	rockrang
K	cd:943b883c77415078	dagaind
K	cd:951bae00212fb767	oshacoo2
K	cd:952203613512b752	nobutens
K	cd:952bc4da262455d8	atlas2
K	cd:95d2c93feb1650f8	nhkeikaim
K	cd:9624573e700617cf	fsc6o
K	cd:964e139f1c11bdf7	tqodo
K	cd:9650f13745110543	hipcatch
K	cd:967f7ffbdc24b657	loom
K	cd:96a111bc1b4302f4	sargon5
K	cd:96b9f74c07967868	okuman2
K	cd:96eeeb712a82d8d4	frogfstd
K	cd:9702275bcc8b878f	c_blandiaplus
K	cd:9713af1114aa1b52	alice2
K	cd:972b8a92198a42b5	p_ironfist_cd
K	cd:978ff247463477b0	chuumon
K	cd:97e91dd61e164d38	townsmgs5
K	cd:986b4ad118872238	p_swordedg_cd
K	cd:99140a5bf8794df4	p_ningytsu_en
K	cd:99353af242d84bc3	simfarm
K	cd:9998df82a2251dc6	genchohi
K	cd:9af0ad5b8c174dee	jkhatsu
K	cd:9bb5ce32c200920b	royalbld
K	cd:9bb9bd2fa57f8e08	hiouden2
K	cd:9bea14cdfa61c126	tpaint20
K	cd:9cd82a7e8d96faa6	trigger
K	cd:9ce38df48373addc	psydet5
K	cd:9d2b07412f6bc710	scav4a
K	cd:9d55cdd57c04dfe8	kokorak2
K	cd:9df6e59f68f7b4eb	kigen
K	cd:9e6a66928b84f651	tnzs
K	cd:9ec09bace63f7fec	taikoris
K	cd:a0b1dbc02fcad27e	marueic1
K	cd:a14a31882ac9864e	imgfight
K	cd:a157741a7b5b6bb6	engdream
K	cd:a198e731cd260706	hypaquak
K	cd:a19d43e3d2c81dce	psydet3
K	cd:a1eae27a98c86c4e	joshisei
K	cd:a269e62b41b027d3	hstudio
K	cd:a2f9eea6a31ff5d8	ginga3sp
K	cd:a330914af95cccda	fsc5
K	cd:a35cec36cc73a01a	scav4d
K	cd:a38c1abab17d8376	gakuking
K	cd:a38faf67a6b0cb71	cgsynd1
K	cd:a43723930d04b9d2	igo2o
K	cd:a514acaf1d9a68e5	oshacook
K	cd:a5514916ce383900	nhkhitori
K	cd:a56cc112c3cb8ea4	emit3
K	cd:a58e4abf2e99d032	niko2
K	cd:a5a7882443311c96	nhkzkei2
K	cd:a5bca334ff495807	nobubufu
K	cd:a64d271f8d2e9222	catsp1
K	cd:a679198af3497369	grimmiba
K	cd:a6ab8555a6dac89d	sshangh
K	cd:a72b9021945e84fe	links386
K	cd:a73251c01ed3f0ed	fsc11
K	cd:a85ab48b3cd0e785	horde
K	cd:a8661c63d6e5339c	trigger2
K	cd:a86d07cbb0a8be23	lesserm
K	cd:a87b4cb7dab18165	metaley2
K	cd:a8909efcc9eb500b	dualtarg
K	cd:a89deba779c7438d	anghalo
K	cd:a8a38ffe81776bd2	p_columns_cd
K	cd:a8d83597fa4a3699	powdoll
K	cd:a90d6fab1b4a8eed	fsc4
K	cd:a9564c23249746d6	funnybee
K	cd:a9626162d8f5ba1a	shkaki
K	cd:a9ce5396aac2b695	lupin3
K	cd:aa16bb9351ac5bd4	tokio
K	cd:aa5d325bb2ba2ed5	kiwame2
K	cd:aa9b3fe4335ec790	gametec2
K	cd:ab42508f2e05b7fd	mirrors
K	cd:ab8b65371fa736dd	linuxje3
K	cd:abe63664d1bbc56b	jigwld
K	cd:abe7c988329df0b2	spdelic
K	cd:ac190a48f5476554	yamikets
K	cd:ac2932fe187f8ce2	titan
K	cd:ac38d01e3a14fd1f	pyokotan
K	cd:ac49d7d3df23464a	rance42
K	cd:ac6fb55123cd3f82	gingaod2
K	cd:ac8bf4e3cf17daea	vidbible
K	cd:ad09977dc4882de6	empereur
K	cd:ad391d4484948e2b	crayonag
K	cd:ad70646526eff166	phobos
K	cd:ae0e6ebab98f2907	desire
K	cd:ae6900333b8eb97b	p_queencup_en
K	cd:aef02d50951cd1c4	zako
K	cd:af5097eccd89c800	nihonshi2
K	cd:af5744edb7070554	fsc9
K	cd:af576c9ae62b9500	gundamhc
K	cd:af85d3abf3f3dc5e	secre1
K	cd:afc6f4283f953dd8	wizardr5
K	cd:afeb31aac6e7571c	deep
K	cd:b039ed259f679ace	debuts1
K	cd:b05ee44fa19a3702	sekigaha
K	cd:b0c67214ac9707e4	p_skyduel_cd
K	cd:b0d74d5cb7360751	shamhat
K	cd:b14cd24e9f8b2cc3	dagaind
K	cd:b15a273cfb77d10c	adtennis
K	cd:b1a962241af33832	hanakiok2
K	cd:b1ee9501dfd9dddc	psydet4d
K	cd:b21d04560c2743bb	fbas1121
K	cd:b22d297dc4264a16	shinc
K	cd:b2644aa2732f6831	flashb
K	cd:b29520f8ca579c95	secre3
K	cd:b2cd065cb9d7ce68	aburnero
K	cd:b2d5af19bf3623b4	mspectre
K	cd:b31bb6e6a6e0e6ec	classrod
K	cd:b36a0504b8575696	regpowr2
K	cd:b392c391163090c3	wingscrt
K	cd:b3e874212851bf66	lua
K	cd:b3f6f5041d73ec87	gokko1
K	cd:b41e6f884f7feeae	toukou1
K	cd:b47fc87286c5e14c	wonpara
K	cd:b4bad6f99760d0a0	date
K	cd:b4fcec011a4a52ca	beatles6
K	cd:b53e17a5037b1020	g5o
K	cd:b56c0e33f5b02463	f29ret
K	cd:b5a591790339e6b9	idolproj
K	cd:b5c87818b117bf4d	p_heboris_cd
K	cd:b5d238f3ffed126f	silentmb
K	cd:b60fdae6c7b35fb4	daisenex
K	cd:b62a832ff248dfa4	sspirits
K	cd:b65faa1215782825	pmonger
K	cd:b662cd2779381c93	ilhyakka
K	cd:b67c005012837579	tss1120
K	cd:b6fee58f4edbc043	sodyssey
K	cd:b75d137c0c3099e3	oshaclub
K	cd:b764fc3a19f1a59a	pegasus
K	cd:b7c0ecc8cc3f8ece	if3
K	cd:b8a732e18336ba92	weltownso
K	cd:b8db8693e64e3221	psydet4
K	cd:b965f00209fa60eb	ningytsu
K	cd:b9a1adc38d295896	mirage
K	cd:b9ce899805fba5a0	dorses
K	cd:b9efc4eb69fca44b	prostudg
K	cd:b9fe63fe6e3d886f	hyperdx
K	cd:ba72fdaa76dd7661	anpanman
K	cd:baaa374a6878d3f1	excitcd
K	cd:bae3ad66fdf8155e	janjaka
K	cd:bba5afb09fdac6d4	healthy2
K	cd:bbb6344f5e0cd25d	nihonch
K	cd:bbeb96993c74dd84	yamane
K	cd:bc440468f5720b7c	lvalour
K	cd:bc5f224293eb0a06	inindo
K	cd:bc78dd7b68ceb2bb	timestrp
K	cd:bc7ae53f19d4f376	beast2
K	cd:bd50e9d07af6b0fa	deadforc
K	cd:bd66c4c6e07b8592	grimmook
K	cd:bd6720a6d4645cc9	scruisr2
K	cd:bdc670d732cca2c1	etsuraku
K	cd:bdf7e8f0168b4db4	fsc6
K	cd:be4fabcfb85d7d8f	provvdnz
K	cd:be5e599b19b1c7ba	if
K	cd:be6f5162d82312c2	ppersia
K	cd:be742d9476ba640b	amoudan
K	cd:bee315b3c9baf074	p_wolf3d_cd2m
K	cd:beee81af137061c5	airwar11
K	cd:bf7c8cf6cbe4e82c	chiensou
K	cd:bfd776a4bd55bcc5	nhorz2e2
K	cd:c028c504294656af	engerrnd
K	cd:c036815980dc860d	indycrusd
K	cd:c04d5de2bccde95e	battle
K	cd:c1b43af0348211c7	msdet1
K	cd:c1c00d5f6146458e	hcc1712
K	cd:c1c762de5fcca26a	psydet2d
K	cd:c21b3bf2a7d4cc2b	rinkan
K	cd:c22d7e69faf89399	zero
K	cd:c27ca5600d5db84b	psydetf2d
K	cd:c311cf7476348a4f	4thuni12
K	cd:c31b34f00dd30ca2	nihonmb4
K	cd:c3328cc7e8c13657	p_syojin_cd
K	cd:c3414a780cafb899	win95up
K	cd:c3b8a9ff5e899602	yuuwaku
K	cd:c3ba8a577b9f924f	c_frecollemarty1freesoftwarecollection
K	cd:c469337f5473f4b8	ktiger
K	cd:c4d862f8106bfb2d	fbas2110
K	cd:c4ec58919a0c3fe4	obaachan
K	cd:c4ef65c1d6465778	sslgalry
K	cd:c5570dac6fd7f0ba	wyattd
K	cd:c5b8bcaf0494e9b0	dorbestg
K	cd:c5c17d1b904cd2bf	meisotos
K	cd:c5e75ba7e8a9d2ab	necronom
K	cd:c5e8a52b0e461443	sakumori
K	cd:c5fe754f038df0f1	drgnflam
K	cd:c6004abe16ac6260	p_kurunku_cd
K	cd:c63ded2b0ed39d2f	hyprocea
K	cd:c691efeab8f1ffe0	yojusenk
K	cd:c6fb2e9f0e9a64f2	teitotai
K	cd:c776d82b02182bf7	atlas
K	cd:c77cd3a55ff92139	fwc2
K	cd:c7926209ad041428	nadia
K	cd:c7d96069faea4b58	softhard
K	cd:c7e0cddd742ee1ab	paipai
K	cd:c800c59b7218156c	tensen
K	cd:c820d58e20677fa7	lemming2
K	cd:c878ad7387e85178	asu120ex
K	cd:c8b63f6e85ac2fb7	tss1130
K	cd:c8e21be7521d3232	bestplay
K	cd:c9196602d16c8c01	nhkeigo2
K	cd:c93831ebb18dfa94	enkaio2
K	cd:c97cf1925ddc000e	ehonwrit1110a
K	cd:c983e3a153e6434e	hajiryoeim
K	cd:c9b3f14076eec358	vamphigh
K	cd:c9e434c6445bbc97	postman
K	cd:cad4caf3e800fb95	vkoubou1310
K	cd:cad97f83f6950ca6	airwar1210
K	cd:cb181d3c960a1bb6	shinjuku
K	cd:cca6584de788219a	xak2
K	cd:cca6a69a8f9a5554	townsmg3
K	cd:cd0f95eebebc1341	ayayo123
K	cd:ce58bdef0c81dce9	moonchan
K	cd:ce5dcaf03ff942cc	dorbestj
K	cd:cea3df21a9dd9c6c	spacemus
K	cd:cf2df099303bfa3d	aburner3
K	cd:cfae6746c94c6b81	kidpixjr
K	cd:cfc6eaedb7575592	knjehon2
K	cd:d00afb1573fa4dcf	linuxje
K	cd:d0899d41d271c0b7	uwaki
K	cd:d0fa0853f504cf27	manyoshu
K	cd:d13add4f44b4c1bd	townsmg2
K	cd:d23dd43878ab04c0	eup2mtr
K	cd:d2ac2be169e7502b	mightmg3
K	cd:d35606e07ec9a049	onlyyou
K	cd:d3939a9001b06421	kusuriyu
K	cd:d3c39c7f3f309ab0	bacta12v
K	cd:d515f86feb687c65	martych
K	cd:d51d5da4084091fa	kataehon
K	cd:d5a547941b0b8879	nihonmb2
K	cd:d66f6ab89edca080	zatsuon
K	cd:d6f11f5460d39537	fmtstdemo
K	cd:d7191befe63459aa	infest
K	cd:d816d6b36c8a3880	kanade1110
K	cd:d855d5614f9d4365	hanayor2
K	cd:d868f56fb2d71b54	cm2itsuk
K	cd:d8f77a113ae3233d	townsmgs3
K	cd:d908f498e20c1a2e	manami
K	cd:d964442133de1764	ehonwrit
K	cd:d9b4161e5550c254	wizardr6
K	cd:d9f875a816c70ece	dorbestg
K	cd:da58036d09b09b02	cybrmotn
K	cd:dac61a9dc4466d51	tenderlt
K	cd:db26af904fdfd3d4	wonpara2
K	cd:dbe024c8139e1887	branmar2
K	cd:dc08d267064c7eda	fbc1121
K	cd:dc25bf4996e6e1e6	tsound1110
K	cd:dc3dde4fd1b59ac5	kyofmt3
K	cd:dc6a009841e950e9	habitat1110
K	cd:dc82c6ae463ed6eb	wingcom2
K	cd:dd34d590813ef040	excd94s
K	cd:deaeb0a78187fd7f	airwar1211
K	cd:ded009fb50d90384	hanapon
K	cd:defab632aa027f36	tpaint10
K	cd:df0ca64d33e334ea	tania
K	cd:df40ac1df5ff79df	townsvn
K	cd:df8869570f396895	xenon
K	cd:dfa5b27e2e433c8d	shanghai
K	cd:e009168733d991d1	emeraldd
K	cd:e0c406b072eef600	veildark
K	cd:e1b2a653ed1370b2	simant
K	cd:e1f08ae3b6fd0ad0	nihonrseo
K	cd:e1fadb1ae5a4688e	martych2
K	cd:e260f758ffd6cbb2	sayonara
K	cd:e2874c78a275a0ef	tss2131
K	cd:e2875065d33a7af1	rance4
K	cd:e296366905ba2104	ishido
K	cd:e2f3572e2a514d06	ambivalz
K	cd:e355583080bd9ec0	townsvn1110
K	cd:e36968f33deb6100	playroom
K	cd:e3b055d3b20a7cf2	hypchttv
K	cd:e4180fe7f7cfa79f	toutrun
K	cd:e478c85af05cb748	retzork
K	cd:e4896f9569e8da07	indy4
K	cd:e4b981350ff69b15	dmaster2
K	cd:e51217ed6833e59d	4dboxing
K	cd:e51450bc3645e427	rance3
K	cd:e586f3394418fe0c	nhkeikai
K	cd:e60a61735c635b3b	3dgolfha
K	cd:e62759805433ee16	kbounty
K	cd:e64e449ae4dfe369	fmthcdd1
K	cd:e6ae2e12c1c08e13	ssf2
K	cd:e6ba91dcf1af4600	linuxje
K	cd:e6d38afbc806a5b1	psydet1
K	cd:e772a4383b62bdd1	beast
K	cd:e7802db8f9dabe65	dyneddemo
K	cd:e7c8b451fec98bfb	secredemo
K	cd:e7daad79216aa181	ayayo4
K	cd:e809942dd83badf6	nobuhao
K	cd:e83016e6844a4fc4	panicbom
K	cd:e874bf84ab0e573f	emit1d
K	cd:e88ffc898ec9e8ae	shangrl2
K	cd:e896a5cc6c105d39	kidpixcom
K	cd:e8a417c9e6e18ce4	angel
K	cd:e92649ff2cc89b49	nihonmb5
K	cd:e9abf973d4eb2b0b	bellsav2
K	cd:ea0473824f1331c4	marineph
K	cd:eb48ac4c598898c5	excd94s
K	cd:eb9637440eb9c7e6	cancanbp
K	cd:ebd7c2bafbee9c9a	evolutn
K	cd:ec4cd9d6e326d944	tenranma
K	cd:ed689537a7b39f4b	strongh
K	cd:edf59501d0959e93	czukan
K	cd:eeecea8eeb3d04a0	togenkyo
K	cd:ef006ad83b47180f	hcc1713
K	cd:ef325e4316ae1497	madstalk
K	cd:ef40d7d93a93fdd7	fbas1120
K	cd:efd5dd346a329073	4ddrivin
K	cd:f0628cf943f0f456	tss2150a
K	cd:f09e37cbe9ebebef	fsc7
K	cd:f0d3a21459d2ba95	ultima4
K	cd:f12c981341f3f1a7	knjehon
K	cd:f14fb549c1e054e8	heartron
K	cd:f17d3fd155bbb329	parapara
K	cd:f1897e5264424de5	yojusen2
K	cd:f235f90442441ad7	landlore
K	cd:f236512a9175dcd6	menzober
K	cd:f2e764f08c8ccde8	mastercd2
K	cd:f300fe847381c234	dreamy
K	cd:f3160a1f1a2f0523	dracula
K	cd:f3490f6b421d3a34	msdet1m
K	cd:f3c831b4dcae6a4f	vircall2
K	cd:f4900a0b91f21274	eyebeho2
K	cd:f49cb33f6e597b2e	airmanag
K	cd:f4bf08db5b7ede10	habitat2110
K	cd:f5ebbec02c8ad550	dokivact
K	cd:f699ee7b3bb04acb	opwolf
K	cd:f6ba078679662ced	ultima5
K	cd:f72d30ced9e87df6	tss2120
K	cd:f73742c519464067	condor
K	cd:f74c79e30990254c	oasyswin
K	cd:f774e2806b2b3d9e	aska
K	cd:f7ad6ff5c7a6604d	mjhtry
K	cd:f864d81379b79e00	94nicegal
K	cd:f882e14eaee22287	mjripple
K	cd:f944fc17716aa5ad	aitd
K	cd:fa7ec2e7a1fafd56	crystalr
K	cd:fa855c4c19bd74fd	nandemo2
K	cd:fabdcad193dc91f1	gokumand
K	cd:fae8c1b80e27c12f	diving
K	cd:faf3197f89d9b34f	secre4
K	cd:fafbe51945d453dc	strike
K	cd:fb01518f4c61e42b	linuxje
K	cd:fb4b2150c59bb6a7	parapara
K	cd:fb9d84d84f5e24a3	narumj
K	cd:fb9f4c12a683a7b4	fbas1110
K	cd:fc422dae9d0a6fa3	deja2
K	cd:fc42f76bbd2981d1	mmorphd
K	cd:fcb56a5fd3e53ffb	defana
K	cd:fcca61f8fc10a030	debut
K	cd:fcd673d70d237fa7	joker
K	cd:fd4116748105feed	arsrent
K	cd:fd716d08b1519127	musicmaclto
K	cd:fdb4c18c59bdca8a	ravnloft
K	cd:fe25349e77e5c5a5	denurse2
K	cd:fe33f8324a9bb676	cameltry
K	cd:ff2f54b9ad21d875	elfish
K	cd:ff733be7a28fcba2	pegasus
K	cd:ff8cb53ca447f8f1	deathbrd
K	fd:004f6a5ab28977d7	superdps
K	fd:01f256a5aa8ea8c2	tss1130
K	fd:02b99433b33bbf9a	superdps
K	fd:02bd722700e690ad	msdos31l24
K	fd:02c9501da194a861	daisenr3
K	fd:049466d4b6325062	c_babobippashitsu
K	fd:04a053f299f4791f	psydet4
K	fd:052978e5d4f55fd3	c_tropicalisland
K	fd:055e69e8d8e7e580	hhunt04
K	fd:0598514ae53f0c3c	jinmon
K	fd:06228bfdb2ae6318	hhunt04
K	fd:074f7654bc03ebd7	wang
K	fd:093dad3168074c60	tssl20
K	fd:098600a92a2492b7	brandish
K	fd:0b08682e31799ce7	swordedgse
K	fd:0ba7457476a9dd3b	cal
K	fd:0bc045ac740f4c71	gametec1
K	fd:0bde875860f7011d	tssl20
K	fd:0e059dceb7f499f4	wang3
K	fd:0f53042fd2e5a6d8	kyrand2
K	fd:10e7228db0a88b7a	toshinto
K	fd:10f3c67136dda83e	reira
K	fd:1109972a55b5149d	tqodo
K	fd:117a7eafc4f5a013	idolproj
K	fd:11dd1077b39e0d1a	futoph10
K	fd:11ecd85ca5aa8c8a	c_flyingcarpet
K	fd:1330c6761767a138	15puzzle
K	fd:14d8a21fc6073703	ultimatr
K	fd:156546e51a58f0d5	p_ysboot_fdscsi
K	fd:15872d210ca2760c	c_flyballguy
K	fd:162665d5c250c4a1	reira
K	fd:18d46d91cbec0332	indy4
K	fd:19a95b542114f3d0	shogisei
K	fd:1bcc5439e8a22c63	hypraddro
K	fd:1c8007a32ab641b0	kawaichi
K	fd:1c92c252d92fb0c0	c_tanyocrest
K	fd:1d194e27b51097f9	c_cowpanic
K	fd:1d28281a127bff89	sodyssey
K	fd:1e21adb09bc06f37	hhunt10
K	fd:1eb5fe22faa6f800	batfght2
K	fd:1f359ddead2a29e0	ushinawa
K	fd:20882a7404889c98	c_santaclaus
K	fd:2198a7e2f358faff	dpssg3
K	fd:246b08d615fb74dc	dalk
K	fd:24afcf41b226fc90	38man
K	fd:251971ca3b80c9c4	aressh4
K	fd:2533462b79e38aec	hhunt12
K	fd:2539f7e9a5eac2d2	rance2
K	fd:261e07c8516ed54b	aska
K	fd:27074889de2e0aa8	goh2
K	fd:2715f599e2df42b8	wang2
K	fd:27af7dc12ca9371f	wang2
K	fd:289c5cdc94417138	mujintou
K	fd:28ad70758f90699f	toshinto
K	fd:2926d7a2e9f9d5c9	superdps
K	fd:2a4c13ab9af2a1f1	c_ponex2
K	fd:2ab89c6a134f9ae5	drstop
K	fd:2d1ea8c2db6fd947	c_kuronver10
K	fd:30239d92d3211f0b	hhunt08
K	fd:3103473bb0c478e5	4dtennis
K	fd:312246560a6ee6b3	toshinto
K	fd:31d84ca787a24d21	toshinto
K	fd:33c0f27f6819ec02	premium2
K	fd:33dc2e5a32192f25	monkey2
K	fd:34b637b9c3ccba6b	asuka120
K	fd:353789ebfe27a0cb	toshinto
K	fd:3567903935c55ac7	rance
K	fd:3571450534fc3474	nobuhao
K	fd:3667b0a7cf8236dd	wang
K	fd:38e7d7560ab0c651	superdps
K	fd:392f13e924d0bed1	reira
K	fd:3945ec4f84596691	wizardr5
K	fd:3982f8b1badc9096	c_highcolor
K	fd:3a24393547f73414	c_battleshipwavesv30
K	fd:3a3df5fb65093e57	psydetf2
K	fd:3b1ae6bd7a333e54	c_vorious
K	fd:3c5ee49bf1101b90	drstop
K	fd:3c79b6364368fc0f	irium
K	fd:3d4279158b43b268	c_toweroftreasure
K	fd:3d46c320aad5a115	toshinto
K	fd:3df330501c9563d6	irium
K	fd:3e10e270ca8be52e	rance2
K	fd:3e3f4bd0c25f2e59	swordedgme
K	fd:3e829e08aa02ac7e	kawaichi
K	fd:3e98b73cd428f0c6	powdoll
K	fd:3f7cbb6c6dbcbc84	tssl20
K	fd:3f7cde71a978064d	superdps
K	fd:418bab2af4d6366c	ab2again
K	fd:429cdae4030e6b58	funnybee
K	fd:4358ecf43098c0fe	exgmaze
K	fd:43e67b2c15fadcaf	mister
K	fd:4478f9ba56a74f86	bliss3
K	fd:45cff37a1deb8253	rance2
K	fd:46542c3e02b88040	gametec2
K	fd:465932f5fafa8ac4	dps
K	fd:470ef722dc010436	bliss2a
K	fd:4766d79bf18c1516	marineph
K	fd:476e2fc67bd7638d	toshinto
K	fd:47f093c64211b4f2	toshinto
K	fd:49dd0196c644f056	ldawn2
K	fd:4b9f72a123638ed0	wang
K	fd:4c30eeba2893e301	tactairw
K	fd:4d9eb8c2cd21c84c	vircall
K	fd:4eadf0d6aa3fec28	uwaki
K	fd:4ec2c62de648fcf5	powdoll
K	fd:4fee760360c20688	asuka120
K	fd:5128c56394a7ee86	wang
K	fd:519ced2973ff9872	wizardr6
K	fd:52bcff8989b8bf81	ushinawa
K	fd:53c19cd4648019df	futoph04
K	fd:54823a53ef99fce3	dpssg3
K	fd:54abc68020453b6e	c_pon
K	fd:54b3f5bdc25a4684	futoph08
K	fd:57ba4a3ae1b5f93b	c_onepersoncardgameenola
K	fd:57c3fa7e692532a2	toshinto
K	fd:57f5bfec45ffda7c	dalk
K	fd:5900ee0e837f6c84	dpssg3
K	fd:59140c3342bef081	dpssg2
K	fd:59376bbe8302881d	ushinawa
K	fd:59d0e767caf20756	hhunt12
K	fd:5a772e4036eda1c1	dps
K	fd:5a8074c9b900139c	wang3
K	fd:5b5d5459b271cdf1	kiwame2
K	fd:5bcbaa5a2d5479b2	superdps
K	fd:5c49c3d94f6f0073	c_secretofdragontower
K	fd:5d43897e39f67907	panicbl2
K	fd:5d823064e3e9cb04	pmonger
K	fd:5f5852e6d4e4c465	hhunt02a
K	fd:5fb57b3b2be51154	tss2151
K	fd:5fd35a73ceb842d8	lodoss
K	fd:608d691a99464740	hhunt11
K	fd:60fa9d262c4c303f	sotsu93
K	fd:631bfd0eff9de161	ppersia2
K	fd:6330c2d923d87aa9	wang2
K	fd:63eb0d7a0610210f	irium
K	fd:640c62a118ff6ab6	c_rollpapergamev116
K	fd:65ec4f75ac226266	scruisr2
K	fd:6639dde9cfbe716a	c_tanyocrest
K	fd:66b1c952257185bd	toshinto
K	fd:66ba542746f5829a	yamikets
K	fd:6800d584fb69f32d	scholar
K	fd:6930fb374b318557	sorenanp
K	fd:6b1a45f1d416f537	airraidr
K	fd:6c2fee368c1dafce	dpssg
K	fd:6c3ac768eb977c4c	dpssg3
K	fd:6ce721a4cbbbea4c	psydetf1
K	fd:6d871b20c6f38413	bliss1
K	fd:6ee826c4affa7dd4	wang2
K	fd:6ef53a3aceaf1852	hhunt03a
K	fd:6fc2d1cc7bcca9bd	c_towerofflame
K	fd:728f11d93960166c	dreamfgt
K	fd:7310207c0b954542	c_junkender
K	fd:7324a73cfea170cf	superdps
K	fd:733c7ad3eee7eac1	dpssg2
K	fd:7353c678a1613e02	dpssg
K	fd:73590e15c9a83417	wang2
K	fd:74dddcf070b59bfe	c_guppybeater
K	fd:75655630b3be0df0	rks
K	fd:760bd3cd6aca7953	superdps
K	fd:7624fafcb68f9eb8	hhunt01a
K	fd:76a48189fff1e0ab	dinosaur
K	fd:783a269d5e1517e6	hhunt11
K	fd:789ae7033c0e2445	tssl20
K	fd:7950518c9a1205ac	batfight
K	fd:797999f4d0be9c31	dagain
K	fd:7a11be81d2064701	drstop
K	fd:7a37e99b73e04d93	kawaichi
K	fd:7af7a6120f29de68	lastarmgo
K	fd:7b8d5ded7e1eb2d5	dpssg2
K	fd:7b95d93facc114a1	reira
K	fd:7bc145a7d950c2ca	toshinto
K	fd:7ca0578f00b473fb	c_yakata
K	fd:7e55b9b47e5a7479	rance
K	fd:801b1d5ef5d4d4b5	dpssg
K	fd:81601b156614b1a8	abunaten
K	fd:820bf713585eaa67	irium
K	fd:841ad4954ba71f10	superdps
K	fd:84e0ef48eaaddd26	lemming2
K	fd:8581e868e380d252	dpssg
K	fd:85bf3744205c283c	mflcan2
K	fd:864bd543e8818a4b	shinc
K	fd:87c22a63085fd95d	zan2
K	fd:890011deffe05cf2	c_swapswap
K	fd:8a2db50810c1d3a8	wang2a
K	fd:8aa7a00ad087597d	futoph06
K	fd:8ab148f4c848ef0d	tokio
K	fd:8b87558020e98a7c	planatkr
K	fd:8c83a444e5b4552f	ushinawa
K	fd:8de36661850483a0	mightmg5
K	fd:8e618586a8d468d7	hhunt05
K	fd:8e816491a4277b06	toshinto
K	fd:8fac82d058b42625	rance
K	fd:8fe0d8cdd99fabde	ultimatr
K	fd:90c2f4ce6d203c64	hhunt02a
K	fd:9172e41c40077e8c	abunaten
K	fd:91c61c3d9d5ca72b	tssl20
K	fd:91efe9085137258a	drstop
K	fd:91f8fa15c7395a28	dinosaur
K	fd:921480c35a2d31ab	prostudg
K	fd:928fcdd88bb5364a	c_littleredridinghoodv13
K	fd:94cb338cb42c7977	schwarzs
K	fd:94d462c219934984	hhunt09
K	fd:94ed803f510775d5	tssl20
K	fd:9530560bc75ab98b	hhunt08
K	fd:95a42e62c32d9483	yojusenk
K	fd:975a59572e23d403	mparadox
K	fd:97cf06e244247c72	c_renjuver12
K	fd:97fab887081c4a30	rance
K	fd:98685bedaa02f20e	asuka120
K	fd:98f3aa511de86538	wang
K	fd:9a068801204a64b3	c_monkeyturtlever103b
K	fd:9a1e7144945d869b	dpssg3
K	fd:9a4961b926e0abc3	tactairw
K	fd:9b19a378d12f2501	ultuw
K	fd:9b6fb729176adfdb	p_cameltry_fd31k
K	fd:9c7619fc4454130e	irium
K	fd:9c7641cae61655a3	daisenr3
K	fd:9cc9a2be8fb430a7	toshinto
K	fd:9d960433b01d8d49	hhunt09
K	fd:9e9e75d58efee788	ayareiks
K	fd:9eceaa112c486f2d	helicmd
K	fd:9fa2283971467882	rance
K	fd:9fdba44a91bcc398	alice
K	fd:a0981d9c41451d64	ushinawa
K	fd:a18a4020b5a9cdf9	gunship
K	fd:a2f90309f1a01a38	asu120ex
K	fd:a345dec79fc2c688	angel
K	fd:a35944370673fbf4	rance
K	fd:a4c03b7e9712087c	futoph05
K	fd:a4dc5b34cf261de1	anghalo
K	fd:a4e3862d21c10e0c	vircall
K	fd:a68af5bcf21aee78	wang
K	fd:a6a53a9a44679851	dinosaur
K	fd:a706ac67985fa260	hhunt07
K	fd:a747574e88dfa96d	heliresq
K	fd:a7a430612108b997	grndatak
K	fd:a855558deac586b1	premium2
K	fd:a8cb319dd7883717	cybrcity
K	fd:a8d75818197c693e	rance2
K	fd:a96ad927d51ccaa9	toshinto
K	fd:a9cfd9806dd36bde	debut
K	fd:a9ddbb3dcfcaf4f7	kiss
K	fd:aac32e20f9b5edc3	abas
K	fd:ab9d8fe64f9f888b	brandish
K	fd:ac3ac30692e8bf84	wang2
K	fd:ac57d834023f57b3	brandish
K	fd:ac642b9b8acd5905	hhunt12
K	fd:ad03ae4aead7f9fe	p_ysboot_fd
K	fd:addf06050b375dc0	c_tanyocrest
K	fd:adeca23e31c48320	wang2a
K	fd:ae0bda0845778fc4	swordedg
K	fd:aec30072f1645d48	dpssg3
K	fd:aee71a2c18306692	quazzle
K	fd:b0cad51db7df37f7	reira
K	fd:b0ed4559d819c94e	breaktow
K	fd:b11dff7fd5b9e890	dpssg3
K	fd:b2d9dfbc95a75c0c	wang2
K	fd:b3d612f566861240	cameltry
K	fd:b5a3ecbce0d76e60	pmonger
K	fd:b5ae1126a83d521a	reira
K	fd:b610e86faa6f3efb	futoph07
K	fd:b6a0eea45cf1088b	kyrandia
K	fd:b70ba45d7cccf452	vzedit
K	fd:b7e78eff3e3c5845	ultuw
K	fd:b88aca54469b0df0	sorenanp
K	fd:b8a4cc2fe407ce2a	lemming2
K	fd:b8dc4a02948b8670	rumstorm
K	fd:b91605fdf0078511	bau
K	fd:b91828840f3aedf3	c_babobippashitsu
K	fd:b978cf6f12a20cbb	c_raincatcherironman3
K	fd:b9e0f9f3d92a9f74	hanapon
K	fd:b9ed7e4130dd3686	psydet5
K	fd:ba1321b7e279d3ba	premium2
K	fd:bc5339cae9a2f4ed	taikoris
K	fd:bd8ac38355c33eb8	abunaten
K	fd:bdf8f410d65162d1	dps
K	fd:be0cc33f4731f7e2	atlas2
K	fd:bebf3a4b310428cd	rance
K	fd:bf4683c765a87cd1	ayumi
K	fd:bfa742cb596de0aa	abunaten
K	fd:bfb5a143b7e88ea5	ambivalz
K	fd:bff044cdbed9c851	sspirits
K	fd:c054e0d6821530e0	rance2
K	fd:c0b4061a9900d419	shogisei
K	fd:c0bdf8f5b3520f17	dpssg
K	fd:c0cf93da493db82f	wyatt
K	fd:c1db6f5090ea013a	superdps
K	fd:c264d028629c8977	xak3
K	fd:c2f6dcbafaeca0c8	kawaichi
K	fd:c39993ea8f43d49c	ironfist
K	fd:c3a8f90685a5772e	sspirits
K	fd:c431b238b48effc2	futoph09
K	fd:c5415b5308d65fd8	rance2
K	fd:c5b47db4a057809b	provvdnz
K	fd:c7203c22586c1a71	mightmg4
K	fd:c925a4130b8fd59d	toshinto
K	fd:c966ac6361ad7dde	biblemas
K	fd:ca6043baa21a79c8	heboris
K	fd:ca7cc4c3018cd0f0	3x3eyes
K	fd:ca838b49b48e62c9	lodoss
K	fd:cab95fce7f8f07d8	mightmgw
K	fd:cacbe89385434fe8	hhunt10
K	fd:cacea1a0bf57217d	c_dragonstreasure2
K	fd:cb48857a1a9632e5	superdps
K	fd:cbf6a282b82b8f0c	hhunt06
K	fd:cbfc1b4eec7c1517	abasnew
K	fd:cc10b0bc127d924a	tss1130
K	fd:ccc6aa59deeff5cb	planatkr
K	fd:ce6800dde1337c01	daikokai
K	fd:ce9bc026f3e7087f	psydet1r
K	fd:ceacbfee00b3bdd6	vircall2
K	fd:cf89ba1adcdee2ab	c_1rangershipestel
K	fd:d094aaeb227b30a3	wang
K	fd:d115d60bed886df7	c_darkdungeon
K	fd:d1add33f1168ead8	lettuce
K	fd:d1b405ce1e557260	kastalia
K	fd:d291ffa56f2397ab	hhunt06
K	fd:d556099c0f5db7a6	bfmaria
K	fd:d56c962a4d3cf43e	tss2151
K	fd:d59073448970e960	cm2itsuk
K	fd:d5bda59932eeeb42	dpssg
K	fd:d5f93b1423652a33	hhunt05
K	fd:d604f3ad0c399e88	wang2
K	fd:d650996a3b537509	sorenanp
K	fd:d8cd80800e974474	vircall
K	fd:d922540977d22b79	shogisei
K	fd:d9dd4a0ee344ecce	alshark
K	fd:da1c6dccc9b815d9	c_toweroftreasure
K	fd:da68a407d985999f	rumuder
K	fd:dbe490f8baf8829a	hhunt08
K	fd:dc8d7f47586d1cce	mclubdx
K	fd:dcc27e606951b525	hhunt03a
K	fd:dd5dc1da98ca58ae	sotsu93
K	fd:de4722d1d52bb331	dps
K	fd:de901b8377254add	dpssg
K	fd:df77cf7553e0c6dd	superdps
K	fd:e03ee288661a2115	hhunt10
K	fd:e1469c0927cd7550	batfght3
K	fd:e1625d773e16c2a2	airraidr
K	fd:e191c07ffa7549ef	yuuwaku
K	fd:e25bd39652a3de50	c_guppybeater
K	fd:e2fc1e6e7b761cfc	kyrand2
K	fd:e304c15ace5dcfeb	hhunt07
K	fd:e47d4e585ffc4a5e	deep
K	fd:e4e625fece69245e	c_shisenshover15
K	fd:e54d51316dbd93d8	futoph02
K	fd:e563081b3aaa55bf	swordedg
K	fd:e5d9238dfb93fe71	draghalf
K	fd:e5db22c7da9b036e	wang
K	fd:e648a2e633397222	genchohi
K	fd:e7189df135ed29d8	ultima6
K	fd:e78b45b3aabbfac1	columns
K	fd:e7945f68461d6f4f	premium2
K	fd:e7d72932c62af551	hhunt09
K	fd:e971b2d79a591cd3	wang2
K	fd:e9def8083402427f	c_slimerunpart4revised
K	fd:ea667eef07c677c9	rance2
K	fd:ea93692355bbaeba	wang2
K	fd:ec895ff14e3e7d97	tss2151
K	fd:ec8b821b9cdb1680	hhunt11
K	fd:ed43c4811b94db62	dpssg
K	fd:ed782a5995b84482	rance2
K	fd:edb7173cc22ebe96	tenkagom
K	fd:ede018ff76ebb7da	futoph03
K	fd:f07a2893b8bd85df	c_reversemaster2000
K	fd:f095d0bc5815da8f	musicproo
K	fd:f0f65114923e3451	denurse
K	fd:f17ea787c22255b2	srogue
K	fd:f2141d4788e8deee	bliss7
K	fd:f29fd20f32baae33	msdos31l24
K	fd:f37b08bb361e8825	daikok2
K	fd:f462d8e7eefb64c1	hhunt07
K	fd:f4bc7b99f422d65b	abunaten
K	fd:f4c10621bc11a243	emeraldd
K	fd:f6349b4741bbf068	vaindrem
K	fd:f64d24fc6902c6a5	hhunt01a
K	fd:f78d5b690bad8fff	abel
K	fd:f7ed7fab64aa9b51	brandish
K	fd:f9f16ed3f19bcd3b	wangs
K	fd:fa2c9bcf6a532ee2	rance4
K	fd:fa9596c0bed33681	hhunt12
K	fd:faa3b179b617f8f1	kawaichi
K	fd:fab23de641f96eea	vaindrm2
K	fd:facac84133976e35	c_skyduel
K	fd:fbc0c024d8b94739	bliss2
K	fd:fc1c1fc59b2bce40	dpssg2
K	fd:feaa53452ca3bcae	reira
K	fd:feddc2b8e423bc6a	ayareiks
K	fd:ff1db4914649e629	rance
K	fd:ff39f8b6cffaeac4	abunaten
K	j:【テクノストレス予防法シリーズ】ストレス	stress
K	j:【テクノストレス予防法シリーズ】疲労	hirou
K	j:【テクノストレス予防法シリーズ】鎮静	chinsei
K	j:あすか	asuka120
K	j:あすかエクセレント	asu120ex
K	j:あなた～フリーソフトウェアコレクション	anotowns
K	j:あぶないてんぐ伝説	abunaten
K	j:あゆみちゃん物語	ayumi
K	j:あゆみちゃん物語ヒントディスク	ayumihint
K	j:あゆみちゃん物語実写版	ayumijb
K	j:いい旅いい味ご案内〈ふるさと小包＆かんぽの宿〉平成元年度版	iitabi
K	j:えほんらいたー	ehonwrit
K	j:えほんらいた電子絵本イソップワールド第１集	aesop1
K	j:おかしなマザーグース	mumgoose
K	j:おしえてぬーぼー	noobow
K	j:おしゃれクッキング	oshacoo2
K	j:おしゃれ倶楽部	oshaclub
K	j:おばあちゃんの知恵袋	obaachan
K	j:お気楽ＴｏｗｎｓＧＥＡＲ	okitgear
K	j:かとうれいこ	secre6
K	j:かんじのえほん	knjehon
K	j:かんじのえほん２	knjehon2
K	j:きゃんきゃんバニー・エクストラ	cancanbx
K	j:きゃんきゃんバニー・プルミエール	cancanbp
K	j:ぎょっぴーべーだー	c_guppybeater
K	j:くぁずる	quazzle
K	j:くうろん	c_kuronver10
K	j:くすり指の教科書	kusuriyu
K	j:けろけろけろっぴとおりがみのたびびと	keroppi
K	j:ここは楽園荘	kokorak2
K	j:ことばあそびＣＤＶＩＥＷＨｉＰＣＡＴＣＨ	hipcatch
K	j:さよならの向こう側	sayonara
K	j:しせんしょう	c_shisenshover15
K	j:そけゆけナンパくん	sorenanp
K	j:それいけ！アンパンマンたのしいえいごあそび	anpanman
K	j:それゆけ！ダイビング	diving
K	j:どきどきディスクＣＤ版第１巻クラブＤ．Ｏ．事務局	dokidok1
K	j:どきどきディスクＣＤ版ＣｌｕｂＤ．Ｏ．ｖｏｌ．２	dokidok2
K	j:どきどきディスクＣＤ版ＣｌｕｂＤ．Ｏ．ｖｏｌ．３	dokidok3
K	j:なる麻雀	narumj
K	j:はじめての旅行英会話	hajiryoei
K	j:はっちゃけあやよさん	ayayo123
K	j:はっちゃけあやよさん～セクシー・オリンピック～	ayayo4
K	j:ばう	bau
K	j:ばぼびっぱしっ	c_babobippashitsu
K	j:ぱらＰＡＲＡパラダイス	parapara
K	j:ぱらＰＡＲＡパラダイスあっぷでーとディスク	paraparau
K	j:ひらがなのえほん	hiraehon
K	j:ぴょこたんのちえあそび絵本なぞなぞめいろ大ぼうけん	pyokotan
K	j:ふしぎの海のナディア	nadia
K	j:ぷよぷよ	puyopuyo
K	j:ぷりんせすでんじゃあ	prindang
K	j:ぷろすちゅーでんと	prostudg
K	j:まなみのどこまでイクのリターンオブ黒パック	manadoko2
K	j:みさとちゃんの夢日記	misato
K	j:やじうまペナントレース２	yajipr2
K	j:ゆみみみっくす	yumimimx
K	j:よくわかる算数小学２年	ywsansu2
K	j:アイドルプロジェクト	idolproj
K	j:アイ・オブ・ザ・ビホルダーザ・レジェンド・オブ・ダークムーン	eyebeho2
K	j:アジャ	azure
K	j:アドバンテージテニス	adtennis
K	j:アマランス	amarant3
K	j:アメリカ横断ウルトラクイズ	amoudan
K	j:アルキルフォス	arquelph
K	j:アルシャーク	alshark
K	j:アンの夢の国	anneyume
K	j:ア・ラ・ベ・ス・ク～少女たちの織りなす愛の物語～	arabesq
K	j:イフ	if
K	j:イマージュ	image
K	j:イメージファイト	imgfight
K	j:イラスト百科～山下秀樹のいきいきカット集～	ilhyakka
K	j:イリウム	irium
K	j:イリュージョンＣＧコレクションＶｏｌ．１柔肌美少女	yawahada
K	j:インクレディブル・マシーン	tim
K	j:インディ・ジョーンズ～アトランティスの運命～	indy4
K	j:インフェステーション沈黙の惑星	infest
K	j:イーリス亭小夜曲	iris
K	j:ウィング・コマンダー	wingcom2
K	j:ウィング・コマンダーシークレット・ミッション	wingscrt
K	j:ウイングコマンダー	wingcomm
K	j:ウイングコマンダーアルマダ	wingcmar
K	j:ウエディング・エラントリー逆玉王	wedderra
K	j:ウルティマ	ultima4
K	j:ウルティマトリロジー・・	ultimatr
K	j:ウルティマ偽りの予言者	ultima6
K	j:ウーマンズ・メモリ	womanmem
K	j:エアマネジメント大空に賭ける	airmanag
K	j:エアーコンバットスペシャル	aircmb2s
K	j:エイト・レイクスゴルフクラブ	3dgolfel
K	j:エイミーと呼ばないでっ	eimmy
K	j:エクセレント	excel10
K	j:エターナム	aeternam
K	j:エミット命がけの旅	emit2
K	j:エミット時の迷子	emit1
K	j:エミット私にさよならを	emit3
K	j:エメラルド・ドラゴン	emeraldd
K	j:エル	elle
K	j:エルムナイト	elmknigt
K	j:エンゲージ・エランズ～光輝を担うもの～	engerrn2
K	j:エンゲージ・エランズ～魅惑の使徒たち～	engerrnd
K	j:エンジェル	angel
K	j:エンジェル・ハイロウ	anghalo
K	j:エヴォリューション	evolutn
K	j:オペレーション・ウルフ	opwolf
K	j:オート・デモ９３冬	autodm93
K	j:カスタム・メイト／電話のベルが	cm1denwa
K	j:カスタム・メイト２／いつかどこかで	cm2itsuk
K	j:カスタリア	kastalia
K	j:カタカナのえほん	kataehon
K	j:カラオケ	tkaraoke
K	j:カルメン・サンディエゴを探せ世界編	carmnwld
K	j:カース	curse
K	j:ガジェット	gadget
K	j:ガンブレイズ	gunblaze
K	j:キャッスルズ	castles
K	j:キャッスルズ～ブルターニュ統一戦記～	castles2
K	j:キャッツ・パート１	catsp1
K	j:キャメルトライ	cameltry
K	j:キャル完結編	cal3
K	j:キランディア運命の手	kyrand2
K	j:キングスバウンティ盗まれた秩序	kbounty
K	j:ギャラクシーフォース	gforce2
K	j:ギャンブラー－ＱｕｅｅｎｓＣｕｐ－	queencup
K	j:クイズ番長	quizban
K	j:クイーン・オブ・デュエリスト	tqod
K	j:クイーン・オブ・デュエリスト外伝＋外伝	tqodga
K	j:クラウズ・オブ・ジーン	mightmg4
K	j:クラシック・ロード	classrod
K	j:クリスタルリナール－逢魔の迷宮－	crystalr
K	j:クレヨナージュ	crayonag
K	j:ゲーム日本史～天下人秀吉と家康～	nihonshi2
K	j:ゲーム日本史～革命児織田信長～	nihonshi1
K	j:コラムス	columns
K	j:コレクターＤ	collecd
K	j:コレクターＤ番外編極楽台西地区セールス大作戦	collecdb
K	j:コンピュータ図鑑植物篇	czukan
K	j:ゴルビーのパイプライン大作戦	gorbypip
K	j:ゴルフ・リンクス３８６プロ	links386
K	j:ゴルフ・リンクス３８６プロチャンピオンコースＶＯＬ．１マウナケア・ビーチ・ゴルフ・コース	links386cc1
K	j:ゴルフ・リンクス３８６プロチャンピオンコースＶＯＬ．２ファイアストン・カントリー・クラブ・サウス・コース	links386cc2
K	j:ゴルフ・リンクス３８６プロチャンピオンコースＶＯＬ．３バンフ・スプリングス	links386cc3
K	j:ゴルフ・リンクス３８６プロチャンピオンコースＶＯＬ．４インニスブルック・コッパーヘッド・コース	links386cc4
K	j:サイキック・ディテクティヴシリーズ・ファイナル「ソリチュード（下巻）」	psydetf2
K	j:サイキック・ディテクティヴ・シリーズアヤ	psydet3
K	j:サイキック・ディテクティヴ・シリーズインビテーション	psydet1r
K	j:サイキック・ディテクティヴ・シリーズインビテーション影からの招待状	psydet1
K	j:サイキック・ディテクティヴ・シリーズオルゴール	psydet4
K	j:サイキック・ディテクティヴ・シリーズナイトメア	psydet5
K	j:サイキック・ディテクティヴ・シリーズメモリーズ	psydet2
K	j:サイキック・ディテクティヴ・シリーズ・ファイナル「ソリチュード（上巻）」	psydetf1
K	j:サイバーシティ	cybrcity
K	j:サイバー・スカルプト	cybsculp
K	j:サイバー・モーションＶ１．０	cybrmotn
K	j:サイベリア	cyberia
K	j:サイレントメビウス	silentmb
K	j:サディスティック・ゲーマーズ・シンドロームエピソード	sgamerss1
K	j:サディスティック・ゲーマーズＰａｒｔ３～テレフォンプレイ～	sgamers3
K	j:サディスティック・ゲーマーズＰａｒｔ５～ブルセラ・プレイ～	sgamers5
K	j:サムライスピリッツ	sspirits
K	j:サルゴン	sargon5
K	j:サークジ・エターナル・リカーレンス	xak3
K	j:サークライジング・オブ・ザ・レッドムーン	xak2
K	j:ザ・デートこれで彼女はぼくのもの！	date
K	j:ザ・ホード	horde
K	j:ザ・ヨットマン	yachtman
K	j:シムアント	simant
K	j:シムアース	simearth
K	j:シムファーム	simfarm
K	j:シャドー・オブ・ザ・ビースト獣神の呪縛	beast2
K	j:シャドー・オブ・ザ・ビースト魔性の掟	beast
K	j:シャムハト－ＴｈｅＨｏｌｙＣｉｒｃｌｅｔ－	shamhat
K	j:シャングリラ２スペシャルディスク	shangrl2sp
K	j:シャーロックホームズの探偵講座	sherlock
K	j:シューティング	shooting
K	j:シンク	shinc
K	j:シンジケート	syndicat
K	j:シンジケートリサ・ノースポイント	cgsynd1
K	j:ジェノサイド・スクウエア	genocsq
K	j:ジェラシー	jealousy
K	j:ジャンケンダー	c_junkender
K	j:ジョシュア	joshua
K	j:ジーファイヴ	g5
K	j:スウィート・エンジェル	sweetang
K	j:スカベンジャー４	scav4
K	j:スコラ創刊号	scholar
K	j:スザク	suzaku
K	j:スタークルーザー	scruisr2
K	j:スティーピア	steepia
K	j:スティーピアライト	steepialt
K	j:ストロングホールド～皇帝の要塞～	strongh
K	j:スピーチ・トレーナー	speechtr
K	j:スプラッターハウス	splatth
K	j:スペースミュージアム	spacemus
K	j:スペースローグ	srogue
K	j:スライムは走るパート４改	c_slimerunpart4revised
K	j:スーパーウルトラむっちんぷりぷりサイボーグマリリンＤＸ	maririndx
K	j:スーパーシューティング	sshootin
K	j:スーパーストリートファイター	ssf2
K	j:スーパーリアル麻雀	srmp4
K	j:スーパーリアル麻雀＆	srmp23
K	j:スーパーリアル麻雀＆＋	srmp23p
K	j:スーパー・オデッセイ＆電脳プラネタリウム	sodyssey
K	j:スーパー上海ドラゴンズアイ	sshangh
K	j:スーパー大戦略	supdaisn
K	j:センシャル・エンジェル	sensangl
K	j:センチュリオン	centur
K	j:ゼニス	zenith
K	j:ソフトでハードな物語	softhard
K	j:ソフトでハードな物語２	softhard2
K	j:タイタン	titan
K	j:タイニィステップ外伝	caltiny
K	j:タイム・ストリッパー真子ちゃん	timestrp
K	j:タクティカル・タンク・コープスＤＸ	tankcpdx
K	j:タニア	tania
K	j:タンイオクレスト	c_tanyocrest
K	j:ターボアウトラン	toutrun
K	j:ダイナソア	dinosaur
K	j:ダイナミックイングリッシュ２（基礎）	dyneng2b
K	j:ダイナミックイングリッシュ３（上級基礎）	dyneng3ub
K	j:ダイヤモンド・プレイヤーズ	diamondp
K	j:ダルク	dalk
K	j:ダンジョンマスター	dmaster
K	j:ダンジョンマスタースカルキープ	dmaster2
K	j:ダーウィンズジレンマ	darwin
K	j:ダークサイド・オブ・ジーン	mightmg5
K	j:ダーク・ダンジョン＋	c_darkdungeon
K	j:ダービースタリオン	dstall
K	j:チェイスＨＱ	chasehq
K	j:ツー・ショットＤｉａｒｙ	2shot
K	j:テクノポリススーパーコレクション	gametec1
K	j:テニス	4dtennis
K	j:テラＴＯＷＮＳ	terra
K	j:テーマ・パーク	themeprk
K	j:ディープ	deep
K	j:デザイア背徳の螺旋	desire
K	j:デスブレイド	deathbrd
K	j:デッド・オブ・ザ・ブレイン死霊の叫び	deadbrn
K	j:デビューします･･･中川裕子	debuts1
K	j:デビューします･･･２野上アキ	debuts2
K	j:デ・ファーナ	defana
K	j:デーモン・シティ	demoncit
K	j:トゥルー・ハート	truheart
K	j:トキオ東京都第区	tokio
K	j:トラフィックコンフュージョン	trafconf
K	j:トリガー	trigger
K	j:トンネルズ＆トロールズカザンの戦士たち	tuntroll
K	j:ドア	dor
K	j:ドア～ＰＡＲＴ３～	dor3
K	j:ドライビング	4ddrivin
K	j:ドラキュラ伯爵「美少女たちの血のしたたり」	dracula
K	j:ドラゴンの秘塔	c_secretofdragontower
K	j:ドラゴンの秘宝完結編リニューアル版	c_dragonstreasure2
K	j:ドラゴンの秘宝序章－戦神伝説－改変版	c_dragonstreasureprologue
K	j:ドラゴンショック	drgshock
K	j:ドラゴンスレイヤー英雄伝説	dsloh
K	j:ドラゴンナイトスペシャルディスク	dknight4sp
K	j:ドラゴンハーフ	draghalf
K	j:ドラゴン・オブ・フレイム	drgnflam
K	j:ドラッケン	drakkhen
K	j:ニコニコ	niko2
K	j:ニュージーランドストーリー	tnzs
K	j:ネクロノミコン	necronom
K	j:ネバー・ランド	nevrland
K	j:ノスタルジア１９０７	nost1907
K	j:ノ・ヴァ～魅入られた肢体	nova
K	j:ハイパー・アクアリウム【海水編】	hypaquak
K	j:ハイパー・アクアリウム【淡水編】	hypaquat
K	j:ハイパー・チャンネルＴＯＷＮＳＴＶ	hypchttv
K	j:ハイパー・ドリーム	hypdream
K	j:ハイパー・フェティシズム	hfetish
K	j:ハイパー・プラネット四季ＶＯＬ．１	hyplanets1
K	j:ハイパー・プラネット四季ＶＯＬ．２	hyplanets2
K	j:ハイパー・プラネット四季ＶＯＬ．３	hyplanets3
K	j:ハイパー奥の細道	okuhoso
K	j:ハイパー英語学習システムＮＥＷＣＲＯＷＮ	ncrown1
K	j:ハイパー英語学習システムＮＥＷＴＯＴＡＬ	ntotal2
K	j:ハイライトＣＤ２０	highlt20
K	j:ハーフ・ムーンにかわるまで～蘭宮涼の虹色玉手箱～	halfmoon
K	j:バイブルマスター	biblemas
K	j:バイブルマスター２	biblemas2
K	j:バトル	battle
K	j:バトル・チェス	batchess
K	j:バブルボブル	bublbobl
K	j:バリアス	c_vorious
K	j:バンドくん	bandkun
K	j:バンパイアハイすくーる	vamphigh
K	j:バーチャコール	vircall
K	j:バードランドの子守唄	birdland
K	j:パズニック	puzznic
K	j:パソコンで楽しむ山と地図Ｖｏｌ．１	yamachiz
K	j:パピーラブ２	puplove2
K	j:パラメデス	palamed
K	j:パワードールＳＰＲＥＭＩＵＭＤＩＳＫ	powdollsp
K	j:パワーモンガー	pmonger
K	j:ヒーロー・オブ・ランス	herolanc
K	j:ビジター訪問者	visitor
K	j:ビッグオナー	bighonor
K	j:ビデオ工房	vkoubou
K	j:ビューポイント	viewpoin
K	j:ビースト	beast3
K	j:ファイナル・ブロー	finalb
K	j:ファイル「姿なき依頼人」	msdet2
K	j:ファイル「石見銀山殺人事件」	msdet1
K	j:フォボス	phobos
K	j:フォートレス	fortress
K	j:フライングカーペット	c_flyingcarpet
K	j:フラッシュバック	flashb
K	j:ブライ上巻	burai
K	j:ブライ完結編	burai2
K	j:ブランディア	blandia
K	j:ブランディッシュ	brandish
K	j:ブランマーカー	branmark
K	j:ブランマーカー２	branmar2
K	j:プライベート・スレイブ	prvslave
K	j:プラネッツ・エッジ	planedge
K	j:プリルラ	pulirula
K	j:プリンス・オブ・ペルシャ	ppersia
K	j:プリンス・オブ・ペルシャザ・シャドウアンドザ・フレーム	ppersia2
K	j:プリンセスメーカー２	prinmak2
K	j:プレイルーム	playroom
K	j:プレゼント２	present2
K	j:プレミアム	premium
K	j:プレミアム２	premium2
K	j:プロビデンツァ	provvdnz
K	j:プロフェッショナル麻雀悟空	pmjgoku
K	j:プロ野球ファミリー・スタジアム９０年度ペナント・レース版	famist90
K	j:ヘボリス	heboris
K	j:ベストプレーベースボール	bestplay
K	j:ボクシング	4dboxing
K	j:ボンバーマンぱにっくボンバー	panicbom
K	j:ポッキー／ポッキー２／ポニオン	pocky
K	j:ポニオン	ponyon
K	j:ポピュラス	populous
K	j:ポピュラス２エキスパート	populous2
K	j:ポンカン	ponkan
K	j:マイクロコズム	mcosm
K	j:マイト＆マジック	mightmg3
K	j:マッスルボマー	mbomber
K	j:マッドストーカー	madstalk
K	j:マッドパラドックス	mparadox
K	j:マリアに捧げるバラード	bfmaria
K	j:マリオネット・マインド	marionetm
K	j:マリンフィルト	marineph
K	j:マンホール	manhole
K	j:マーダークラブＤＸ	mclubdx
K	j:マーブルマッドネス	marble
K	j:ミュージック・プロｖ１．３（ＴＯＷＮＳ／ＭＩＤＩ音源版）	musicpro13m
K	j:ミュージック・プロｖ１．３ＦＭＴＯＷＮＳ内蔵音源版	musicpro13
K	j:ミュージ郎音楽教室Ｖｅｒ．２．０	ongakyou
K	j:ミラージュ	mirage
K	j:ミラージュ２トリーニートローンの大冒険	mirage2
K	j:ミラーズ	mirrors
K	j:ムーンライト・エナジー	mlenergy
K	j:メガロマニア	megalo
K	j:メタルアイ	metaley2
K	j:メタルアイスペシャルディスク	metaleyesp
K	j:メタルブレード	metalbld
K	j:メディッコとあそぼう～かず・かたち・りょう～	medicco
K	j:メルヘン図書館グリム童話いばら姫（ねむり姫）	grimmiba
K	j:メルヘン図書館グリム童話オオカミと七ひきの子ヤギ	grimmook
K	j:メルヘン図書館グリム童話ブレーメンの音楽隊	grimmbre
K	j:メルヘン図書館グリム童話赤ずきん	grimmaka
K	j:メンゾベランザン闇の紋章	menzober
K	j:モンキーアイランド	monkey
K	j:モンキーアイランド２～ル・チャックの逆襲～	monkey2
K	j:モンスタープラネット２２５５	mplanet
K	j:ヤマネの棲む森	yamane
K	j:ヨーロッパ戦線	eurosens
K	j:ライザンバー	rayxanbr
K	j:ライフ＆デス	lifendt2
K	j:ラストサバイバー	lastsurv
K	j:ラスト・ハルマゲドンスペシャル	lastarmg
K	j:ランス光をもとめて	rance
K	j:ランス２ヒントＤｉｓｋ	rance2hint
K	j:ランス２反逆の少女たち	rance2
K	j:ランス４オプションＤＩＳＫ	rance4opt
K	j:ランス～お薬工場を救え！～	rance41
K	j:ランス～エンジェル組～	rance42
K	j:ランズオブロア	landlore
K	j:ランペルール	empereur
K	j:リターントゥゾーク	retzork
K	j:リップスティック・アドベンチャー３	lipsadv3
K	j:リバースマスター	c_reversemaster2000
K	j:リビドー７	libido7
K	j:リブルラブル	libbler
K	j:リングアウト	ringout
K	j:リーザス陥落	rance3
K	j:リーディングカンパニー	leadingc
K	j:ルア	lua
K	j:ルナティックドーン	ldawn2
K	j:ルパン三世香港の魔手「復讐は迷宮の果てに」	lupin3
K	j:レイラ	reira
K	j:レイルロードタイクーン	railtycn
K	j:レインボーアイランド	rbisland
K	j:レジェンド・オブ・キランディア	kyrandia
K	j:レジェンド・オブ・バロア～豪勇の伝説～	lvalour
K	j:レジオナルパワー	regpowr2
K	j:レタス・クッキング日、今日の一品	lettuce
K	j:レタス・クッキング楽しく作れるおべんとう	lettuce2
K	j:レッサーメルン	lesserm
K	j:レッスルエンジェルス	wang
K	j:レッスルエンジェルススペシャル	wangs
K	j:レッスルエンジェルス目指すは最強団体！	wang3
K	j:レミングス	lemmings
K	j:レミングスザ・トライブス	lemming2
K	j:レモン・カクテル・コレクション	lemoncc
K	j:ロイヤル・ブラッド	royalbld
K	j:ロゴライター２	logowrt2
K	j:ロードス島戦記五色の魔竜	lodoss2
K	j:ロードス島戦記灰色の魔女	lodoss
K	j:ロードモナーク	lordmon
K	j:ロール･ペーパー･ゲーム	c_rollpapergamev116
K	j:ワーズ・ワース	wordwort
K	j:ワーズ・ワーススペシャルディスク	wordwortsp
K	j:ワールド・オブ・ジーン	mightmgw
K	j:ヴアーストニス空虚の生贄達	vastness
K	j:ヴェイルオブダークネス～呪われた予言～	veildark
K	j:ヴェインドリーム	vaindrem
K	j:ヴォルフィード	volfied
K	j:・	c_swapswap
K	j:・名探偵登場	mister
K	j:・年生用	ongaku56
K	j:一人カードゲーム	c_onepersoncardgameenola
K	j:万キロの虚空	38man
K	j:万葉集	manyoshu
K	j:三国志	sangoku2
K	j:上村ケイのセクシー・テレフォン～ピンクの花嫁～	keiphone
K	j:上村ケイのセクシー・リゾート～桃色クイズ～	keiresort
K	j:上海	shanghai
K	j:丸暗記英単語中学１年生	marueic1
K	j:丸暗記英単語中学２年生	marueic2
K	j:丸暗記英単語中学３年生	marueic3
K	j:亜紀子プレミアム・バージョン	akikoprm
K	j:亜紀子ＧＯＬＤ	akikogld
K	j:人形使い	ningytsu
K	j:令嬢物語	reijou
K	j:伊忍道・打倒信長	inindo
K	j:体験しよう！マーティチャンネル	martych
K	j:体験版ＣＤ	taikencd
K	j:信長の野望天翔記	nobutens
K	j:信長の野望戦国群雄伝	nobuseng
K	j:信長の野望武将風雲録	nobubufu
K	j:信長の野望覇王伝	nobuhao
K	j:倉庫番パーフェクト	sokobanp
K	j:倭国制覇伝	wakoku
K	j:億万長者	okuman2
K	j:全日本美少女麻雀選手権大会ハートでロン！！	heartron
K	j:全部	dpszenbu
K	j:具志堅ティナ	secre5
K	j:列車で行こうマップコンストラクション＋パワーアップキット	aressh4m
K	j:千葉麗子	secre7
K	j:卒業９３	sotsu93
K	j:及川麻衣	secre2
K	j:古の邪神伝説	batfght3
K	j:史上最強のビデオバイブル	vidbible
K	j:同級生	dokyuse2
K	j:同級生２スペシャルディスク	dokyuse2sp
K	j:名曲ますた～	meikyoku
K	j:四季を彩る日本の唱歌冬	shkfuyu
K	j:四季を彩る日本の唱歌夏	shknatsu
K	j:四季を彩る日本の唱歌春	shkharu
K	j:四季を彩る日本の唱歌秋	shkaki
K	j:囲碁	igo2
K	j:囲碁道場初段開眼！級から段への挑戦	igoshodan
K	j:囲碁道場本格派寄せ・詰碁指南	igohonka
K	j:囲碁道場破り免許皆伝！！めざせ７級	igoyabu
K	j:夢を賭けた戦い	batfght2
K	j:夢幻泡影	mugenhoy
K	j:夢現－Ｄｒｅａｍｙ－	dreamy
K	j:大富豪学園	daifugo
K	j:大戦略	daisenr3
K	j:大戦略マップコレクション	dai3map1
K	j:大航海時代	daikok2
K	j:大逆鱗	diegekir
K	j:天下御免	tenkagom
K	j:天仙娘々	tensen
K	j:天使たちの午後ＶＩ－ＭｙＦａｉｒＴｅａｃｈｅｒ－	tenshi6
K	j:天使たちの午後～転校生～	tenshiten
K	j:天晴飛龍の巻	appare1
K	j:天晴鳳凰の巻	appare2
K	j:天神乱魔	tenranma
K	j:太っ腹平成号	futoph01
K	j:太っ腹Ｎｏ．１	fmthcdd1
K	j:太閤立志伝	taikoris
K	j:失われた楽園	ushinawa
K	j:奏Ｖ１．１Ｌ１０Ａ	kanade1110
K	j:奏Ｖ１．１Ｌ２０	kanade
K	j:女子校制服物語	joshisei
K	j:女子校生少女伝説～コスプレ・スペシャル～	jkden
K	j:女子高生少女発熱	jkhatsu
K	j:妖獣倶楽部カスタム	yojuclub
K	j:妖獣戦記	yojusenk
K	j:妖獣戦記黎明の戦士たち	yojusen2
K	j:学園ボンバー	gbomber
K	j:学園日出彦学校をつくる	gakuking
K	j:学園爆裂転校生！	gakubaku
K	j:宇宙怪盗ファニービー	funnybee
K	j:宝の塔	c_toweroftreasure
K	j:宝魔ハンターライム第１話	hhunt01
K	j:宝魔ハンターライム第１０話	hhunt10
K	j:宝魔ハンターライム第１１話	hhunt11
K	j:宝魔ハンターライム第１２話	hhunt12
K	j:宝魔ハンターライム第２話	hhunt02
K	j:宝魔ハンターライム第３話	hhunt03
K	j:宝魔ハンターライム第４話	hhunt04
K	j:宝魔ハンターライム第５話	hhunt05
K	j:宝魔ハンターライム第６話	hhunt06
K	j:宝魔ハンターライム第７話	hhunt07
K	j:宝魔ハンターライム第８話	hhunt08
K	j:宝魔ハンターライム第９話	hhunt09
K	j:実戦囲碁対局碁キチくん中級（上）	gokickj
K	j:宴会王	enkaio
K	j:宴会王の逆襲Ｖｅｒ２	enkaio2
K	j:宴会王Ｖｅｒ３～地球最大の決戦～	enkaio3
K	j:家計簿福袋わが家の便利帳	kakefuku
K	j:富士通ＨａｂｉｔａｔＶ１．１Ｌ１０	habitat1110
K	j:富士通ＨａｂｉｔａｔＶ２．１Ｌ１０	habitat2110
K	j:富士通ＨａｂｉｔａｔＶ２．１Ｌ１３Ａ	habitat
K	j:将棋・聖天	shogisei
K	j:尋問遊戯	jinmon
K	j:少年マガジンヒストリー	shounenm
K	j:岩波文学館夏目漱石	nsouseki
K	j:帝都大戦	teitotai
K	j:平家物語（上巻）	heike1
K	j:平家物語（下巻）	heike2
K	j:幻影都市	illcity
K	j:恭子のいぢわる！！～ハチャメチャ大進撃～	kyokoiji
K	j:悦楽の学園	etsuraku
K	j:情報倶楽部	jclub
K	j:愛姉妹～二人の果実～	aishimai
K	j:慕古道元禅師７５０回大遠忌記念	moko
K	j:戦艦波高し	c_battleshipwavesv30
K	j:戯画もーしょん	gigamort
K	j:拘束超人	kchoujin
K	j:指輪物語第一巻旅の仲間	lotr1
K	j:指輪物語第二巻二つの塔	lotr2
K	j:提督の決断	teikets2
K	j:改訂版	ironfist
K	j:教育＆ＦＭＴＯＷＮＳ	kyofmt1
K	j:教育＆ＦＭＴＯＷＮＳＶＯＬ．２	kyofmt2
K	j:教育＆ＦＭＴＯＷＮＳＶＯＬ．３	kyofmt3
K	j:文君シリーズ幼児基礎能力トレーニングソフト・セット	bunkun
K	j:斬タウンズスペシャル	zan2
K	j:斬～天運我にあり～	zan3
K	j:新世紀興亡史デッド・フォース	deadforc
K	j:新宿ラビリンス	shinjuku
K	j:日本の天気	ntenki
K	j:日本の歴史古代編～日本誕生～	nihonrko
K	j:日本の歴史戦国編～織田信長～	nihonrse
K	j:日本の歴史維新編～黒船来航～	nihonris
K	j:日本の歴史貴族編～王朝文学～	nihonrki
K	j:日本の蝶	nihonch
K	j:日本の野鳥	nihonya
K	j:日本昔ばなし「おむすびころりん／うさぎとかめ」	nihonmb2
K	j:日本昔ばなしＶｏｌ．１「ももたろう／さるとかに」	nihonmb1
K	j:日本昔ばなしＶｏｌ．３「いっすんぼうし／こぶとりじいさん」	nihonmb3
K	j:日本昔ばなしＶｏｌ．４「つるのおんがえし／かちかちやま」	nihonmb4
K	j:日本昔ばなしＶｏｌ．５「きんたろう／はなさかじいさん」	nihonmb5
K	j:日本語入門第１巻ＦｕｎｄａｍｅｎｔａｌＪａｐａｎｅｓｅ	nihongo1
K	j:日本語Ｌｉｎｕｘ＋ＪＥ	linuxje
K	j:日本語Ｌｉｎｕｘ＋ＪＥ３	linuxje3
K	j:日本語ＭＳ－ＤＯＳＶ３．１Ｌ３６（基本機能）	msdos31l36
K	j:日本語ＭＳ－ＤＯＳＶ５．０Ｌ１０（基本機能）	msdos50
K	j:日本語ＭＳ－ＤＯＳＶ６．２Ｌ１０（基本機能）	msdos62
K	j:日本語ＭＳ－ＤＯＳＶ６．２Ｌ１０３（基本機能）	msdos62p3
K	j:日本語ＭｉｃｒｏｓｏｆｔＷｉｎｄｏｗｓＶ３．０ｗｉｔｈＭｕｌｔｉｍｅｄｉａＥｘｔｅｎｓｉｏｎｓＶ１．０Ｌ１０	win30
K	j:星の砂物語	hoshisn2
K	j:曼陀羅家一族	mandalai
K	j:林間学校	rinkan
K	j:栄冠は君に高校野球全国大会	eikanwa2
K	j:桃源郷	togenkyo
K	j:森田将棋	moritas2
K	j:極	kiwame
K	j:極楽まんだら	gokumand
K	j:機動戦士ガンダムハイパークラシックオペレーション	gundamhc
K	j:機動戦士ガンダムハイパーデザートオペレーション	gundamhd
K	j:機械じかけのマリアン	kjmarian
K	j:櫻の杜	sakumori
K	j:水滸伝・天命の誓い	suikoden
K	j:沈黙の艦隊	silentsr
K	j:沙也香＆美穂	sayaka
K	j:河原崎家の一族	kawaichi
K	j:注文の多い料理店	chuumon
K	j:浮気なあ・な・た～スイッチをい・れ・て～	uwaki
K	j:淫獣学園ブルーガール	injuugak
K	j:漢字ランド３年	knjland3
K	j:濃縮エンジェル１２０％	nsangel
K	j:無人島物語	mujintou
K	j:燃えるあそこの牌牌遊戯復活！まぁじゃん王国	paipai
K	j:牌唐	c_highcolor
K	j:牛さんぱにっく	c_cowpanic
K	j:猿亀	c_monkeyturtlever103b
K	j:現代大戦略ＥＸスペシャル	daisenex
K	j:真奈美～愛と交歓の日々～	manami
K	j:眠れぬ夜の小さなお話	nemuyoru
K	j:石道	ishido
K	j:碁キチくんシリーズ囲碁入門道場	gokinyu
K	j:禁断の血族	kindanke
K	j:稚恵美＆奈緒美	chiemi
K	j:究極タイガー	ktiger
K	j:細川ふみえ	secre3
K	j:統一戦争史第話「遊撃艦エステル」	c_1rangershipestel
K	j:絵と音の３６５日	flexdata
K	j:続ダンジョン・マスターカオスの逆襲	zokudm
K	j:続妖獣戦記砂塵の黙示録	zyojusen
K	j:維新の嵐	ishin
K	j:綾波レイ官能写真集	ayareiks
K	j:緋王伝	hiouden2
K	j:翔べ！ボール野郎	c_flyballguy
K	j:翻訳ヘルパーずるかまし	zurukama
K	j:翻訳ヘルパーずるかまし辞書ディスクジュニア	zurujr
K	j:花の記憶	hanakiok
K	j:花の記憶～第ニ章～	hanakiok2
K	j:花よりダンゴ２	hanayor2
K	j:花札で！	hanapon
K	j:蒼き狼と白き牝鹿元朝秘史	genchohi
K	j:藤堂龍之介探偵日記黄金の羅針盤翔洋丸桑港航路殺人事件	ougonras
K	j:藤崎仁美	secre4
K	j:虹色電飾娘	nijiiro
K	j:覇王争奪バトルファイターズ	batfight
K	j:見る観る探す昆虫シリーズ「小さな演奏家」	chiensou
K	j:見る観る探す昆虫シリーズ「森の人気者」～樹液に集まる虫たち～	morininki
K	j:見る観る探す昆虫シリーズ「野山の建築家」	noyama
K	j:誕生～Ｄｅｂｕｔ～	debut
K	j:誘惑	yuuwaku
K	j:赤ずきん	c_littleredridinghoodv13
K	j:走り女	honna2
K	j:轟タウンズスペシャル	goh2
K	j:迷走都市	meisotos
K	j:連珠	c_renjuver12
K	j:達人王	tatsuou
K	j:遙かなるオーガスタ	3dgolfha
K	j:野々村病院の人々	nonomura
K	j:銀河英雄伝説	ginga3sp
K	j:銀河英雄伝説ＤＸＴＯＷＮＳスペシャル	ginga2dx
K	j:関ヶ原	sekigaha
K	j:闇の血族スペシャル	yamikets
K	j:闘神都市そして、それから	toshin2s
K	j:雀ジャカ雀	janjaka
K	j:雀妃楼	jankirou
K	j:雀豪４	jangou4
K	j:雑音領域	zatsuon
K	j:雨漏り受けの鉄人	c_raincatcherironman3
K	j:雪猫ゆがんだ記憶	setsuju
K	j:雷の戦士ライディ	raidy
K	j:雷電伝説	raiden
K	j:電撃ナース	denurse
K	j:電撃ナース２～モアセクシー～	denurse2
K	j:電脳少女	rejectn
K	j:電脳絵本恐竜の世界	kyosekai
K	j:音と絵の出る英語辞書Ｎｏ．１「ＳｔａｒｔｗｉｔｈＷｏｒｄｓ」	startword
K	j:音と絵の出る英語辞書Ｎｏ．２「ＥｎｇｌｉｓｈｉｎＤｒｅａｍ」	engdream
K	j:音と絵の出る英語辞書Ｎｏ．３「なんでもいらすとえいごじてん」	nandemo1
K	j:音と絵の出る英語辞書Ｎｏ．４「なんでもいらすとえいごじてんＰａｒｔ２」	nandemo2
K	j:項劉記	koryuki
K	j:風珠Ｖｏｌ．１季－ＪＡＰＡＮ前田真三の世界	kijapan
K	j:風珠Ｖｏｌ．２「ＭａｓｕｏｐｅｒＭａｓｕｏ」池田満寿夫版画集	masuo
K	j:飛翔鮫	fshark
K	j:飯島直子	secre1
K	j:館	c_yakata
K	j:駒木なおみ	nkomaki
K	j:高見沢恭介熱血！！教育研修	takamiza
K	j:魁	dorses
K	j:魂の門～ダンテ「神曲」より～	dante
K	j:魔導学院Ｒ	madogakr
K	j:魔彩子雀	msjong
K	j:魔法大作戦	mahoudai
K	j:麻雀で！	mjdepon
K	j:麻雀エレガンス	mjelegan
K	j:麻雀幻想曲	mjfant2
K	j:麻雀幻想曲体験版	mjfantt
K	j:麻雀武蔵	mjmusashi
K	j:麻雀河底撈魚	mjhtry
K	j:麻雀美少女伝リップル	mjripple
K	j:龍闘伝	ryuutou
K	j:－世紀末のジュリエット達－	onlyyou
K	j:３３ＥＹＥＳ三只眼變成	3x3eyes
K	j:９４年ナイス・ギャル夏の総決算	94nicegal
K	j:：ＬＯＯＰ～いざなひの回帰点～	loop
K	j:ＡＢＥＬ真・黙示録大戦	abel
K	j:ＡＲＳアート・レンタリース絵画複合検索システム	arsrent
K	j:ＣＡＬＩＦＯＲＮＩＡＸＰＡＲＴＹ～女子大生秘密クラブ～	calxpart
K	j:ＣＤラーニングシステムＮＥＷＨＯＲＩＺＯＮ１年	nhorz2e1
K	j:ＣＤラーニングシステムＮＥＷＨＯＲＩＺＯＮ２年	nhorz2e2
K	j:ＣＤラーニングシステムＮＥＷＨＯＲＩＺＯＮ３年	nhorz2e3
K	j:ＣＤＲＯＭ美少女戦士コレクション～遊ディスクスペシャル～	yuudisc
K	j:ＣｌｅａｒＭｉｎｄ下口雄山の集中力開発	clearmind
K	j:ＤＯＲ～ベストセレクション～上巻	dorbestj
K	j:ＤＯＲ～ベストセレクション～下巻	dorbestg
K	j:ＤｏｋｉＤｏｋｉバケーション～きらめく季節の中で～	dokivact
K	j:ＦＭＲ／ＴＯＷＮＳ基本ＤＯＳツールズ	fmtools
K	j:ＦＭＴＯＷＮＳアプリケーション・カタログＣＤＲＯＭオリジナル・ソフト編	fmtappc
K	j:ＦＭＴＯＷＮＳアプリ実行セット（ＴｏｗｎｓＧＥＡＲ，ＦＢＡＳＩＣ３８６）Ｖ２．１Ｌ２０	applijs
K	j:ＦＭＴＯＷＮＳデモンストレーションＣＤーＲＯＭ１９９２年春号	demo92sp
K	j:ＦＭＴＯＷＮＳデモンストレーションＣＤーＲＯＭ１９９３年春号	demo93sp
K	j:ＦＭＴＯＷＮＳデモンストレーションＣＤＲＯＭ９０．冬	demo90f
K	j:ＦＭＴＯＷＮＳフリー・ソフト入門キット	fsnkit
K	j:ＦＭＴＯＷＮＳマーティ店頭オート・デモ９３夏	martydemo
K	j:ＦＭＴＯＷＮＳ小学音楽	ongaku56
K	j:ＦＭＴｏｗｎｓデモンストレーションＣＤＲＯＭ９３Ｗｉｎｔｅｒ	demo93w
K	j:ＦＭＴｏｗｎｓデモンストレーションＣＤＲＯＭ９４Ｓｐｒｉｎｇ	demo94sp
K	j:ＦＭＴｏｗｎｓデモンストレーションＣＤＲＯＭ９４Ｓｕｍｍｅｒ	demo94su
K	j:ＧＥＫＩＲＩＮ失なわれし宝剣	gekirin
K	j:ＧＵＬＦＷＡＲ蒼鋼伝	gulfwar
K	j:ＨＹＰＥＲＬＡＮＤ動物の世界	hypland
K	j:ＨｉｇｈＣＣｏｍｐｉｌｅｒマルチメディア・キットＶ１．７Ｌ１２	hcc1712
K	j:ＨｉｇｈＣＣｏｍｐｉｌｅｒマルチメディア開発キットＶ１．７Ｌ１３	hcc1713
K	j:Ｈｙｐｅｒｌａｎｄ～ミミの大冒険～	hypland2
K	j:Ｊリーグ１９９４プロフェッショナル・サッカー	jleag94
K	j:ＫＩＧＥＮ輝きの覇者	kigen
K	j:ＫＹＡＮＫＹＡＮＣＯＬＬＥＣＴＩＯＮ大富豪編	kyankyan
K	j:Ｍゥーンライトちゃんリンしゃん	moonchan
K	j:ＭａｓｔｅｒＣＤ（インストールモデル用）	mastercd
K	j:ＭａｓｔｅｒＣＤ（ＦＭＶＴＯＷＮＳシリーズ）	mastercdv
K	j:ＭａｓｔｅｒＣＤ（Ｆｒｅｓｈシリーズ用）	mastercd2
K	j:ＭａｓｔｅｒＣＤ（Ｆｒｅｓｈシリーズ用）（一太郎モデル）	mastercdi
K	j:Ｍｉｓｔｙ名探偵登場	misty
K	j:ＭｕｌｔｉｍｅｄｉａＣｏｍｍｕｎｉｃａｔｉｏｎＶｉｒｔｕａｌＴｏｗｎＴＣＳｔａｔｉｏｎゲーム・コレクション	tcgame
K	j:ＭｕｌｔｉｍｅｄｉａＣｏｍｍｕｎｉｃａｔｉｏｎＶｉｒｔｕａｌＴｏｗｎＴＣＳｔａｔｉｏｎコンピューター・グラフィックス／ミュージック	tccgmus
K	j:ＭｕｌｔｉｍｅｄｉａＣｏｍｍｕｎｉｃａｔｉｏｎＶｉｒｔｕａｌＴｏｗｎＴＣＳｔａｔｉｏｎコンピュータ学修プログラム	tcgaku
K	j:ＭｕｌｔｉｍｅｄｉａＣｏｍｍｕｎｉｃａｔｉｏｎＶｉｒｔｕａｌＴｏｗｎＴＣＳｔａｔｉｏｎバーチャル・タウン通信プログラム	tctsuu
K	j:ＭｕｌｔｉｍｅｄｉａＣｏｍｍｕｎｉｃａｔｉｏｎＶｉｒｔｕａｌＴｏｗｎＴＣＳｔａｔｉｏｎフォト・コレクション	tcphoto
K	j:ＭｕｌｔｉｍｅｄｉａＣｏｍｍｕｎｉｃａｔｉｏｎＶｉｒｔｕａｌＴｏｗｎＴＣＳｔａｔｉｏｎＭＡＲＴＹワープロ／ＭＡＲＴＹ表計算	tcwpro
K	j:ＮＨＫひとりでできるもん！	nhkhitori
K	j:ＮＨＫスペシャル銀河宇宙オデッセイ「旅立ちわが太陽系」	gingaod1
K	j:ＮＨＫスペシャル銀河宇宙オデッセイ「超新星爆発」	gingaod2
K	j:ＮＨＫ実践英会話	nhkeikai
K	j:ＮＨＫ続基礎英語第１巻	nhkzkei1
K	j:ＮＨＫ続基礎英語第２巻	nhkzkei2
K	j:ＮＨＫ続基礎英語第３巻	nhkzkei3
K	j:ＮＨＫ英語であそぼ～ベルナールのアミューズメントパーク～	nhkeigo3
K	j:ＮＨＫ英語であそぼ～ベルナールの大ぼうけん～	nhkeigo2
K	j:ＮＨＫ英語であそぼ～大たんけん！ホテル・ギャラクシ～	nhkeigo1
K	j:ＱＲＯＭＭＡＧＡＺＩＮＥ創刊号	q2rom
K	j:Ｒａｖｅｎｌｏｆｔ～悪の化身～	ravnloft
K	j:ＳｅｘｙｉｎＴｈｅＨａｗａｉｉ～ナイス・ギャルハワイ編～	sxhawaii
K	j:ＴＡＭＡＣＧ集舞	tamacgmai
K	j:ＴＥＯ～もう一つの地球～	teo20
K	j:ＴＨＡＴＳ投稿夏の大特集	toukoun
K	j:ＴＨＡＴＳ投稿ＰＡＲＴ１	toukou1
K	j:ＴＨＡＴＳ投稿ＰＡＲＴ２	toukou2
K	j:ＴＨＩＮＫリード学習システム小学理科５年たねの発芽（１）	think_sr5tane
K	j:ＴＨＩＮＫリード学習システム小学理科６年からだのつくり（１）	think_sr6karada
K	j:ＴＨＩＮＫリード学習システムＦＭＴＯＷＮＳテーマ別学習シリーズ実行プログラムＶｅｒ．２	think_program
K	j:ＴＨＩＮＫリード学習システムＦＭＴＯＷＮＳＣＭＩプログラム	think_cmi
K	j:ＴＯＫＹＯＳｅｘｙＡｖｅ．東京幻視街	tsexyave
K	j:ＴＯＷＮＳドリル小学算数シリーズ算数１年	drill1
K	j:ＴＯＷＮＳドリル小学算数シリーズ算数４年	drill4
K	j:ＴＯＷＮＳドリル小学算数シリーズ算数５年	drill5
K	j:ＴＯＷＮＳハイパー絵本世界のおはなし「ふしぎのくにのアリス／アリババと４０にんのとうぞく」	sekohan
K	j:ＴＯＷＮＳ地理ジグソー・ワールド	jigwld
K	j:ＴＯＷＮＳ百人一首	100isshu
K	j:ＵＲＭ～Ｍ１５惑星に生まれて～	urm
K	j:ＶＡＮＩＳＨＩＮＧＰＯＩＮＴ～天使の消えた街～	vanpoint
K	j:ＷＯＮＰＡＲＡウォーズ	wonpara
K	j:Ｙｏｕ雀ＰａｒｔＩ	youjong
K	j:～サンタクロース～	c_santaclaus
K	j:～二律背反～	ambivalz
K	j:～夢幻の肢体～	xenon
K	j:～教団の遺産～	rance4
K	l:15puzzle	15puzzle
K	l:1rangershipestel	c_1rangershipestel
K	l:2069ad	2069ad
K	l:2069addiska	2069ad
K	l:2069addiskb	2069ad
K	l:2069addiskc	2069ad
K	l:2tabi2ajigoannaifurusatokodzutsumikanponoyadoheiseigannendoban	iitabi
K	l:386asm	386asm
K	l:386asmtoolkitv11	386asm
K	l:38mankilonokokuu	38man
K	l:3x3eyes	3x3eyes
K	l:3x3eyessanjiyanhenjou	3x3eyes
K	l:4dboxing	4dboxing
K	l:4ddriving	4ddrivin
K	l:4dtennis	4dtennis
K	l:4thunit12townslinkage	4thuni12
K	l:4thunit3dualtargets	dualtarg
K	l:4thunit4zero	zero
K	l:4thunit5dagain	dagain
K	l:4thunit6merrygoround	merrygor
K	l:4thunit7wyatt	wyatt
K	l:4thunitact3dualtargets	dualtarg
K	l:4thunitact4zero	zero
K	l:4thunitact5dagain	dagain
K	l:4thunitfivedagain	dagaind
K	l:4thunitseriesmerrygoround	merrygor
K	l:4thunitserieswyatt	wyatt
K	l:94nennicegalnatsunosoukessan	94nicegal
K	l:a123	ayayo123
K	l:a3aresshadeikou3	aressh3
K	l:a4aresshadeikou4	aressh4o
K	l:a4aresshadeikou4mapconstructionpowerupkit	aressh4m
K	l:a4ayayosliveaffection	ayayo4
K	l:a4powerupconstructiondisk	aressh4m
K	l:a4powerupdatadisk	aressh4m
K	l:a4powerupsystemdisk	aressh4m
K	l:a4systemdisknew	aressh4
K	l:a4systemdiskold	aressh4o
K	l:abas	abas
K	l:abasnew	abasnew
K	l:abelshinmokushirokutaisen	abel
K	l:abunaitengudensetsu	abunaten
K	l:adayinlifeof204938mankilonokokuu	c_adayinlifeof204938mankilonokokuu
K	l:adddragonsofflame	c_adddragonsofflame
K	l:addheroesoflance	c_addheroesoflance
K	l:advanceddungeonsdragonsdragonsofflame	drgnflam
K	l:advanceddungeonsdragonseyeofbeholder2legendofdarkmoon	eyebeho2
K	l:advanceddungeonsdragonsheroesoflance	herolanc
K	l:advantagetennis	adtennis
K	l:aeternam	aeternam
K	l:afterburner	aburner
K	l:afterburner2again	ab2again
K	l:afterburner3	aburner3
K	l:aircombat2special	aircmb2s
K	l:airmanagementoozoranikakeru	airmanag
K	l:airraider	airraidr
K	l:airwarriorv11	airwar11
K	l:airwarriorv12l10	airwar1210
K	l:airwarriorv12l11	airwar1211
K	l:airwarriorv21l10	airwar21
K	l:aishimaidiska	aishimai
K	l:aishimaidiskb	aishimai
K	l:aishimaidiskc	aishimai
K	l:aishimaidiskd	aishimai
K	l:aishimaifutarinokajitsu	aishimai
K	l:aivaresshadeikou4	aressh4
K	l:aivaresshadeikou4mapconstructionpowerupkit	aressh4m
K	l:akikogold	akikogld
K	l:akikogolddiska	akikogld
K	l:akikogoldqueenofadult	akikogld
K	l:akikopremiumversion	akikoprm
K	l:alicenoyakata2	alice2
K	l:alicenoyakata3	alice3
K	l:alicenoyakatacd	alice
K	l:alicenoyakatacd2	alice2
K	l:alicenoyakatacd3	alice3
K	l:allbishoujoextra	c_allbishoujoextra
K	l:alltynex	c_alltynex
K	l:aloneindark	aitd
K	l:aloneindark2	aitd2
K	l:alshark	alshark
K	l:amaranth3	amarant3
K	l:ambivalenzniritsuhaihan	ambivalz
K	l:ambivalenzsystemdisk	ambivalz
K	l:americaoudanultraquiz	amoudan
K	l:angel	angel
K	l:angelhalo	anghalo
K	l:angelhaloe	anghalo
K	l:anillusionalworldkastalia	kastalia
K	l:animationzenith	zenith
K	l:annenoyumenokuniannescountryofdreams	anneyume
K	l:anothertownsanatafreesoftwarecollection	anotowns
K	l:anotowns	anotowns
K	l:aokiookamitoshirokimejikagenchouhishi	genchohi
K	l:apparecdvol1hiryuunomaki	appare1
K	l:apparecdvol2houounomaki	appare2
K	l:arabesqueshoujotachinoorinasuainomonogatari	arabesq
K	l:arcadia	c_arcadia
K	l:arquelphos	arquelph
K	l:arsartrentaleasekaigafukugoukensakusystem	arsrent
K	l:artcgno10rengeso	c_artcgno10rengeso
K	l:askatowns	aska
K	l:asuka120burningfest	asuka120
K	l:asuka120burningfestexcellent	asu120ex
K	l:asuka120diska	asuka120
K	l:asuka120diskb	asuka120
K	l:asuka120diskc	asuka120
K	l:asuka120excellentburningfestexcellent	asu120ex
K	l:atlas	atlas
K	l:atlas2	atlas2
K	l:autodemo93fuyu	autodm93
K	l:awesome	awesome
K	l:ayumichanmonogatari	ayumi
K	l:ayumichanmonogatarihintdisk	ayumihint
K	l:ayumichanmonogatarijisshaban	ayumijb
K	l:azure	azure
K	l:babobippashitsu	c_babobippashitsu
K	l:bacta12voice	bacta12v
K	l:balladeformaria	bfmaria
K	l:balladeformariamarianisasageruballade	bfmaria
K	l:bandkun	bandkun
K	l:battle	battle
K	l:battlechess	batchess
K	l:battlefighters	batfight
K	l:battlefighters2	batfght2
K	l:battlefighters2yumeokaketatatakai	batfght2
K	l:battlefighters3	batfght3
K	l:battlefighters3inishienojashindensetsu	batfght3
K	l:battleshipwavesv30	c_battleshipwavesv30
K	l:bau	bau
K	l:bbraker3	bbraker3
K	l:beast3	beast3
K	l:bellsavenuevol1	bellsav1
K	l:bellsavenuevol2	bellsav2
K	l:bellsavenuevol3	bellsav3
K	l:bestplaybaseball	bestplay
K	l:biblemaster	biblemas
K	l:biblemaster2chaosofaglia	biblemas2
K	l:biblemaster2systemdisk	biblemas2
K	l:biblemastercrashofblleotrutz	biblemas
K	l:bighonour	bighonor
K	l:billionaireokumanchouja2	okuman2
K	l:billionareokumanchouja2	okuman2
K	l:blandia	blandia
K	l:blandiaplus	c_blandiaplus
K	l:blisscollection01whipsct1	bliss1
K	l:blisscollection02vips	bliss2
K	l:blisscollection03whipsct2pro	bliss3
K	l:blisscollection07whipsct4	bliss7
K	l:bluewilltopower	blue
K	l:bombermanpanicbomber	panicbom
K	l:brandish	brandish
K	l:brandishgamedisk1	brandish
K	l:brandishgamedisk2	brandish
K	l:brandishgamedisk3	brandish
K	l:branmarker	branmark
K	l:branmarker2	branmar2
K	l:branmarker2extradisc	c_branmarker2extradisc
K	l:breakoftower	breaktow
K	l:bubblebobble	bublbobl
K	l:bunkun1sentakutokioku	c_bunkun1sentakutokioku
K	l:bunkun2houkoutomeiro	c_bunkun2houkoutomeiro
K	l:bunkun3soujitojunretsu	c_bunkun3soujitojunretsu
K	l:bunkunhoukoutomeiro	bunkun
K	l:bunkunsentakutokioku	bunkun
K	l:bunkunseriesyoujikisonouryokutrainingsoftset	bunkun
K	l:bunkunsoujitojunretsu	bunkun
K	l:bunretsushugoshintwinklestar	c_bunretsushugoshintwinklestar
K	l:burai	burai
K	l:buraigekankanketsuhen	burai2
K	l:buraijoukan	burai
K	l:buraikanketsuhen	burai2
K	l:cal3kanketsuhen	cal3
K	l:calgaidentinysteps	caltiny
K	l:calgaidentinystepsbehindcal	caltiny
K	l:calgaidentinysteptinystepsbehindcal	caltiny
K	l:california10party	calxpart
K	l:california10partyjoshidaiseihimitsuclub	calxpart
K	l:caltowns	cal
K	l:cameltry	cameltry
K	l:cameltryfixed	cameltry_cracked
K	l:cancanbunnyextra	cancanbx
K	l:cancanbunnypremiere	cancanbp
K	l:cannonsight	c_cannonsight
K	l:caseofcautiouscondor	condor
K	l:castles	castles
K	l:castles2bretagnetouitsusenkicastles2siegeconquest	castles2
K	l:castles2siegeconquest	castles2
K	l:catspart1	catsp1
K	l:cdgraphicsplayer	cdgplay
K	l:cdgraphicsplayerv11l10	cdgplay
K	l:cdlearningsystem2newhorizonenglishcourse1	nhorz2e1
K	l:cdlearningsystem2newhorizonenglishcourse2	nhorz2e2
K	l:cdlearningsystem2newhorizonenglishcourse3	nhorz2e3
K	l:cdlearningsystemnewhorizonenglishcourse1	c_cdlearningsystemnewhorizonenglishcourse1
K	l:cdlearningsystemnewhorizonenglishcourse2	c_cdlearningsystemnewhorizonenglishcourse2
K	l:cdrombishoujocollectionyuudiskspecial	yuudisc
K	l:cdrombishoujosenshicollectionyuudiscspecial	yuudisc
K	l:centuriondefenderofrome	centur
K	l:cgsyndicatevol1lisanorthpoint	cgsynd1
K	l:chieminaomi	chiemi
K	l:chuumonnoooiryouriten	chuumon
K	l:classicroad	classrod
K	l:clearmindshimoguchiyuuzannoshuuchuuryokukaihatsu	clearmind
K	l:collectord	collecd
K	l:collectordbangaihen	collecdb
K	l:collectordbangaihengokurakudainishichikusalesdaisakusen	collecdb
K	l:columns	columns
K	l:computerzukanshokubutsuhen	czukan
K	l:config	confgrom
K	l:configrom	confgrom
K	l:covergirlsvol1	cvrgirls
K	l:covergirlsvol1sexyphotoswithsophisticatedsound	cvrgirls
K	l:cowpanic	c_cowpanic
K	l:crayonnage	crayonag
K	l:crescent	c_crescent
K	l:crescentmoon	c_crescentmoon
K	l:crigokanpack	c_crigokanpack
K	l:cripostman	postman
K	l:crissver100	criss
K	l:cristaccard	staccard
K	l:crystalrinal	crystalr
K	l:crystalrinaloumanomeikyuu	crystalr
K	l:ctrace	ctrace
K	l:cubicsketch	cubsketch
K	l:cubicsketchv11l10	cubsketch
K	l:curse	curse
K	l:custommate	cm1denwa
K	l:custommate2	cm2itsuk
K	l:custommate2itsukadokokade	cm2itsuk
K	l:custommatedenwanobellga	cm1denwa
K	l:cybercity	cybrcity
K	l:cybercitygoldenageofcybernetics	cybrcity
K	l:cyberia	cyberia
K	l:cybermotion	cybrmotn
K	l:cybermotionv10	cybrmotn
K	l:cybersculpt	cybsculp
K	l:cybersculptv10	cybsculp
K	l:daifugougakuen	daifugo
K	l:daikoukaijidai	daikokai
K	l:daikoukaijidai2	daikok2
K	l:daisenryaku390	daisenr3
K	l:daisenryaku390mapcollectionvol1	dai3map1
K	l:daisenryaku390mapcollectionvol2	c_daisenryaku390mapcollectionvol2
K	l:dalk	dalk
K	l:dangel	dangel
K	l:dapsforwindows	dapsdemo
K	l:darkdungeon	c_darkdungeon
K	l:darwinsdilemma	darwin
K	l:darwinsdilemmasolutionisevolution	darwin
K	l:date	date
K	l:datekoredekanojowabokunomono	date
K	l:dayinlifeof2049afile138mankilonokokuu	38man
K	l:deadforceshinseikikouboushi	c_deadforceshinseikikouboushi
K	l:deadofbrainshiryounosakebi	deadbrn
K	l:deathbrade	deathbrd
K	l:debiangnulinux131jpfmtownsbinarylaser5	debian13
K	l:debiangnulinux131jpfmtownssourcelaser5	debian13
K	l:debiangnulinux131withdebianjppackages	debian13
K	l:debiangnulinux20r2withhammjp	debian20
K	l:debiangnulinux20r2withhammjpi383cdsetbinarycdlaser5	debian20
K	l:debiangnulinux20r2withhammjpi383cdsetinstallcdlaser5	debian20
K	l:debiangnulinux20r2withhammjpi383cdsetsourcelaser5	debian20
K	l:debiangnulinux20r2withhammjplaserdoc10laser5	debian20
K	l:debut2	debuts2
K	l:debutshimasu2nogamiaki	debuts2
K	l:debutshimasunakagawayuuko	debuts1
K	l:debutshimasuvol1nakagawayuuko	debuts1
K	l:deep	deep
K	l:defana	defana
K	l:deja2	deja2
K	l:demoncity	demoncit
K	l:dengekinurse	denurse
K	l:dengekinurse2diska	denurse2
K	l:dengekinurse2moresexy	denurse2
K	l:dennouehonkyouryuunosekai	kyosekai
K	l:derbystallion	dstall
K	l:desirehaitokunorasen	desire
K	l:diamondplayers	diamondp
K	l:diegekirin	diegekir
K	l:digitalpinupgirlsvol1sexyshooting	digipin1
K	l:digitalpinupgirlsvol2lovelyshooting	digipin2
K	l:dinosaur	dinosaur
K	l:dinosaurprogramdisk	dinosaur
K	l:dinosaurscenariodisk1	dinosaur
K	l:dinosaurscenariodisk2	dinosaur
K	l:diskmegastorevol1diska	megastor
K	l:diskmegastorevol1diskb	megastor
K	l:diskmegastorevolume1	megastor
K	l:dknight4specialdiska	dknight4sp
K	l:dknight4specialdiskb	dknight4sp
K	l:dks2specialdiska	dokyuse2sp
K	l:dks2specialdiskb	dokyuse2sp
K	l:dks2specialdiskc	dokyuse2sp
K	l:dodamegamix	dodamega
K	l:dokidokidisccdbanvol1	dokidok1
K	l:dokidokidisccdbanvol2	dokidok2
K	l:dokidokidisccdbanvol3	dokidok3
K	l:dokidokidiskcdbanclubdovol2	dokidok2
K	l:dokidokidiskcdbanclubdovol3	dokidok3
K	l:dokidokidiskcdbandai1kanclubdojimukyoku	dokidok1
K	l:dokidokidiskcdbanvol1	dokidok1
K	l:dokidokidiskcdbanvol2	dokidok2
K	l:dokidokidiskcdbanvol3	dokidok3
K	l:dokidokivacationdiska	dokivact
K	l:dokidokivacationkiramekukisetsunonakade	dokivact
K	l:dor	dor
K	l:dorbestselectiongekan	dorbestg
K	l:dorbestselectionjoukan	dorbestj
K	l:dorpart1	dor
K	l:dorpart2	c_dorpart2
K	l:dorpart3	dor3
K	l:dorpart3scenario1	dor3
K	l:dorpart3scenario2	dor3
K	l:dorpart3scenario3	dor3
K	l:dorpart3systemdisk	dor3
K	l:dorscenario1	dor
K	l:dorscenario2	dor
K	l:dorscenario3	dor
K	l:dorse93	dorse93
K	l:dorsesakigakebattleholdinashikagakougyoukoukou	dorses
K	l:dorspecialedition93	dorse93
K	l:dorspecialeditionsakigake	dorses
K	l:dorsystemdisk	dor
K	l:dos6fd1	msdos62p3
K	l:dos6fd2	msdos62p3
K	l:dos6fd3	msdos62p3
K	l:dos6fd4	msdos62p3
K	l:dos6fd5	msdos62p3
K	l:dos6fd6	msdos62p3
K	l:doukyuusei	dokyusei
K	l:doukyuusei2	dokyuse2
K	l:doukyuusei2specialdisk	dokyuse2sp
K	l:doushite2kawakaranaiayanamireikannoushashinshuu	ayareiks
K	l:dpsdreamprogramsystem	dps
K	l:dpsdreamprogramsystemsg	dpssg
K	l:dpsdreamprogramsystemsgset2	dpssg2a
K	l:dpsdreamprogramsystemsgset3	dpssg3a
K	l:dpssg2dreamprogramsystemsgset2	dpssg2
K	l:dpssg3dreamprogramsystemsgset3	dpssg3
K	l:dpssgdreamprogramsystemsg	dpssg
K	l:dpszenbu	dpszenbu
K	l:draculahakushakubishoujotachinochinoshitatari	dracula
K	l:dragonhalf	draghalf
K	l:dragonknight3	dknight3
K	l:dragonknight4	dknight4
K	l:dragonknight4specialdisk	dknight4sp
K	l:dragonshock	drgshock
K	l:dragonslayerlegendofheroes	dsloh
K	l:dragonslayerlegendofheroes2	dsloh2
K	l:dragonsofflame	drgnflam
K	l:dragonstreasure2	c_dragonstreasure2
K	l:dragonstreasureprologue	c_dragonstreasureprologue
K	l:drakkhen	drakkhen
K	l:dreamfighters	dreamfgt
K	l:dreamonbang2project	planedge
K	l:dreamprogramsystemsg	dpssg
K	l:dreamprogramsystemsgset2	dpssg2
K	l:dreamprogramsystemsgset3	dpssg3
K	l:dreturn	dreturn
K	l:dreturndisk1	dreturn
K	l:dreturndisk2	dreturn
K	l:drivesimulatorhomenavi	drivesim
K	l:drivesimulatorhomenaviv10l01	drivesim
K	l:drivesimulatorprogramdisk	drivesim
K	l:drivesimulatorsystemdisk	drivesim
K	l:drstop	drstop
K	l:dungeonmaster	dmaster
K	l:dungeonmaster2skullkeep	dmaster2
K	l:dungeonmasterchaosstrikesback	zokudm
K	l:dynamicenglish2basic	dyneng2b
K	l:dynamicenglish3upperbasic	dyneng3ub
K	l:dyneddemo	dyneddemo
K	l:dyneddemodisc	dyneddemo
K	l:edbogasmusicmachine	musicmac
K	l:edbogasmusicmachinelite	musicmaclto
K	l:ehonwrit	ehonwrit1120
K	l:ehonwriter	ehonwrit1110a
K	l:ehonwriterdenshiehonaesopworlddai1shuu	aesop1
K	l:ehonwriterschool	ehonwrit1120
K	l:ehonwriterschoolv11l20	ehonwrit1120
K	l:ehonwriterschoolv11l21	ehonwrit
K	l:ehonwriterv11l10	ehonwrit1110
K	l:eightlakesgc	3dgolfel
K	l:eikanwakimini2kkyakyzenkokutaikai	eikanwa2o
K	l:eikanwakimini2koukouyakyuuzenkokutaikai	eikanwa2
K	l:eikanwakimini3kkyakyzenkokutaikai	c_eikanwakimini3kkyakyzenkokutaikai
K	l:eimmytoyobanaide	eimmy
K	l:eimmytoyobanaidepleasedontcallmeamy	eimmy
K	l:eimmytoyobanaidepleasedontcallmeeimmy	eimmy
K	l:elfish	elfish
K	l:elfishlite	elfishlt
K	l:elle	elle
K	l:ellediska	elle
K	l:ellediskb	elle
K	l:ellediskc	elle
K	l:ellediskd	elle
K	l:ellediske	elle
K	l:elmknightalivingbodyarmor	elmknigt
K	l:emeralddragon	emeraldd
K	l:emit1v120r100	emit1o
K	l:emit1v130r20019940426	emit1a
K	l:emit1v130r20019950120	emit1
K	l:emit2	emit2
K	l:emit3	emit3
K	l:emitvol1tokinomaigo	emit1
K	l:emitvol2inochigakenotabi	emit2
K	l:emitvol3watashinisayonarao	emit3
K	l:empereurl	empereur
K	l:engageerrands2	engerrn2
K	l:engageerrands2hikarioninaumono	engerrn2
K	l:engageerrands2koukioninaumono	engerrn2
K	l:engageerrandsmiwakunoshitotachi	engerrnd
K	l:enkaiou	enkaio
K	l:enkaiounogyakushuuver2returnofenkaio	enkaio2
K	l:enkaiounogyakushuuver2returnofenkaiou	enkaio2
K	l:enkaiouver3chikyuusaidainokessen	enkaio3
K	l:erandetameserutaikensofthighlight20	c_erandetameserutaikensofthighlight20
K	l:etsurakunogakuen	etsuraku
K	l:euphony2mtr	eup2mtr
K	l:euphony2mtrv11l20	eup2mtr
K	l:euphony2score	eup2sc
K	l:euphony2scorev11l10	eup2sc
K	l:europasensen	eurosens
K	l:evolution	evolutn
K	l:excellent10	excel10
K	l:excitingcd	excitcd
K	l:excitingcd20	c_excitingcd20
K	l:excitingcd94summer	excd94s
K	l:excitingcd94summerexcitingcd2	excd94s
K	l:exgmaze	exgmaze
K	l:eyeofbeholder2	c_eyeofbeholder2
K	l:eyeofbeholder2legendofdarkmoon	eyebeho2
K	l:f29retaliator	f29ret
K	l:fb86compiler	fbhi1231
K	l:fb86interpreter	fbhc1231
K	l:fbasic386	fbas2110
K	l:fbasic386compiler	fbc2120
K	l:fbasic386compilerv11l21	fbc1121
K	l:fbasic386compilerv21l10	fbc2110
K	l:fbasic386compilerv21l20	fbc2120
K	l:fbasic386v11l10	fbas1110
K	l:fbasic386v11l10b	fbas1110b
K	l:fbasic386v11l20	fbas1120
K	l:fbasic386v11l21	fbas1121
K	l:fbasic386v21l10	fbas2110
K	l:fbasic86hginterpretercompilerv12l31a	fbhc1231
K	l:fbasic86hginterpreterv12l31a	fbhi1231
K	l:finalblow	finalb
K	l:flashback	flashb
K	l:floppybunko03bishoujographicdatashuuvol1	c_floppybunko03bishoujographicdatashuuvol1
K	l:floppybunko04bishoujographicdatashuuvol2	c_floppybunko04bishoujographicdatashuuvol2
K	l:floppybunko06bishoujographicdatashuuvol3	c_floppybunko06bishoujographicdatashuuvol3
K	l:floppybunko09bishoujographicdatashuuvol4	c_floppybunko09bishoujographicdatashuuvol4
K	l:floppybunko1	c_floppybunko1
K	l:floppybunko10allbishoujoartgraphicsvol1	c_floppybunko10allbishoujoartgraphicsvol1
K	l:floppybunko11listenersclub0990vol2	c_floppybunko11listenersclub0990vol2
K	l:floppybunko12	c_floppybunko12
K	l:floppybunko13bishoujographicdatashuuvol5	c_floppybunko13bishoujographicdatashuuvol5
K	l:floppybunko14sadisticgamerssyndromeepisode1	sgamerss1
K	l:floppybunko15bishoujographicdatashuuvol6	c_floppybunko15bishoujographicdatashuuvol6
K	l:floppybunko16bishoujographicdatashuuvol7	c_floppybunko16bishoujographicdatashuuvol7
K	l:floppybunko17allbishoujoartgraphicsvol2	c_floppybunko17allbishoujoartgraphicsvol2
K	l:floppybunko18bishoujographicdatashuuvol8	c_floppybunko18bishoujographicdatashuuvol8
K	l:floppybunko19bishoujographicdatashuuvol9	c_floppybunko19bishoujographicdatashuuvol9
K	l:floppybunko2	c_floppybunko2
K	l:floppybunko20allbishoujoartgraphicsvol3	c_floppybunko20allbishoujoartgraphicsvol3
K	l:floppybunko21allbishoujoartgraphicsvol4	c_floppybunko21allbishoujoartgraphicsvol4
K	l:floppybunko22bishoujographicdatashuuvol10	c_floppybunko22bishoujographicdatashuuvol1
K	l:floppybunko23	c_floppybunko23
K	l:floppybunko24sadisticgamerssyndromeepisode2	c_floppybunko24sadisticgamerssyndromeepiso
K	l:floppybunko25sadisticgamerssyndromeepisode3	c_floppybunko25sadisticgamerssyndromeepiso
K	l:floppybunko5	c_floppybunko5
K	l:floppybunko7	c_floppybunko7
K	l:floppybunko8	c_floppybunko8
K	l:flyballguy	c_flyballguy
K	l:flyingcarpet	c_flyingcarpet
K	l:fmrtownskihondostools	fmtools
K	l:fmrtownskihondostoolsdisk1	fmtools
K	l:fmrtownskihondostoolsdisk2	fmtools
K	l:fmseriessoftwaretaikenbancd	c_fmseriessoftwaretaikenbancd
K	l:fmseriessoftwaretaikenbancdrom	c_fmseriessoftwaretaikenbancd
K	l:fmtowns2demonstrationcd93winter	demo93w
K	l:fmtowns2demonstrationcd94spring	demo94sp
K	l:fmtowns2demonstrationcd94summer	demo94su
K	l:fmtowns2demonstrationcdrom93winter	demo93w
K	l:fmtowns2demonstrationcdrom94spring	demo94sp
K	l:fmtowns2demonstrationcdrom94summer	demo94su
K	l:fmtownsapplicationcatalogcd	fmtappc
K	l:fmtownsapplicationcatalogcdromoriginalsofthen	fmtappc
K	l:fmtownsapplijikkouset	applijs
K	l:fmtownsapplijikkousetv21l20	applijs
K	l:fmtownsdemonstartioncdgalaxyoffmtowns	demo90f
K	l:fmtownsdemonstrationcdrom1992nenharugou	demo92sp
K	l:fmtownsdemonstrationcdrom1993nenharugou	demo93sp
K	l:fmtownsdemonstrationcdrom90fuyugalaxyoffmtowns	demo90f
K	l:fmtownsflexdatacollectionvol1etootono365nichi	flexdata
K	l:fmtownsfreesoftnyuumonkit	fsnkit
K	l:fmtownshypercddemofutopparano1	fmthcdd1
K	l:fmtownsmartytentouautodemo93natsu	martydemo
K	l:fmtownsshougakuongaku	ongaku56
K	l:fmtownssupertechnologydemo1993	fmtstdem
K	l:fmtownsworld	fmtworld
K	l:fortress	fortress
K	l:fougevol1kijapanmaedashinzonosekai	kijapan
K	l:fougevol1kijapanmaedashinzounosekai	kijapan
K	l:fougevol2masuopermasuo	masuoo
K	l:fougevol2masuopermasuoikedamasuohangashuu	masuo
K	l:fractalenginedemo	fractal
K	l:frecollemarty1freesoftwarecollection	c_frecollemarty1freesoftwarecollection
K	l:freesoftwarecollection1	c_freesoftwarecollection1
K	l:freesoftwarecollection10	fsc10
K	l:freesoftwarecollection11	fsc11
K	l:freesoftwarecollection2	c_freesoftwarecollection2
K	l:freesoftwarecollection3	c_freesoftwarecollection3
K	l:freesoftwarecollection4	fsc4
K	l:freesoftwarecollection5	fsc5
K	l:freesoftwarecollection6	fsc6
K	l:freesoftwarecollection7	fsc7
K	l:freesoftwarecollection8	fsc8
K	l:freesoftwarecollection9	fsc9
K	l:freesoftwarecollectionmarty1	fscmarty
K	l:freewarecollection1	fwc1
K	l:freewarecollection2	fwc2
K	l:freewarecollection3	fwc3
K	l:freewillknightofargent	freewill
K	l:frogfeast	frogfstd
K	l:frogfeastdemo	frogfstd
K	l:fujitsuairwarrior	c_fujitsuairwarrior
K	l:fujitsuairwarriorv11	airwar11
K	l:fujitsuairwarriorv1119920316	airwar11o
K	l:fujitsuairwarriorv1119920409	airwar11
K	l:fujitsuairwarriorv12	airwar1210
K	l:fujitsuairwarriorv12l10	airwar1210
K	l:fujitsuairwarriorv12l11	airwar1211
K	l:fujitsuairwarriorv12l11fmtowns	airwar1211
K	l:fujitsuairwarriorv12l11marty	airwar1211
K	l:fujitsuairwarriorv2version21level10	airwar21
K	l:fujitsuhabitat	habitat2110
K	l:fujitsuhabitatv11l10	habitat1110
K	l:fujitsuhabitatv21l10	habitat2110
K	l:fujitsuhabitatv21l13a	habitat
K	l:fujitsujournalspecialedition	fjournal
K	l:fujitsujournalspecialeditionbycdrom	fjournal
K	l:fukkatsusaiasticayanomajo	c_fukkatsusaiasticayanomajo
K	l:fukubukuro	kakefuku
K	l:fushiginouminonadiasecretofbluewater	nadia
K	l:futopparafdheisei02	futoph02
K	l:futopparafdheisei03	futoph03
K	l:futopparafdheisei04	futoph04
K	l:futopparafdheisei05	futoph05
K	l:futopparafdheisei06	futoph06
K	l:futopparafdheisei07	futoph07
K	l:futopparafdheisei08	futoph08
K	l:futopparafdheisei09	futoph09
K	l:futopparafdheisei1	futoph01
K	l:futopparafdheisei10	futoph10
K	l:futopparafdheisei10gou	futoph10
K	l:futopparafdheisei1gou	futoph01
K	l:futopparafdheisei2gou	futoph02
K	l:futopparafdheisei3gou	futoph03
K	l:futopparafdheisei4gou	futoph04
K	l:futopparafdheisei5gou	futoph05
K	l:futopparafdheisei6gou	futoph06
K	l:futopparafdheisei7gou	futoph07
K	l:futopparafdheisei8gou	futoph08
K	l:futopparafdheisei9gou	futoph09
K	l:futopparano1	c_futopparano1
K	l:futopparano10	c_futopparano10
K	l:futopparano1fmtownshypercddemo	fmthcdd1
K	l:futopparano2	c_futopparano2
K	l:futopparano3	c_futopparano3
K	l:futopparano4	c_futopparano4
K	l:futopparano5	c_futopparano5
K	l:futopparano6	c_futopparano6
K	l:futopparano7	c_futopparano7
K	l:futopparano8	c_futopparano8
K	l:futopparano9	c_futopparano9
K	l:g5	g5
K	l:gadgetinventiontraveladventure	gadget
K	l:gakuenbakuretsutenkousei	gakubaku
K	l:gakuenbomber	gbomber
K	l:gakuenkinghidehikogakkotsukuru	gakuking
K	l:gakuenkinghidehikogakkouotsukuru	gakuking
K	l:galaxyforce2	gforce2
K	l:galaxywarsregionalpower2	regpowr2
K	l:gamblerqueenscup	queencup
K	l:gamejang	c_gamejang
K	l:gamenihonshikakumeijiodanobunaga	nihonshi1
K	l:gamenihonshitenkabitohideyoshitoieyasu	nihonshi2
K	l:gametechnopolissupercollection1	gametec1
K	l:gametechnopolissupercollection2	gametec2
K	l:garoudensetsuspecial	c_garoudensetsuspecial
K	l:gearvideo	gearvid
K	l:gedittowns	gedit
K	l:gekirinshitsunawareshihouken	gekirin
K	l:gekirinushinawareshihouken	gekirin
K	l:gendaidaisenryakuexspecial	daisenex
K	l:genocide2genocidesquare	genocsq
K	l:genocidesquare	genocsq
K	l:genocidesquared	genocsq
K	l:gigamortion	gigamort
K	l:gingaed3spgamedisk	ginga3sp
K	l:gingaeiyuudensetsu2dx	ginga2dx
K	l:gingaeiyuudensetsu2dxtownsspecial	ginga2dx
K	l:gingaeiyuudensetsu3sp	ginga3sp
K	l:gingayuukyoudensetsurctobacker	c_gingayuukyoudensetsurctobacker
K	l:glodiapremiumcdsinglevol2biblemastercrashofblleotrutz	biblemas
K	l:gnufortowns	gnutowns
K	l:gnufortownsrel2	gnutownsr2
K	l:gnufortownsrelease2	gnutownsr2
K	l:go2	igo2
K	l:godojoyaburi	c_godojoyaburi
K	l:goh2	goh2
K	l:goh2townsspecial	goh2
K	l:gokanshi	c_gokanshi
K	l:gokichikunseriesigonyuumondoujou	gokinyu
K	l:gokkovol01doctor	gokko1
K	l:gokkovol02schoolgals	gokko2
K	l:gokkovol03etcetera	gokko3
K	l:gokurakumandala	gokumand
K	l:golflinks386pro	links386
K	l:golflinks386prochampioncoursevol1maunakeabeachgolfcourse	links386cc1
K	l:golflinks386prochampioncoursevol2firestonecountryclubsouthcourse	links386cc2
K	l:golflinks386prochampioncoursevol3banffsprings	links386cc3
K	l:golflinks386prochampioncoursevol4innisbrookcopperheadcourse	links386cc4
K	l:gorbynopipelinedaisakusen	gorbypip
K	l:gou2townsspecial	goh2
K	l:grapharmony	c_grapharmony
K	l:groundattack	grndatak
K	l:gulfwar	gulfwar
K	l:gulfwarsoukouden	gulfwar
K	l:gulfwarsystemdisk	gulfwar
K	l:gunblaze	gunblaze
K	l:gunshiphelicoptersimulation	gunship
K	l:guppybeater	c_guppybeater
K	l:habitatv11l10	habitat1110
K	l:habitatv21l10	habitat
K	l:hacchakeayayosan4sexyolympicayayosliveaffection	ayayo4
K	l:hajimetenoryokoueikaiwa	hajiryoei
K	l:halfmoonnikawarumade	halfmoon
K	l:halfmoonnikawarumaderamiyaryononijiirotamatebako	halfmoon
K	l:halfmoonnikawarumaderamiyaryounonijiirotamatebako	halfmoon
K	l:hanafudadepon	hanapon
K	l:hananokioku	hanakiok
K	l:hananokiokudai2shou	hanakiok2
K	l:hananokiokudainishou	hanakiok2
K	l:hanayoridango	c_hanayoridango
K	l:hanayoridango2	hanayor2
K	l:haousoudatsubattlefighters	batfight
K	l:harukanaruaugusta	3dgolfha
K	l:hashirionna2runninggirls	c_hashirionna2runninggirls
K	l:hatchakeayayosan123	ayayo123
K	l:healthylife2	healthy2
K	l:heboris	heboris
K	l:heikemonogatari	heike1
K	l:helicommand	helicmd
K	l:helirescue	heliresq
K	l:heroesoflance	herolanc
K	l:highccompilermultimedia	hcc1712
K	l:highccompilermultimediakaihatsukitv17l13	hcc1713
K	l:highccompilermultimediakitv17l12	hcc1712
K	l:highcolor	c_highcolor
K	l:highlightcd20	highlt20
K	l:highschoolwar	c_highschoolwar
K	l:hiouden2	hiouden2
K	l:hiragananoehon	hiraehon
K	l:hishouzame	fshark
K	l:hishouzameflyingshark	fshark
K	l:homestudio	hstudio11
K	l:homestudiov11l10	hstudio11
K	l:homestudiov12l10	hstudio
K	l:hometownusa	htownusa
K	l:hometownusadatadisk	htownusa
K	l:hometownusaprogramdisk	htownusa
K	l:honoonoiya	c_honoonoiya
K	l:honyakuhelperzurukamashi	zurukama
K	l:honyakuhelperzurukamashijishodiskjunior	zurujr
K	l:horde	horde
K	l:hoshinosunamonogatari	hoshisun
K	l:hoshinosunamonogatari2	hoshisn2
K	l:hoshinosunamonogatari3	hoshisn3
K	l:houmahunterlimedai10wa	hhunt10
K	l:houmahunterlimedai11wa	hhunt11
K	l:houmahunterlimedai12wa	hhunt12
K	l:houmahunterlimedai1wa	hhunt01
K	l:houmahunterlimedai2wa	hhunt02
K	l:houmahunterlimedai3wa	hhunt03
K	l:houmahunterlimedai4wa	hhunt04
K	l:houmahunterlimedai5wa	hhunt05
K	l:houmahunterlimedai6wa	hhunt06
K	l:houmahunterlimedai7wa	hhunt07
K	l:houmahunterlimedai8wa	hhunt08
K	l:houmahunterlimedai9wa	hhunt09
K	l:houmahunterlimevol01	hhunt01a
K	l:houmahunterlimevol02	hhunt02a
K	l:houmahunterlimevol03	hhunt03a
K	l:houmahunterlimevol04	hhunt04
K	l:houmahunterlimevol05	hhunt05
K	l:houmahunterlimevol06	hhunt06
K	l:houmahunterlimevol07	hhunt07
K	l:houmahunterlimevol08	hhunt08
K	l:houmahunterlimevol09	hhunt09
K	l:houmahunterlimevol10	hhunt10
K	l:houmahunterlimevol11	hhunt11
K	l:houmahunterlimevol12	hhunt12
K	l:houmahunterlimevol1datadisk	hhunt01
K	l:houmahunterlimevol1systemdisk	hhunt01
K	l:houmahunterlimevol2datadisk	hhunt02
K	l:houmahunterlimevol2systemdisk	hhunt02
K	l:houmahunterlimevol3datadisk	hhunt03
K	l:houmahunterlimevol3systemdisk	hhunt03
K	l:hyakuninisshu	100isshu
K	l:hyperaddress	hypraddr
K	l:hyperaddressver20	hypraddr2
K	l:hyperaquariumkaisuihen	hypaquak
K	l:hyperaquariumtansuihen	hypaquat
K	l:hyperchanneltownstv	hypchttv
K	l:hyperdream	hypdream
K	l:hyperdx	hyperdx
K	l:hypereigogakushuusystemnewcrownenglish1	ncrown1
K	l:hypereigogakushuusystemnewcrownenglish2	ncrown2
K	l:hypereigogakushuusystemnewcrownenglishseries1	ncrown1
K	l:hypereigogakushuusystemnewcrownenglishseries2	ncrown2
K	l:hypereigogakushuusystemnewtotalenglish2	ntotal2
K	l:hyperfetishism	hfetish
K	l:hypergirlakikopremiumversion	akikoprm
K	l:hyperland	hypland
K	l:hyperland2miminodaibouken	hypland2
K	l:hyperlanddoubutsunosekai	hypland
K	l:hypernote	hypnote
K	l:hypernote19911212	hypnoteo
K	l:hypernote19920303	hypnote
K	l:hyperocean	hyprocea
K	l:hyperokunohosomichi	okuhoso
K	l:hyperplanet	hyplanet
K	l:hyperplanet19900915	hyplaneto2
K	l:hyperplanet19900920	hyplaneto
K	l:hyperplanet19920214	hyplanet
K	l:hyperplanetformarty	hyplanetm
K	l:hyperplanetmarty	hyplanetm
K	l:hyperplanetshikivol1	hyplanets1
K	l:hyperplanetshikivol2	hyplanets2
K	l:hyperplanetshikivol3	hyplanets3
K	l:hyperplanetshikivol3urarakanaharunoseizahen	hyplanets3
K	l:idolproject	idolproj
K	l:if	c_if
K	l:if123cdcollection	if123
K	l:if2	c_if2
K	l:if2invitationsfromfantasticstories	if2
K	l:if3	c_if3
K	l:if3invitationsfromfantasticstories	if3
K	l:ifinvitationsfromfantasticstories	if
K	l:igo2	igo2
K	l:igodoujou	igohonka
K	l:igodoujouhonkakuhayosetsumegoshinan	igohonka
K	l:igodoujoumondaidiskdai2shuu	igohonka
K	l:igodoujoushodan	igoshodan
K	l:igodoujoushodankaigankyuukaradanenochousen	igoshodan
K	l:igodoujouyaburi	igoyabu
K	l:igodoujouyaburimenkyokaidenmezase7kyuu	igoyabu
K	l:iitabi2ajigoannaifurusatokodzutsumikanponoyado	iitabi
K	l:ikazuchinosenshiraidi	raidy
K	l:ikazuchinosenshiraidi2	raidy2o
K	l:ikazuchinosenshiraidy	raidy
K	l:ikazuchinosenshiraidy2	raidy2
K	l:illusioncgcollectionvol1yawahadabishoujo	yawahada
K	l:illusioncity	illcity
K	l:illusioncitygeneitoshi	illcity
K	l:illusthyakkayamashitahidekinoikiikicutshuu	ilhyakka
K	l:image	image
K	l:image2	c_image2
K	l:imagefight	imgfight
K	l:imagepower	imgpower
K	l:incrediblemachine	tim
K	l:indianajonesfateofatlantis	indy4
K	l:indianajoneslastcrusade	indycrus
K	l:infestation	infest
K	l:infestationchinmokunowakusei	infest
K	l:inindodatounobunaga	inindo
K	l:inindoudatounobunaga	inindo
K	l:injuugakuenlabluegirl	injuugak
K	l:intruder	c_intruder
K	l:iristeiserenade	iris
K	l:iristeiserenadediska	iris
K	l:irium	irium
K	l:iriumdiska	irium
K	l:iriumdiskb	irium
K	l:iriumdiskc	irium
K	l:iriumdiskd	irium
K	l:iriumkidoudisk	irium
K	l:ironfist	ironfist
K	l:ironfistkaiteiban	ironfist
K	l:ironfistrevisededition	ironfist
K	l:ishidoowayofstones	ishido
K	l:ishidouwayofstones	ishido
K	l:ishin	ishin
K	l:ishinnoarashi	ishin
K	l:iwanamibungakukannatsumesouseki	nsouseki
K	l:jangou4	jangou4
K	l:janjakajan	janjaka
K	l:jankirou	jankirou
K	l:japanprofessionalfootballleague1994	c_japanprofessionalfootballleague1994
K	l:japanprofessionalfootballleaguejleague1994professionalsoccer	jleag94
K	l:jbharoldjikenbo1murderclubdx	mclubdx
K	l:jealousy	jealousy
K	l:jinmonyuugi	jinmon
K	l:jissenigotaikyokugokichikunchuukyuu	gokickj
K	l:jissenigotaikyokugokichikunchuukyuujou	gokickj
K	l:jissenigotaikyokugokichikunchuukyuujoudiska	gokickj
K	l:jissenigotaikyokugokichikunchuukyuujoudiskb	gokickj
K	l:jleague1994professionalsoccer	jleag94
K	l:jokertowns	joker
K	l:joshikouseifukumonogatari	joshisei
K	l:joshikouseishoujodensetsucosplayspecial	jkden
K	l:joshikouseishoujohatsunetsu	jkhatsu
K	l:joshua	joshua
K	l:jouhouclubcardprocessor	jclub
K	l:jouhouclubcardprocessorver11	jclub
K	l:jrrtolkienslordofringsvol2twotowers	lotr2
K	l:junkender	c_junkender
K	l:kakeibo	kakefuku
K	l:kakeibofukubukurowagayanobenrichouvol1	kakefuku
K	l:kamigaminodaichikojikigaiden	c_kamigaminodaichikojikigaiden
K	l:kamimurakeinosexyresortmomoiroquiz	keiresort
K	l:kamimurakeinosexytelephonepinknohanayome	keiphone
K	l:kanade	kanade
K	l:kanadev11l10	kanade1110
K	l:kanadev11l10a	kanade1110
K	l:kanadev11l20	kanade
K	l:kanjiland3nen	knjland3
K	l:kanjinoehon	knjehon
K	l:kanjinoehon2	knjehon2
K	l:kastalia	kastalia
K	l:katakananoehon	kataehon
K	l:kawarazakikenoichizoku	kawaichi
K	l:kerokerokeroppitoorigaminotabibito	keroppi
K	l:kidpix	kidpix
K	l:kidpixcompanion	kidpixcom
K	l:kidpixjr	kidpixjr
K	l:kidpixjrsampledatadisk	kidpixjr
K	l:kigenkagayakinohasha	kigen
K	l:kikaijikakenomarian	kjmarian
K	l:kikaijikakenomarianelectricdevicemarian	kjmarian
K	l:kikoushidan2	kikoshid2
K	l:kikoushidan2panzerdivision	kikoshid2
K	l:kikoushidanpanzerdivision	kikoshid
K	l:kikoushidanpanzerdivision2	kikoshid2
K	l:kindannoketsuzoku	kindanke
K	l:kingsbounty	kbounty
K	l:kingsbountynusumaretachitsujo	kbounty
K	l:kingsquest5	kingqst5
K	l:kingsquest5absencemakesheartgoyonder	kingqst5
K	l:kisskisekaesetsystem	kiss
K	l:kittyworld2	kittyw2
K	l:kiwame	kiwame
K	l:kiwame2	kiwame2
K	l:kokowarakuenso	kokoraku
K	l:kokowarakuenso2	kokorak2
K	l:kokowarakuensou	kokoraku
K	l:kokowarakuensou2	kokorak2
K	l:kotobaasobicdviewhipcatch	hipcatch
K	l:kounaishaseivol1yonimohnamonogatari	c_kounaishaseivol1yonimohnamonogatari
K	l:kouryuuki	koryuki
K	l:kousokuchoujin	kchoujin
K	l:ku	ku2pp
K	l:ku2	ku2pp
K	l:kuronver10	c_kuronver10
K	l:kusuriyubinokyoukasho	kusuriyu
K	l:kuuchisuunoooiwindows	c_kuuchisuunoooiwindows
K	l:kyankyancollection	kyankyan
K	l:kyankyancollectiondaifugouhen	kyankyan
K	l:kyouikufmtowns	kyofmt1
K	l:kyouikufmtownsvol2	kyofmt2
K	l:kyouikufmtownsvol3	kyofmt3
K	l:kyoukonoijiwaruhachamechadaishingeki	kyokoiji
K	l:kyrandia2handoffate	kyrand2
K	l:kyukyokutiger	ktiger
K	l:kyuukyokutiger	ktiger
K	l:lammal	c_lammal
K	l:landsoflore	landlore
K	l:landsoflorethroneofchaos	landlore
K	l:lastarmageddoncdspecial	lastarmg
K	l:lastsurvivor	lastsurv
K	l:leadingcompany	leadingc
K	l:leadingcompanykeysofcity	leadingc
K	l:leadingcompanykeystocity	leadingc
K	l:legendofkyrandia	kyrandia
K	l:legendofkyrandia2handoffate	kyrand2
K	l:legendsofvalour	lvalour
K	l:legendsofvalourdemo	c_legendsofvalourdemo
K	l:legendsofvalourdemonstration	lvalourd
K	l:legendsofvalourgouyuunodensetsu	lvalour
K	l:legendsofvalourgouyuunodensetsudemonstration	lvalourd
K	l:lelle	elle
K	l:lemmings	lemmings
K	l:lemmings2	lemming2
K	l:lemmings2tribes	lemming2
K	l:lemoncocktailcollection	lemoncc
K	l:lempereur	empereur
K	l:lessermern	lesserm
K	l:lettucecooking	lettuce
K	l:lettucecooking2	lettuce2
K	l:lettucecooking365nichikyounoippin	lettuce
K	l:lettucecookingdishofday365	lettuce
K	l:lettucecookingtanoshikutsukureruobentou	lettuce2
K	l:libblerabble	libbler
K	l:libido7	libido7
K	l:lifedeath	lifendth
K	l:lifedeath2brain	lifendt2
K	l:links386championcourse1disk1	links386cc1
K	l:links386championcourse1disk2	links386cc1
K	l:links386championcourse1disk3	links386cc1
K	l:links386championcourse2disk1	links386cc2
K	l:links386championcourse2disk2	links386cc2
K	l:links386championcourse3disk1	links386cc3
K	l:links386championcourse3disk2	links386cc3
K	l:links386championcourse3disk3	links386cc3
K	l:links386championcourse4disk1	links386cc4
K	l:links386championcourse4disk2	links386cc4
K	l:links386championcourse4disk3	links386cc4
K	l:linuxje4199512	linuxje4
K	l:lip3diska	lipsadv3
K	l:lip3lipstickadventure3	lipsadv3
K	l:littlebigadventure	c_littlebigadventure
K	l:littleredridinghoodv13	c_littleredridinghoodv13
K	l:liveanimation	liveanim11
K	l:liveanimationv11l10	liveanim11
K	l:livemovie	livemov11
K	l:livemoviev11l10	livemov11
K	l:livingbodyarmoraelmknight	elmknigt
K	l:logowriter2	logowrt2
K	l:logowriter2executiondisk	logowrt2
K	l:logowriter2sampleprogram	logowrt2
K	l:loh2masterprogramdisk	dsloh2
K	l:loh2programdisk	dsloh2
K	l:loh2scenariodisk1	dsloh2
K	l:loh2scenariodisk2	dsloh2
K	l:loh2scenariodisk3	dsloh2
K	l:loheventdisk	dsloh
K	l:lohprogramdisk	dsloh
K	l:lohscenariodisk	dsloh
K	l:loom	loom
K	l:loopdiska	loop
K	l:loopdiskb	loop
K	l:loopdiskc	loop
K	l:loopdiskd	loop
K	l:loopdiske	loop
K	l:looperaser	c_looperaser
K	l:loopiginahinokaikiten	loop
K	l:loopizanainokaikiten	loop
K	l:lordmonarch	lordmon
K	l:lordmonarchendingdisk	lordmon
K	l:lordmonarchprogramdisk	lordmon
K	l:lordmonarchuserdisk	lordmon
K	l:lordofringsvoli	lotr1
K	l:lotr2gamedisk	lotr2
K	l:lotr2yubiwamonogataridaiikkanfutatsunotou	c_lotr2yubiwamonogataridaiikkanfutatsunoto
K	l:lotriyubiwamonogataridaiikkantabinonakama	c_lotriyubiwamonogataridaiikkantabinonakam
K	l:lua	lua
K	l:lunaticdawn2	ldawn2
K	l:lupin3rdhongkongnomashu	c_lupin3rdhongkongnomashu
K	l:lupinsanseihongkongnomashufukushuuwameikyuunohateni	lupin3
K	l:lzone	c_lzone
K	l:madougakuinr	madogakr
K	l:madparadox	mparadox
K	l:madstalkerfullmetalforce	madstalk
K	l:maerchentoshokangrimmdouwagrimmmaerchenbremennoongakutai	grimmbre
K	l:mahjongbishoujodenlipple	mjripple
K	l:mahjongbishoujodenripple	mjripple
K	l:mahjongcliniczoukangou	c_mahjongcliniczoukangou
K	l:mahjongdepon	mjdepon
K	l:mahjongelegance	mjelegan
K	l:mahjongelegancedatadisk	mjelegan
K	l:mahjongelegancesystemdisk	mjelegan
K	l:mahjonggensoukyoku	c_mahjonggensoukyoku
K	l:mahjonggensoukyoku2	mjfant2
K	l:mahjonggensoukyoku2mahjongfantasia	mjfant2
K	l:mahjonggensoukyoku3	mjfant3
K	l:mahjonggensoukyoku3mahjongfantasia3rdstage	mjfant3
K	l:mahjonggensoukyokumahjongfantasiataikenban	mjfantt
K	l:mahjonggensoukyokutaikenban	mjfantt
K	l:mahjonghouteiraoyui	mjhtry
K	l:mahjongmusashi	mjmusashi
K	l:mahjongsaikyoumusashi	mjmusashi
K	l:mahjongyuuenchi	c_mahjongyuuenchi
K	l:mahoudaisakusen	mahoudai
K	l:mahsaikojong	msjong
K	l:mahsaikojongdatadisk1	msjong
K	l:mahsaikojongdatadisk2	msjong
K	l:mahsaikojongsystemdisk	msjong
K	l:manamiaitokoukannohibi	manami
K	l:manamidiska	manami
K	l:manaminodokomadeikuno	c_manaminodokomadeikuno
K	l:manaminodokomadeikuno2returnofkuropack	manadoko2
K	l:mandalakeichizoku	mandalai
K	l:manhole	manhole
K	l:manycolors	manycol
K	l:manycolors2	manycol2
K	l:manyoushuu	manyoshu
K	l:marblemadness	marble
K	l:marinephilt	marineph
K	l:marionettemind	marionetm
K	l:maririndxdiska	maririndx
K	l:maririndxdiskb	maririndx
K	l:maririndxdiskc	maririndx
K	l:maruankieitangochuugaku1nensei	marueic1
K	l:maruankieitangochuugaku2nensei	marueic2
K	l:maruankieitangochuugaku3nensei	marueic3
K	l:masaikojan	msjong
K	l:mastercdfmvtownsseries	mastercdv
K	l:mastercdfreshinstallmodelyou	c_mastercdfreshinstallmodelyou
K	l:mastercdfreshseriesyou	mastercd2
K	l:mastercdinstallmodelyou	mastercd
K	l:mayumiyoshiokaforjanislastnude	lastnude
K	l:mediccotoasoboukazukatachiryou	medicco
K	l:megalomania	megalo
K	l:megamorph	mmorph
K	l:megaspectre	mspectre
K	l:meikyokumaster	meikyoku
K	l:meisoutoshi	meisotos
K	l:menzoberranzanyaminomonshou	menzober
K	l:metalblade	metalbld
K	l:metalbladea	metalbld
K	l:metalbladeb	metalbld
K	l:metaleye	metaleye
K	l:metaleye2	metaley2
K	l:metaleyespecialdisk	metaleyesp
K	l:metaleyespecialdiska	metaleyesp
K	l:metaleyespecialdiskb	metaleyesp
K	l:microcosm	mcosm
K	l:microsfotwindows31	win31l11
K	l:microsoftwindows31	c_microsoftwindows31
K	l:microsoftwindows95fmtownsyoudrivers	c_microsoftwindows95fmtownsyoudrivers
K	l:microsoftwindows95fmtownsyouupgrade	win95up
K	l:microsoftwindows95operatingsystemnihongobanfmtownsyouv11l10	win95up
K	l:microsoftwindows95upgradefmtownsyou	win95up
K	l:microsoftwindows95upgradepackage	win95up
K	l:microsoftwindowsversion31l10	win31l10
K	l:microsoftwindowsversion31l10operatingsystem	win31l10
K	l:microsoftwindowsversion31l11	win31l11
K	l:microsoftwindowsversion31l11operatingsystem	win31l11
K	l:microsoftwindowsversion31l12	win31l12
K	l:microsoftwindowsversion31l12operatingsystem	win31l12
K	l:mightmagic3islesofterra	mightmg3
K	l:mightmagic4cloudsofxeen	mightmg4
K	l:mightmagic5darksideofxeen	mightmg5
K	l:mightmagiccloudsofxeen	mightmg4
K	l:mightmagicdarksideofxeen	mightmg5
K	l:mightmagicworldofxeen	mightmgw
K	l:millenium	c_millenium
K	l:millionairesacademy	c_millionairesacademy
K	l:mirage	mirage
K	l:mirage2torryneatroanfairladiesinmagicland	mirage2
K	l:mirrors	mirrors
K	l:mirumirusagasukonchuuseriesvol1	chiensou
K	l:mirumirusagasukonchuuseriesvol1chiisanaensouka	chiensou
K	l:mirumirusagasukonchuuseriesvol2	morininki
K	l:mirumirusagasukonchuuseriesvol2morinoninkimonojuekiniatsumarumushitachi	morininki
K	l:mirumirusagasukonchuuseriesvol3	c_mirumirusagasukonchuuseriesvol3
K	l:mirumirusagasukonchuuseriesvol4	noyama
K	l:mirumirusagasukonchuuseriesvol4noyamanokenchikuka	noyama
K	l:mirumirusagasukonchuuseriesvol4noyamanokensakuka	noyama
K	l:misatochannoyumenikki	misato
K	l:mister	mister
K	l:mistermeitanteitoujou	mister
K	l:misty2	misty2
K	l:mistymeitanteitoujou	misty
K	l:mistymeitanteitoujou1	c_mistymeitanteitoujou1
K	l:mistymeitanteitoujou2	c_mistymeitanteitoujou2
K	l:mistymeitanteitoujou3	c_mistymeitanteitoujou3
K	l:mistymeitanteitoujou4	c_mistymeitanteitoujou4
K	l:mistymeitanteitoujou5	c_mistymeitanteitoujou5
K	l:mistymeitanteitoujou6	c_mistymeitanteitoujou6
K	l:mistymeitanteitoujou7	c_mistymeitanteitoujou7
K	l:mistymeitanteitoujoucdcollection	c_mistymeitanteitoujoucdcollection
K	l:mixedupmothergoose	mumgoose
K	l:mobilesuitgundamhyperclassicoperation	gundamhc
K	l:mobilesuitgundamhyperdesertoperation	gundamhd
K	l:mode7demo	mode7
K	l:moeruasokonopaipaiyuugifukkatsumahjongoukoku	paipai
K	l:mokodougenzenji750kaidaionkikinen	moko
K	l:monkeyisland	monkey
K	l:monkeyisland2	monkey2
K	l:monkeyisland2lechucksrevenge	monkey2
K	l:monkeyturtlever103b	c_monkeyturtlever103b
K	l:monsterplanet2255	mplanet
K	l:mooncrystal	c_mooncrystal
K	l:moonlightchanrinshan	moonchan
K	l:moonlightenergy	mlenergy
K	l:moritashougi2	moritas2
K	l:mrchentoshokangrimmdouwaakazukin	grimmaka
K	l:mrchentoshokangrimmdouwabremennoongakutai	grimmbre
K	l:mrchentoshokangrimmdouwaibarahime	grimmiba
K	l:mrchentoshokangrimmdouwaookamitoshichihikinokoyagi	grimmook
K	l:mredbogasmusicmachinelite	musicmaclt
K	l:msdetective1marty	msdet1m
K	l:msdetectivefile1iwamiginzanmurdercase	msdet1
K	l:msdetectivefile1iwamiginzansatsujinjiken	msdet1
K	l:msdetectivefile2sugatanakiirainin	msdet2
K	l:msdos31l24	msdos31l24
K	l:msdos31l36plussystemdisk	msdos31l36p
K	l:msdos31l36plusutilitydisk	msdos31l36p
K	l:msdos31l36systemdisk	msdos31l36
K	l:msdos31l36utilitydisk	msdos31l36
K	l:msdos50l10	msdos50
K	l:msdos50l22disk1	msdos50l22ap2
K	l:msdos50l22disk2	msdos50l22ap2
K	l:msdos50l22disk3	msdos50l22ap2
K	l:msdos50l22disk4	msdos50l22ap2
K	l:msdos62l10disk1	msdos62
K	l:msdos62l10disk2	msdos62
K	l:msdos62l10disk3	msdos62
K	l:msdos62l10disk4	msdos62
K	l:msdos62l10disk5	msdos62
K	l:msdos62l10disk6	msdos62
K	l:mugenhouyou	mugenhoy
K	l:mujintoumonogatari	mujintou
K	l:multimediacommunicationvirtualtowntcstation	tccgmus
K	l:multimediacommunicationvirtualtowntcstationcomputergakushuuprogram	tcgaku
K	l:multimediacommunicationvirtualtowntcstationcomputergraphicsmusic	tccgmus
K	l:multimediacommunicationvirtualtowntcstationgamecollection	tcgame
K	l:multimediacommunicationvirtualtowntcstationmartyworpromartyhyoukeisan	tcwpro
K	l:multimediacommunicationvirtualtowntcstationphotocollection	tcphoto
K	l:multimediacommunicationvirtualtowntcstationvirtualtowntsuushinprogram	tctsuu
K	l:multimediacomvirtualtowncomputergakushuuprogramgakushuu	tcgaku
K	l:multimediacomvirtualtowncomputergraphicssakuhin	c_multimediacomvirtualtowncomputergraphics
K	l:multimediacomvirtualtowngamecollection	tcgame
K	l:multimediacomvirtualtownmartyhyoukeisanfile	c_multimediacomvirtualtownmartyhyoukeisanf
K	l:multimediacomvirtualtownmartyworprobunsho	c_multimediacomvirtualtownmartyworprobunsh
K	l:multimediacomvirtualtownmusicsakuhin	c_multimediacomvirtualtownmusicsakuhin
K	l:multimediacomvirtualtownphotocollectionsakuhin	tcphoto
K	l:multimediacomvirtualtowntsuushinprogramcommunication	c_multimediacomvirtualtowntsuushinprogramc
K	l:multimediacomvirtualtowntsuushinprogramgamelibrary	c_multimediacomvirtualtowntsuushinprogramg
K	l:multimediacomvirtualtowntsuushinprogramgazousouko	c_multimediacomvirtualtowntsuushinprogramg_2
K	l:multimediacomvirtualtowntsuushinprogramid	c_multimediacomvirtualtowntsuushinprogrami
K	l:multimediacomvirtualtowntsuushinprogramkurumajouhouuranai	c_multimediacomvirtualtowntsuushinprogramk
K	l:multimediacomvirtualtowntsuushinprogramtcyobikou	c_multimediacomvirtualtowntsuushinprogramt
K	l:multimediadesousekinosubeteoiwanamibungakukannatsumesouseki	nsouseki
K	l:murderclubdx	mclubdx
K	l:musclebomberbodyexplosion	mbomber
K	l:musicpro	musicpro
K	l:musicprotowns	musicproo
K	l:musicprotownsv10	musicpro
K	l:musicprotownsv13	musicpro13
K	l:musirouongakukyoushitsuver20	ongakyou
K	l:musiumtowns	mustowns
K	l:myeyes	myeyes
K	l:myfairladycan2elementary	mflcan2
K	l:myfairladycan3intermediate	mflcan3
K	l:myfairladycan4advanced	mflcan4
K	l:naomikomakiforjanis	nkomaki
K	l:narumahjong	narumj
K	l:navisoftadvancedroadmap	drivesim
K	l:necronomicon	necronom
K	l:nemurenuyorunochiisanaohanashi	nemuyoru
K	l:networkqracrally	c_networkqracrally
K	l:neverland	nevrland
K	l:new3dgolfsimulationeightlakesgc	3dgolfel
K	l:new3dgolfsimulationharukanaruaugusta	3dgolfha
K	l:new3dgolfsystemdisk	3dgolfel
K	l:newzealandstory	tnzs
K	l:nhkeigodeasobovol1daitankenhotelgalaxy	nhkeigo1
K	l:nhkeigodeasobovol2bernardnodaibouken	nhkeigo2
K	l:nhkeigodeasobovol3bernardnoamusementpark	nhkeigo3
K	l:nhkeikai	nhkeikaio
K	l:nhkhitoridedekirumon	nhkhitori
K	l:nhkjisseneikaiwa	nhkeikai
K	l:nhkjisseneikaiwaenglishconversationprogram	nhkeikai
K	l:nhkjisseneikawaenglishconversation	c_nhkjisseneikawaenglishconversation
K	l:nhkspecialgingauchuuodysseyvol1	gingaod1
K	l:nhkspecialgingauchuuodysseyvol1tabidachiwagataiyoukei	gingaod1
K	l:nhkspecialgingauchuuodysseyvol2	gingaod2m
K	l:nhkspecialgingauchuuodysseyvol2choushinseibakuhatsu	gingaod2
K	l:nhkzokukisoeigo1	nhkzkei1
K	l:nhkzokukisoeigo2	nhkzkei2
K	l:nhkzokukisoeigo3	nhkzkei3
K	l:nhkzokukisoeigodai1kan	nhkzkei1
K	l:nhkzokukisoeigodai2kan	nhkzkei2
K	l:nhkzokukisoeigodai3kan	nhkzkei3
K	l:nightmarecollection2marinephilt	marineph
K	l:nightmarecollectiondeadofbrainshiryounosakebi	deadbrn
K	l:nightmarecollectionmarinephilt	c_nightmarecollectionmarinephilt
K	l:nihongolinuxje	linuxje
K	l:nihongolinuxje3	linuxje3
K	l:nihongolinuxje4	linuxje
K	l:nihongomicrosoftwindowsmmextensions	win30
K	l:nihongomicrosoftwindowsv30withmultimediaextensionsv10l10	win30
K	l:nihongomsdosv31l24	msdos31l24
K	l:nihongomsdosv31l36	msdos31l36
K	l:nihongomsdosv50l10	msdos50
K	l:nihongomsdosv50l22a2	msdos50l22ap2
K	l:nihongomsdosv62l10	msdos62
K	l:nihongomsdosv62l103	msdos62p3
K	l:nihongonyuumondai1kanfundamentaljapanese	nihongo1
K	l:nihonnochou	nihonch
K	l:nihonnorekishiishinhenkurofuneraikou	nihonris
K	l:nihonnorekishikizokuhenouchoubungaku	nihonrki
K	l:nihonnorekishikodaihennihontanjou	nihonrko
K	l:nihonnorekishisengokuhenodanobunaga	nihonrse
K	l:nihonnotenki	ntenki
K	l:nihonnoyachou	nihonya
K	l:nijiirodenshokumusume	nijiiro
K	l:niko	niko2
K	l:niko2	niko2
K	l:ningyoutsukai	ningytsu
K	l:nobunaganoyaboubushoufuunroku	nobubufu
K	l:nobunaganoyaboubushoufuuunroku	nobubufu
K	l:nobunaganoyabouhaouden	nobuhao
K	l:nobunaganoyabousengokugunyuuden	nobuseng
K	l:nobunaganoyabousengokugunyuudenwithsoundware	nobuseng
K	l:nobunaganoyaboutenshouki	nobutens
K	l:nonomurabyouinnohitobito	nonomura
K	l:nonomuradiska	nonomura
K	l:nonomuradiskb	nonomura
K	l:nonomuradiskc	nonomura
K	l:nonomuradiskd	nonomura
K	l:nonomuradiske	nonomura
K	l:nostalgia1907innorthatlanticsea	nost1907
K	l:noushukuangel120	nsangel
K	l:novamiiraretashitai	nova
K	l:nsangeldiska	nsangel
K	l:oasyswin	oasyswin
K	l:oasyswininstalldisk	oasyswin
K	l:oasyswinv20	oasyswin
K	l:obaachannochiebukuro	obaachan
K	l:ohpai	ohpai
K	l:ohpaidiska	ohpai
K	l:ohpaidiskb	ohpai
K	l:ohpaidiskc	ohpai
K	l:ohpaidiskd	ohpai
K	l:ohpaidiske	ohpai
K	l:okashinamothergoosemixedupmothergoose	mumgoose
K	l:okirakutownsgear	okitgear
K	l:okumanchouja2	okuman2
K	l:onepersoncardgameenola	c_onepersoncardgameenola
K	l:ongakukyoushitsu	ongakyou
K	l:ongakukyoushitsuver20	ongakyou
K	l:onlyyouseikimatsunojuliettachi	onlyyou
K	l:operationwolf	opwolf
K	l:oshareclub	oshaclub
K	l:osharecooking	oshacook
K	l:osharecooking2	oshacoo2
K	l:oshietenoobow	noobow
K	l:ototoenoderueigojishono1startwithwords	startword
K	l:ototoenoderueigojishono2englishindream	engdream
K	l:ototoenoderueigojishono3nandemoillusteigojiten	nandemo1
K	l:ototoenoderueigojishono4nandemoilluseeigojiten2	nandemo2
K	l:ototoenoderueigojishono4nandemoillusteigojitenpart2	nandemo2
K	l:pack13000freesoftshareware	pack13k
K	l:palamedes	palamed
K	l:panicball2	panicbl2
K	l:paraparaparadise	parapara
K	l:paraparaparadiseupdatedisk	paraparau
K	l:pasocomicpurplecatvol1bunnygirltokushuu	c_pasocomicpurplecatvol1bunnygirltokushuu
K	l:pasocomicpurplecatvol2hospitaltokushuu	c_pasocomicpurplecatvol2hospitaltokushuu
K	l:pasocomicpurplecatvol3jokyoushitokushuu	c_pasocomicpurplecatvol3jokyoushitokushuu
K	l:pasokondetanoshimuyamatochizuvol1	yamachiz
K	l:pegasus	pegasusa
K	l:pegasusv11l10	pegasus
K	l:pegasusv11l10a	pegasusa
K	l:pegasusv11l10c	pegasus
K	l:perfectsokoban	sokobanp
K	l:persocomdetanoshimuyamatochizuvol1	yamachiz
K	l:phobos	phobos
K	l:pissolitaireroyaletomsnyderspuppylove	solpuppy
K	l:planetattacker	planatkr
K	l:planetharmony	pharmony
K	l:planetsedge	planedge
K	l:playroom	playroom
K	l:pleriaroyalemblem	c_pleriaroyalemblem
K	l:pocky12ponyon	pocky
K	l:pon	c_pon
K	l:ponex2	c_ponex2
K	l:ponkan	ponkan
K	l:ponyon	ponyon
K	l:ponyondiska	ponyon
K	l:ponyondiskb	ponyon
K	l:ponyondiskc	ponyon
K	l:ponyondiskd	ponyon
K	l:populous2trialsofolympiangods	populous2
K	l:populous2trialsofolympiangodsexpert	populous2
K	l:populouspromisedlands	populous
K	l:powerdolls	powdoll
K	l:powerdolls2	powdoll2
K	l:powerdollsspremiumdisk	powdollsp
K	l:powermonger	pmonger
K	l:premium	premium
K	l:premium2	premium2
K	l:premiumdiska	premium
K	l:premiumdiskb	premium
K	l:premiumdiskc	premium
K	l:premiumdiskd	premium
K	l:presence	presence
K	l:present2	present2
K	l:present2diska	present2
K	l:present2diskb	present2
K	l:present2diskc	present2
K	l:present2diskd	present2
K	l:present2kidoudisk	present2
K	l:princeofpersia	ppersia
K	l:princeofpersia2	ppersia2
K	l:princeofpersia2shadowflame	ppersia2
K	l:princessdanger	prindang
K	l:princessmaker2	prinmak2
K	l:privateslave	prvslave
K	l:professionalmahjonggoku	pmjgoku
K	l:prostudentg	prostudg
K	l:provvidenza	provvdnz
K	l:provvidenzalegendadaspadadialfa	provvdnz
K	l:provvidenzalegendalaspadadialfa	provvdnz
K	l:proyakyuufamilystadium90	famist90
K	l:proyakyuufamilystadium90nendopennantraceban	famist90
K	l:proyakyuufamilystadium90pennantraceban	famist90
K	l:psychicdetectiveseriesfinalsolitudegekan	psydetf2
K	l:psychicdetectiveseriesfinalsolitudejoukan	psydetf1
K	l:psychicdetectiveseriesvol1invitation	psydet1r
K	l:psychicdetectiveseriesvol1invitationkagekaranoshoutaijou	psydet1
K	l:psychicdetectiveseriesvol1invitationremake	psydet1r
K	l:psychicdetectiveseriesvol2memories	psydet2
K	l:psychicdetectiveseriesvol2memoriesremake	psydet2r
K	l:psychicdetectiveseriesvol3aya	psydet3
K	l:psychicdetectiveseriesvol3ayaremake	psydet3r
K	l:psychicdetectiveseriesvol4orgel	psydet4
K	l:psychicdetectiveseriesvol4orgelremake	psydet4r
K	l:psychicdetectiveseriesvol5nightmare	psydet5
K	l:psychicdetectiveseriesvol5nightmareremake	psydet5r
K	l:psychicdetectivevol1invitation	psydet1r
K	l:psychicdetectivevol2memories	psydet2r
K	l:psychicdetectivevol3aya	psydet3r
K	l:psychicdetectivevol4orgel	psydet4r
K	l:psychicdetectivevol5nightmare	psydet5r
K	l:psychicdetectivevol6solitudegekan	psydetf2
K	l:psychicdetectivevol6solitudejoukan	psydetf1
K	l:pulirula	pulirula
K	l:puyopuyo	puyopuyo
K	l:puzznic	puzznic
K	l:pyokotannochieasobiehonnazonazomeirodaibouken	pyokotan
K	l:q2rommagazinesoukangou	q2rom
K	l:qdalphagaiden19940302	tqodgao
K	l:qdalphagaiden19940310	tqodga
K	l:qrommagazinesoukangou	q2rom
K	l:quazzle	quazzle
K	l:queenofduelist	tqodo
K	l:queenofduellist	tqod
K	l:queenofduellistgaidengaidenalpha	tqodga
K	l:queenofduellistgaidengaidenalphalight	tqodgao
K	l:quizbanchou	quizban
K	l:quizbanchoudiska	quizban
K	l:quizbanchoudiskb	quizban
K	l:quizbanchoudiskc	quizban
K	l:quizdeletsgo	c_quizdeletsgo
K	l:racrally	racrally
K	l:raidendensetsu	raiden
K	l:raidendensetsuraidentrad	raiden
K	l:railroadboot	railtycn
K	l:rainbowislandsextra	c_rainbowislandsextra
K	l:rainbowislandsstoryofbubblebobble2extraversion	rbisland
K	l:raincatcherironman3	c_raincatcherironman3
K	l:rance2hangyakunoshoujotachi	rance2
K	l:rance2hintdisk	rance2hint
K	l:rance3leazaskanraku	rance3
K	l:rance4	rance4
K	l:rance41okusurikoujouosukue	rance41
K	l:rance42angelgumi	rance42
K	l:rance4demo	rance4demo
K	l:rance4demonstrationdisk	rance4demo
K	l:rance4kyoudannoisan	rance4
K	l:rance4optiondisk	rance4opt
K	l:rance4optiondiska	rance4opt
K	l:rance4optiondiskb	rance4opt
K	l:rance4optiondiskc	rance4opt
K	l:rancehikariomotomete	rance
K	l:ravenloftakunokeshin	ravnloft
K	l:rayxanber	rayxanbr
K	l:realtimekaigisimulator	rks
K	l:recordoflodosswar2goshikinomaryuu	lodoss2
K	l:recordoflodosswarhaiironomajo	lodoss
K	l:recordoflodosswarhaironomajio	lodoss
K	l:recordoflodosswarlodosstousenki2goshikinomaryuu	lodoss2
K	l:recordoflodosswarlodosstousenkihaiironomajo	lodoss
K	l:regionalpower2	regpowr2
K	l:reijoumonogatari	reijou
K	l:reira	reira
K	l:reiradiska	reira
K	l:reiradiskb	reira
K	l:reiradiskc	reira
K	l:reiradiskd	reira
K	l:reiradiske	reira
K	l:reiradiskf	reira
K	l:reiraslavedoll	c_reiraslavedoll
K	l:rejectiondennosenshi	rejectn
K	l:rejectiondennosyoujyo	rejectn
K	l:rememberbeatlesno1	c_rememberbeatlesno1
K	l:rememberbeatlesno2michelle	beatles2
K	l:rememberbeatlesno3	c_rememberbeatlesno3
K	l:rememberbeatlesno4letitbe	beatles4
K	l:rememberbeatlesno5londwindingroad	beatles5
K	l:rememberbeatlesno5longwindingroad	beatles5
K	l:rememberbeatlesno6imagine	beatles6
K	l:renjuver12	c_renjuver12
K	l:returntozork	retzork
K	l:reversemaster2000	c_reversemaster2000
K	l:ringout	ringout
K	l:rinkangakkou	rinkan
K	l:rocketranger	rockrang
K	l:rolanddesktopmusicsystem	c_rolanddesktopmusicsystem
K	l:rollpapergamev116	c_rollpapergamev116
K	l:royalblood	royalbld
K	l:rumstorm	rumstorm
K	l:rumuder	rumuder
K	l:runninggirlshashirionna2	honna2
K	l:runninggirlshashirionna2rance4142hintdisk	honna2
K	l:ryuutouden	ryuutou
K	l:sa2	sa2
K	l:sadisticgamerspart1kateikyoushiplay	c_sadisticgamerspart1kateikyoushiplay
K	l:sadisticgamerspart1shinjinkyouikutekiplay	c_sadisticgamerspart1shinjinkyouikutekipla
K	l:sadisticgamerspart2otanjoubiplay	c_sadisticgamerspart2otanjoubiplay
K	l:sadisticgamerspart3	sgamers3
K	l:sadisticgamerspart3telephoneplay	sgamers3
K	l:sadisticgamerspart4ruminoclimbplay	c_sadisticgamerspart4ruminoclimbplay
K	l:sadisticgamerspart5	sgamers5
K	l:sadisticgamerspart5buruseraplay	sgamers5
K	l:sadisticgamerssyndromeepisode1	sgamerss1
K	l:sadisticgamerssyndromeepisodei	sgamerss1
K	l:sakuranomori	sakumori
K	l:samuraispirits	sspirits
K	l:sango2	sangoku2
K	l:sangokushi2	sangoku2
K	l:sangokushi3	sangoku3
K	l:sangokushi4	sangoku4
K	l:santaclaus	c_santaclaus
K	l:sargon5worldclasschess	sargon5
K	l:sayakamiho	sayaka
K	l:sayonaranomukougawa	sayonara
K	l:scavenger4	scav4
K	l:scholarmoviemagazine	scholar
K	l:scholarmoviemagazinesoukangou	scholar
K	l:schwarzschild	schwarzs
K	l:schwarzschild4cradleend	schwarz4
K	l:schwarzschildkyourannoginga	schwarzs
K	l:secre	c_secre
K	l:secredemodisk	secredemo
K	l:secretofdragontower	c_secretofdragontower
K	l:secretofmonkeyisland	monkey
K	l:secrevol1naokoiijima	secre1
K	l:secrevol2maioikawa	secre2
K	l:secrevol3fumiehosokawa	secre3
K	l:secrevol4hitomifujisaki	secre4
K	l:secrevol5tinagushiken	secre5
K	l:secrevol6reikokato	secre6
K	l:secrevol7reikochiba	secre7
K	l:secrevolume2maioikawa	secre2
K	l:secrevolume3fumiehosokawa	secre3
K	l:secrevolume4hitomifujisaki	secre4
K	l:secrevolume5tinagushiken	secre5
K	l:secrevolume6reikokato	secre6
K	l:secrevolume7reikochiba	secre7
K	l:secrevolumeinaokoiijima	secre1
K	l:sekigahara	sekigaha
K	l:sensualangels	sensangl
K	l:setsujuudiska	setsuju
K	l:setsujuudiskb	setsuju
K	l:setsujuudiskc	setsuju
K	l:setsujuudiskd	setsuju
K	l:setsujuuyugandakioku	setsuju
K	l:sexyinhawaiinicegalhawaiihen	sxhawaii
K	l:sexypkpart2worldcuphen	c_sexypkpart2worldcuphen
K	l:sexypkpartnihon	c_sexypkpartnihon
K	l:shadownofbeast	c_shadownofbeast
K	l:shadowofbeast	beasto
K	l:shadowofbeast2	beast2
K	l:shadowofbeast2juushinnojubaku	beast2
K	l:shadowofbeastmashounookite	beast
K	l:shamhatholycirclet	shamhat
K	l:shanghai	shanghai
K	l:shanghaibanrinochoujou	c_shanghaibanrinochoujou
K	l:shangrlia	shangrl
K	l:shangrlia2	shangrl2
K	l:shangrlia2specialdisk	shangrl2sp
K	l:shangrlia2specialdiska	shangrl2sp
K	l:shangrlia2specialdiskb	shangrl2sp
K	l:shangrliadiska	shangrl
K	l:shangrliadiskb	shangrl
K	l:shangrliadiskc	shangrl
K	l:shangrliadiskd	shangrl
K	l:sherlockholmesconsultingdetective	sherlock
K	l:sherlockholmesnotanteikouza	c_sherlockholmesnotanteikouza
K	l:shijousaikyounovideobible	vidbible
K	l:shijousaikyounovideobiblegreatestvideobibleinworld	vidbible
K	l:shikioirodorunihonnoshoukaaki	shkaki
K	l:shikioirodorunihonnoshoukafuyu	shkfuyu
K	l:shikioirodorunihonnoshoukaharu	shkharu
K	l:shikioirodorunihonnoshoukanatsu	shknatsu
K	l:shinc	shinc
K	l:shinjukulabyrinth	shinjuku
K	l:shinseikikouboushideadforce	deadforc
K	l:shisenshover15	c_shisenshover15
K	l:shisetsusangokushi	c_shisetsusangokushi
K	l:shisetsusengokujidai	c_shisetsusengokujidai
K	l:shisou	c_shisou
K	l:shogiseiten	shogisei
K	l:shootingtowns	shooting
K	l:shougakuongaku	ongaku56
K	l:shougakuongaku56	ongaku56
K	l:shougakuongaku56nenseiyou	c_shougakuongaku56nenseiyou
K	l:shougiseiten	shogisei
K	l:shougiseitendatadisk	shogisei
K	l:shougiseitensystemdisk	shogisei
K	l:shouhougenzou	c_shouhougenzou
K	l:shounenmagazinehistory	shounenm
K	l:shuukanshounenmagazinehistory	shounenm
K	l:sidmeiersrailroadtycoon	railtycn
K	l:silentmbius	silentmb
K	l:silentmbiuscasetitanic	silentmb
K	l:silentmoebiuscasetitanic	silentmb
K	l:silentservice	silentsr
K	l:silentservicechinmokunokantai	silentsr
K	l:simant	simant
K	l:simcity	simcity
K	l:simcity2000	simcit2k
K	l:simcityterraineditor	c_simcityterraineditor
K	l:simearthlivingplanet	simearth
K	l:simfarm	simfarm
K	l:simfarmsimcityscountrycousin	simfarm
K	l:simsportsdivingsoreyukediving	diving
K	l:simsportsdivingsoreyukidiving	diving
K	l:skyduel	c_skyduel
K	l:slimerunpart4revised	c_slimerunpart4revised
K	l:softdehardnamonogatari	softhard
K	l:softdehardnamonogatari2	softhard2
K	l:softwarecontestnyuusensakuhinshuu1	softcon1
K	l:softwarecontestnyuusensakuhinshuu2	softcon2
K	l:softwarecontestnyuusensakuhinshuu3	softcon3
K	l:sokobanperfect	sokobanp
K	l:soreikeanpanmantanoshiieigoasobi	anpanman
K	l:soreyukenanpakun	sorenanp
K	l:sotsugyou93graduation	sotsu93
K	l:sotsugyougraduation93	sotsu93
K	l:spacemuseum	spacemus
K	l:spacerogue	srogue
K	l:specialdelicious	spdelic
K	l:specialdeliciousoriginalcdrom	spdelic
K	l:speechtrainer	speechtr
K	l:speechtrainerinstalldisk	speechtr
K	l:speechtrainerv10l10	speechtr
K	l:spellmasterkakitaoshi	c_spellmasterkakitaoshi
K	l:splatterhouse	splatth
K	l:sslgalleryver1	sslgalry
K	l:starcruiser2	scruisr2
K	l:starcruiser2forcdrom	scruisr2
K	l:starcruiser2odysseusproject	scruisr2
K	l:steepia	steepia
K	l:steepialite	steepialt
K	l:strikecommander	strike
K	l:strikecommanderplus	strikpls
K	l:strongholdemperornoyousai	strongh
K	l:strongholdkouteinoyousai	strongh
K	l:suikodentenmeinochikai	suikoden
K	l:supercollection1gametechnopolis	gametec1
K	l:supercollection2gametechnopolis	gametec2
K	l:superdaisen1	supdaisn_cracked
K	l:superdaisen2	supdaisn_cracked
K	l:superdaisenryaku	supdaisn
K	l:superdaisenryakudisk1	supdaisn
K	l:superdaisenryakudisk2	supdaisn
K	l:superdps	superdps
K	l:superodysseydennouplanetarium	sodyssey
K	l:superrealmahjongpiipiii	srmp23
K	l:superrealmahjongpiv	srmp4
K	l:supershanghaidragonseye	sshangh
K	l:supershootingtowns	sshootin
K	l:superstreetfighter2newchallengers	ssf2
K	l:superultramucchinpuripuricyborgmaririndx	maririndx
K	l:suzaku	suzaku
K	l:swapswap	c_swapswap
K	l:sweetangel	sweetang
K	l:sweetangel1	sweetang
K	l:sweetangel2	sweetang
K	l:sweetview	c_sweetview
K	l:swordedge	swordedg
K	l:swordedgemapeditor	swordedgme
K	l:swordedgespriteeditor	swordedgse
K	l:syndicate	syndicat
K	l:tacticalairwing	tactairw
K	l:tacticaltankcorpsdx	tankcpdx
K	l:tagonmuyo	c_tagonmuyo
K	l:taikenbancd	taikencd
K	l:taikenshiyoumartychannel	martych
K	l:taikenshiyoumartychannel2	martych2
K	l:taikourisshiden	taikoris
K	l:taitochasehq	chasehq
K	l:takamizawakyousukenekketsukyouikukenshuu	takamiza
K	l:tamacgshuumai	tamacgmai
K	l:tamaprivatecggallerydance	c_tamaprivatecggallerydance
K	l:tamashiinomon	dante
K	l:tamashiinomondanteshinkyokuyori	dante
K	l:tania	tania
K	l:tanjoudebut	debut
K	l:tanoshikumakeuplessonoshareclub	oshaclub
K	l:tanyocrest	c_tanyocrest
K	l:tanyocrest2386	c_tanyocrest2386
K	l:tanyocrest2original	c_tanyocrest2original
K	l:tatsujinoh	tatsuou
K	l:tatsujinou	tatsuou
K	l:tcstationcommunicationlog	tctsuu
K	l:tcstationcomputergakushuuprogram	tcgaku
K	l:tcstationcomputergraphics	tccgmus
K	l:tcstationgamecollection	tcgame
K	l:tcstationgamelibrarylog	tctsuu
K	l:tcstationgazousoukolog	tctsuu
K	l:tcstationhyoukeisan	tcwpro
K	l:tcstationidfloppy	tctsuu
K	l:tcstationkurumauranailog	tctsuu
K	l:tcstationmusic	tccgmus
K	l:tcstationphotocollection	tcphoto
K	l:tcstationtcyobikoulog	tctsuu
K	l:tcstationworpro	tcwpro
K	l:tdfterrestrialdefenseforce	tdf
K	l:teacherseriesyokuwakarusansuushougaku2nen	ywsansu2
K	l:teatavision	teata12
K	l:teatavisionrecordingplaybacksystemv10	teata10
K	l:teatavisionrecordingplaybacksystemv11	teata11
K	l:teatavisionrecordingplaybacksystemv12	teata12
K	l:teatavisionv10	teata10
K	l:teatavisionv11	teata11
K	l:teatavisionv12	teata12
K	l:technostressyobouhouserieschinsei	chinsei
K	l:technostressyobouhouserieshirou	hirou
K	l:technostressyobouhouseriesstress	stress
K	l:teitokunoketsudan	teiketsu
K	l:teitokunoketsudan2	teikets2
K	l:teitotaisen	teitotai
K	l:teleharmoniumcitylights	citylights
K	l:tenderlight	tenderlt
K	l:tenderlightv11l10	tenderlt
K	l:tenkagomen	tenkagom
K	l:tensennyannyan	tensen
K	l:tenshinranma	tenranma
K	l:tenshinranmadiska	tenranma
K	l:tenshitachinogogo3bangaihenhanseiban	c_tenshitachinogogo3bangaihenhanseiban
K	l:tenshitachinogogo5nerawaretatenshi	c_tenshitachinogogo5nerawaretatenshi
K	l:tenshitachinogogo6diska	tenshi6
K	l:tenshitachinogogo6diskb	tenshi6
K	l:tenshitachinogogo6diskc	tenshi6
K	l:tenshitachinogogo6myfairteacher	tenshi6
K	l:tenshitachinogogocollection	c_tenshitachinogogocollection
K	l:tenshitachinogogocollection2	c_tenshitachinogogocollection2
K	l:tenshitachinogogospecialgomenneangel	c_tenshitachinogogospecialgomenneangel
K	l:tenshitachinogogotenkousei	tenshiten
K	l:teomouhitotsunochikyuu	teo20
K	l:teomouhitotsunochikyuuversion10	teo10
K	l:teomouhitotsunochikyuuversion20	teo20
K	l:teov20elmonomi	teo20
K	l:terratowns	terra
K	l:terratowns2	terra2
K	l:th4unitact12linkage	4thuni12
K	l:th4unitact3dualtargets	dualtarg
K	l:th4unitact4zero	zero
K	l:th4unitact5dagain	dagain
K	l:th4unitact6merrygoround	merrygor
K	l:th4unitact7wyatt	wyatt
K	l:thanatos	c_thanatos
K	l:thatstoukounatsunodaitokushuu	toukoun
K	l:thatstoukounatsunotokushuugou	toukoun
K	l:thatstoukoupart1	toukou1
K	l:thatstoukoupart2	toukou2
K	l:themepark	themeprk
K	l:thinkleadcmiprogram	think_cmi
K	l:thinkleadgakushuusystem	think_cmi
K	l:thinkleadgakushuusystemfmtownscmiprogram	think_cmi
K	l:thinkleadgakushuusystemfmtownsthemebetsugakushuuseriesjikkouprogramver2	think_program
K	l:thinkleadgakushuusystemshougakurika5nentanenohatsuga	think_sr5tane
K	l:thinkleadgakushuusystemshougakurika6nenkaradanotsukuri	think_sr6karada
K	l:thinkleadprogramver2	think_program
K	l:thinkleadshougakurika5nentanenohatsuga	think_sr5tane
K	l:thinkleadshougakurika6nenkaradanotsukuri	think_sr6karada
K	l:timestrippermakochan	timestrp
K	l:titan	titan
K	l:tokio	tokio
K	l:tokiotokyotodai24ku	tokio
K	l:tokyosexyave	tsexyave
K	l:tokyosexyavetokyogenshimachi	tsexyave
K	l:tomsnyderspuppylove2	puplove2
K	l:tomsnyderspuppylovepissolitaireroyale	c_tomsnyderspuppylovepissolitaireroyale
K	l:toshin2	toshin2
K	l:toshiyukiyoshinolullabyofbirdland	birdland
K	l:totsugekibakkonstreet	c_totsugekibakkonstreet
K	l:totsugekibakkonstreet2huntingroulette	c_totsugekibakkonstreet2huntingroulette
K	l:touchmusicbycasiopea	touchmus
K	l:touchmusickeydisk	touchmus
K	l:touchmyheart	touchhrt
K	l:toudouryuunosuketanteinikkiougonnorashinban	ougonras
K	l:toudouryuunosuketanteinikkiougonnorashinbanshouyoumarusanfranciscokourosatsujinjiken	ougonras
K	l:tougenkyou	togenkyo
K	l:toushintoshi	toshinto
K	l:toushintoshi19901207diska	toshintoo
K	l:toushintoshi19901207diske	toshintoo
K	l:toushintoshi19901210diska	toshinto
K	l:toushintoshi19901210diske	toshinto
K	l:toushintoshi2	toshin2
K	l:toushintoshi2soshitesorekara	toshin2s
K	l:toushintoshidiskb	toshinto
K	l:toushintoshidiskc	toshinto
K	l:toushintoshidiskd	toshinto
K	l:toushintoshidiskf	toshinto
K	l:toushintoshidiskg	toshinto
K	l:towerofflame	c_towerofflame
K	l:toweroftreasure	c_toweroftreasure
K	l:toweroftreasure2	c_toweroftreasure2
K	l:townschirijigsawworld	jigwld
K	l:townsdrillshougakusansuu1nengearv21	drill1
K	l:townsdrillshougakusansuu4nengearv21	drill4
K	l:townsdrillshougakusansuu5nengearv21	drill5
K	l:townsdrillshougakusansuuseriessansuu1nen	drill1
K	l:townsdrillshougakusansuuseriessansuu4nen	drill4
K	l:townsdrillshougakusansuuseriessansuu5nen	drill5
K	l:townsfullcolor	tfcolor
K	l:townsfullcolorv21l10	tfcolor
K	l:townsgraph	tgraph
K	l:townsgraphv21l10	tgraph
K	l:townshyakuninisshu	100isshu
K	l:townshyperchiikuehonnihonmukashibanashi2omusubikororinusagitokame	nihonmb2
K	l:townshyperchiikuehonnihonmukashibanashivol1momotarousarutokani	nihonmb1
K	l:townshyperchiikuehonnihonmukashibanashivol3issunboushikobutorijiisan	nihonmb3
K	l:townshyperchiikuehonnihonmukashibanashivol4tsurunoongaeshikachikachiyama	nihonmb4
K	l:townshyperchiikuehonnihonmukashibanashivol5kintarouhanasakajiisan	nihonmb5
K	l:townshyperchiikuehonnihonmukashibanshivol1	nihonmb1
K	l:townshyperchiikuehonnihonmukashibanshivol2	nihonmb2
K	l:townshyperchiikuehonnihonmukashibanshivol3	nihonmb3
K	l:townshyperchiikuehonnihonmukashibanshivol4	nihonmb4
K	l:townshyperchiikuehonnihonmukashibanshivol5	nihonmb5
K	l:townshyperehon7sekainoohanashi	sekohan
K	l:townshyperehon7sekainoohanashialiceinwonderlandalibabafortythieves	sekohan
K	l:townshyperehon7sekainoohanashihypertalkingbook7aliceinwonderlandalibabafortythieves	sekohan
K	l:townshyperehongrimmmarchenakazukin	c_townshyperehongrimmmarchenakazukin
K	l:townshyperehongrimmmarchenbremennoongakutai	c_townshyperehongrimmmarchenbremennoongaku
K	l:townshyperehongrimmmarchenvol3	c_townshyperehongrimmmarchenvol3
K	l:townshyperehongrimmmarchenvol4	c_townshyperehongrimmmarchenvol4
K	l:townshyperehonmaerchentoshokangrimmdouwagrimmmaerchenakazukin	grimmaka
K	l:townshyperehonmaerchentoshokangrimmdouwavol3grimmmaerchenookamitonanahikikoyagi	grimmook
K	l:townshyperehonmaerchentoshokangrimmdouwavol4grimmmaerchenibarahime	grimmiba
K	l:townskaraoke	tkaraoke
K	l:townskaraokev11l10	tkaraoke
K	l:townsmagazine	townsmg1
K	l:townsmagazineforschoolvol1	c_townsmagazineforschoolvol1
K	l:townsmagazineforschoolvol2	c_townsmagazineforschoolvol2
K	l:townsmagazineforschoolvol3	townsmgs3
K	l:townsmagazineforschoolvol4	c_townsmagazineforschoolvol4
K	l:townsmagazineforschoolvol5	townsmgs5
K	l:townsmagazinevol1	c_townsmagazinevol1
K	l:townsmagazinevol2	townsmg2
K	l:townsmagazinevol2no1	c_townsmagazinevol2no1
K	l:townsmagazinevol2no2	c_townsmagazinevol2no2
K	l:townsmagazinevol3	townsmg3
K	l:townsmagazinevol3no1	c_townsmagazinevol3no1
K	l:townsmagazinevol3no2	c_townsmagazinevol3no2
K	l:townspaint	tpaint21
K	l:townspaint2	tpaintii
K	l:townspaint2v11l10	tpaintii
K	l:townspaintv11l10	tpaint10
K	l:townspaintv11l20	tpaint20
K	l:townspaintv11l21	tpaint21
K	l:townspaintv11l22	tpaint
K	l:townssound	tsound2110
K	l:townssoundv11l10	tsound1110
K	l:townssoundv11l20	tsound1120
K	l:townssoundv21l10	tsound2110
K	l:townssystemsoftware	c_townssystemsoftware
K	l:townssystemsoftwarev11l10	tss1110
K	l:townssystemsoftwarev11l10b	tss1110b
K	l:townssystemsoftwarev11l20	tss1120
K	l:townssystemsoftwarev11l20english	tssl20
K	l:townssystemsoftwarev11l30	tss1130
K	l:townssystemsoftwarev21l10	tss2110a
K	l:townssystemsoftwarev21l10a	tss2110a
K	l:townssystemsoftwarev21l20	tss2120
K	l:townssystemsoftwarev21l30	tss2130a
K	l:townssystemsoftwarev21l30a	tss2130a
K	l:townssystemsoftwarev21l31	tss2131
K	l:townssystemsoftwarev21l40	tss2140
K	l:townssystemsoftwarev21l50	tss2150a
K	l:townssystemsoftwarev21l50a	tss2150a
K	l:townssystemsoftwarev21l51	tss2151
K	l:townstelop	telop
K	l:townstelopv100	telop
K	l:townsvnet	townsvn1110
K	l:townsvnetv11l10	townsvn1110
K	l:townsvnetv11l20	townsvn
K	l:toyourhealthvol1tsuborelaxation	tsubo
K	l:toyourhealthvol2wellnessyoga	welyoga
K	l:trafficconfusion	trafconf
K	l:treeclub	c_treeclub
K	l:trigger	trigger
K	l:trigger2	trigger2
K	l:tropicalisland	c_tropicalisland
K	l:trueheart	truheart
K	l:trueheartdiska	truheart
K	l:tunnelstrollscrusadersofkhazan	tuntroll
K	l:tunnelstrollscrusadersofkhazar	tuntroll
K	l:turbooutrun	toutrun
K	l:twoshotdiary	2shot
K	l:uchuukaitoufunnybee	funnybee
K	l:ultima4questofavatar	ultima4
K	l:ultima5warriorsofdestiny	ultima5
K	l:ultima6falseprophet	ultima6
K	l:ultimatrilogy13	ultimatr
K	l:ultimatrilogyi23	ultimatr
K	l:ultimaunderworld2labyrinthofworlds	ultuw2
K	l:ultimaunderworldstygianabyss	ultuw
K	l:urgentmission	c_urgentmission
K	l:urmm15wakuseiniumarete	urm
K	l:uruseiyatsuracgvol3	c_uruseiyatsuracgvol3
K	l:ushinawaretarakuen	ushinawa
K	l:uwakinaanata	uwaki
K	l:uwakinaanataswitchoirete	uwaki
K	l:vacationlife	c_vacationlife
K	l:vaindream	vaindrem
K	l:vaindream2	vaindrm2
K	l:vampirehighschool	vamphigh
K	l:vanishingpointtenshinokietamachi	vanpoint
K	l:vastnesskuukyonoikenietachi	vastness
K	l:veilofdarknessnorowaretayogen	veildark
K	l:videokoubou	vkoubou1310
K	l:videokoubousystemdisk	vkoubou1310
K	l:videokoubouv13l10	vkoubou1310
K	l:videokoubouv14l10	vkoubou
K	l:viewpoint	viewpoin
K	l:viewpointdemonstrationno1	viewpoid
K	l:ving	vingsoft
K	l:vingsoftcollection	vingsoft
K	l:vipergts	vipergts
K	l:vipergtsturbors	vipergts
K	l:viperv10turbors	viperv10
K	l:viperv12rs	viperv12
K	l:viperv6turbors	viperv6
K	l:viperv8turbors	viperv8
K	l:virginangel	c_virginangel
K	l:virtuacall	vircall
K	l:virtuacall2	vircall2
K	l:visitor	visitor
K	l:volfied	volfied
K	l:volified	volfied
K	l:vorious	c_vorious
K	l:vpdemo	viewpoid
K	l:vzeditor16withatok7	vzedit
K	l:wagayanobenrichouvol1	c_wagayanobenrichouvol1
K	l:wakokuseihaden	wakoku
K	l:weddingerrantrygyakutamaou	wedderra
K	l:welcometofmtowns	weltowns
K	l:welcometofmtowns1	weltowns
K	l:whereinworldiscarmensandiego	carmnwld
K	l:whereinworldiscarmensandiegocarmensandiegoooesekaihen	carmnwld
K	l:whereinworldiscarmensandiegodeluxeedition	carmnwld
K	l:windows30mme10l20	win30
K	l:wingcommander	wingcomm
K	l:wingcommander2vengeanceofkilrathi	wingcom2
K	l:wingcommander2vengeanceofkilrathispecialoperations1specialoperations2	wingcom2
K	l:wingcommanderarmada	wingcmar
K	l:wingcommandersecretmissions12	wingscrt
K	l:wingcommandersecretmissionssecretmissions2crusade	wingscrt
K	l:winningpost	winpost
K	l:wizardry5heartofmaelstrom	wizardr5
K	l:wizardry6baneofcosmicforge	wizardr6
K	l:wizardry7crusadersofdarksavant	wizardr7
K	l:wizardrybaneofcosmicforge	wizardr6
K	l:wizardrycrusadersofdarksavant	wizardr7
K	l:womansmemory	womanmem
K	l:wonparawars	wonpara
K	l:wonparawars2	wonpara2
K	l:wordsworth	wordwort
K	l:wordsworthspecialdisk	wordwortsp
K	l:wordsworthspecialdiska	wordwortsp
K	l:wordsworthspecialdiskb	wordwortsp
K	l:wrestleangels	wang
K	l:wrestleangels2	wang2
K	l:wrestleangels2topeventer	wang2a
K	l:wrestleangels3	wang3
K	l:wrestleangels3mezasuwasaikyoudantai	wang3
K	l:wrestleangelsspecial	wangs
K	l:wrestleangelsspecialmouhitorinotopeventer	wangs
K	l:wwwordsworth	wordwort
K	l:wyattdemo	wyattd
K	l:xak2risingofredmoon	xak2
K	l:xak3eternalrecurrence	xak3
K	l:xenonmugennoshitai	xenon
K	l:yachtman	yachtman
K	l:yajiumapennantrace2	yajipr2
K	l:yajiumapennantrace2diska	yajipr2
K	l:yajiumapennantrace2diskb	yajipr2
K	l:yajiumapennantrace2diskc	yajipr2
K	l:yajiumapennantrace2diskd	yajipr2
K	l:yajiumapennantrace2diske	yajipr2
K	l:yakata	c_yakata
K	l:yamanenosumumori	yamane
K	l:yaminabedx	c_yaminabedx
K	l:yaminoketsuzokuspecial	yamikets
K	l:yaminoketsuzokuspecialpredestinedhomicides	yamikets
K	l:yayoiuminopresentsprivateslave	prvslave
K	l:yeshgeroticvoiceversion	yeshg
K	l:yokuwakarusansuushougaku2nen	ywsansu2
K	l:yokuwakarusansuushougaku2nendisk1	ywsansu2
K	l:yokuwakarusansuushougaku2nendisk2	ywsansu2
K	l:youjongpart1	youjong
K	l:youjongparti	youjong
K	l:youjuuclubcustom	yojuclub
K	l:youjuuclubcustomdiska	yojuclub
K	l:youjuuclubcustomdiskb	yojuclub
K	l:youjuuclubcustomdiskc	yojuclub
K	l:youjuusenki2reimeinosenshitachi	yojusen2
K	l:youjuusenkiad2048	yojusenk
K	l:yousuzumepart1	c_yousuzumepart1
K	l:yubiwamonogataridaiikkantabinonakama	lotr1
K	l:yubiwamonogataridainikanfutatsunotou	lotr2
K	l:yukawatanabetomokawaiforjanispleasure	pleasure
K	l:yukawatanabetomokawaipleasure	pleasure
K	l:yumeutsutsudreamy	dreamy
K	l:yumimimix	yumimimx
K	l:yuuwaku	yuuwaku
K	l:zakmckrackenalienmindbenders	zak
K	l:zan2townsspecial	zan2
K	l:zan3systemdisk	zan3
K	l:zan3tenunwareniari	zan3
K	l:zan3tenunwareniaritownsspecial	zan3
K	l:zan3townsspecial	c_zan3townsspecial
K	l:zatsuonryouiki	zatsuon
K	l:zenith	zenith
K	l:zennihonbishoujomahjongsenshukentaikaiheartderon	heartron
K	l:zennihonbishoujomahjongsenshuukentaikaiheartderon	heartron
K	l:zenshi	c_zenshi
K	l:zokudungeonmasterchaosnogyakushuu	zokudm
K	l:zokuyoujuusenkisajinnomokushiroku	zyojusen
K	l:zokuyoujuusenkisunanomokushiroku	zyojusen
K	l:zsstaffprotowns	zstaff
K	l:zstriphonydigitalcrafttowns	ztdc
K	l:zurukamashijishodisk	zurukama
K	l:zurukamashijishodiskjunior	zurujr
K	l:zurukamashisystemdisk	zurukama
K	x:'94-nen nice gal - natsu no soukessan	94nicegal
K	x:'94-nen nice gal - natsu no soukessan (japan)	94nicegal
K	x:(youjuu senki 3) zoku youjuu senki - sajin no mokushiroku	zyojusen
K	x:15 puzzle	15puzzle
K	x:2069 ad	2069ad
K	x:2069ad_disk_a	2069ad
K	x:2069ad_disk_b	2069ad
K	x:2069ad_disk_c	2069ad
K	x:38-man kilo no kokuu	38man
K	x:386asm	386asm
K	x:386|asm tool kit v1.1	386asm
K	x:38万キロの虚空	38man
K	x:3x3 eyes	3x3eyes
K	x:3x3 eyes - sanjiyan henjou	3x3eyes
K	x:3x3 eyes - sanjiyan henjou (japan)	3x3eyes
K	x:4d boxing	4dboxing
K	x:4d boxing (japan)	4dboxing
K	x:4d driving	4ddrivin
K	x:4d driving (fm towns marty version)	4ddrivinm
K	x:4d driving (japan)	4ddrivin
K	x:4d driving (japan) (fm towns marty rerelease)	4ddrivinm
K	x:4d tennis	4dtennis
K	x:4d tennis (japan)	4dtennis
K	x:4d テニス	4dtennis
K	x:4d ドライビング	4ddrivin
K	x:4d ボクシング	4dboxing
K	x:4th unit 1-2 towns, the - linkage (japan)	4thuni12
K	x:4th unit act. 3, the - dual targets (japan)	dualtarg
K	x:4th unit act. 4, the - zero (japan)	zero
K	x:4th unit act. 5, the - d-again (japan)	dagain
K	x:4th unit five - d-again, the (japan) (demo)	dagaind
K	x:4th unit series, the - merrygoround (japan)	merrygor
K	x:4th unit series, the - wyatt (japan)	wyatt
K	x:4th unit series, the - wyatt (japan) (demo)	wyattd
K	x::loop - izanai no kaikiten	loop
K	x:[os] linux + je4 1995-12 (disc 1)	linuxje4
K	x:[os] linux + je4 1995-12 (disc 2)	linuxje4
K	x:[os] linux + je4 1995-12 (disc 3)	linuxje4
K	x:[os] ms-dos 3.1 l24 (disk 1 - system)	msdos31l24
K	x:[os] ms-dos 3.1 l24 (disk 2 - utility)	msdos31l24
K	x:[os] towns system software v1.1 l20 english (boot disk)	tssl20
K	x:[os] towns system software v1.1 l20 english (disk 1)	tssl20
K	x:[os] towns system software v1.1 l20 english (disk 2)	tssl20
K	x:[os] towns system software v1.1 l20 english (disk 2) [alt 1]	tssl20a
K	x:[os] towns system software v1.1 l20 english (disk 3)	tssl20
K	x:[os] towns system software v1.1 l20 english (disk 4)	tssl20
K	x:a 1-2-3 (japan)	ayayo123
K	x:a day in the life of 2049 - 38 man kilo no kokuu	c_adayinlifeof204938mankilonokokuu
K	x:a iv – a-ressha de ikou iv	aressh4o
K	x:a iv – a-ressha de ikou iv map construction + power up kit	aressh4m
K	x:a-iv-systemdisk_new	aressh4
K	x:a-iv-systemdisk_old	aressh4o
K	x:a.iii - a ressha de ikou iii	aressh3
K	x:a.iii. - a ressha de ikou iii (japan)	aressh3
K	x:a4 - ayayo's live affection (japan)	ayayo4
K	x:a4_powerup_construction_disk	aressh4m
K	x:a4_powerup_data_disk	aressh4m
K	x:a4_powerup_system_disk	aressh4m
K	x:abas	abas
K	x:abas new	abasnew
K	x:abel - shin mokushiroku taisen	abel
K	x:abel - shin mokushiroku taisen (japan)	abel
K	x:abunai tengu densetsu	abunaten
K	x:abunai tengu densetsu (disk a)	abunaten
K	x:abunai tengu densetsu (disk b)	abunaten
K	x:abunai tengu densetsu (disk c)	abunaten
K	x:ad&d - dragons of flame	c_adddragonsofflame
K	x:ad&d - heroes of lance	c_addheroesoflance
K	x:advanced dungeons & dragons - dragons of flame	drgnflam
K	x:advanced dungeons & dragons - eye of the beholder ii: the legend of darkmoon	eyebeho2
K	x:advanced dungeons & dragons - heroes of the lance	herolanc
K	x:advantage tennis	adtennis
K	x:advantage tennis (japan)	adtennis
K	x:aeternam	aeternam
K	x:aeternam (japan)	aeternam
K	x:after burner (japan)	aburnero
K	x:after burner (japan) (rev 1)	aburner
K	x:after burner (japan) (rev 1) (alt)	aburnera
K	x:after burner (v1.01)	aburnero
K	x:after burner (v1.02)	aburner
K	x:after burner (v1.02, alt)	aburnera
K	x:after burner 2 again	ab2again
K	x:after burner ii ('again' mod)	p_aburner_again
K	x:after burner ii again	ab2again
K	x:after burner iii	aburner3
K	x:after burner iii (japan)	aburner3
K	x:ai shimai - futari no kajitsu	aishimai
K	x:air combat ii - special (japan)	aircmb2s
K	x:air combat ii special	aircmb2s
K	x:air management - oozora ni kakeru	airmanag
K	x:air management - oozora ni kakeru (japan)	airmanag
K	x:air management - oozora ni kakeru (japan) (user disk)	airmanag
K	x:air raider	airraidr
K	x:air warrior v1.1 (1992-03-16)	airwar11o
K	x:air warrior v1.1 (1992-04-09)	airwar11
K	x:air warrior v1.2l10	airwar1210
K	x:air warrior v1.2l11	airwar1211
K	x:air warrior v2.1l10	airwar21
K	x:aishimai_diska	aishimai
K	x:aishimai_diskb	aishimai
K	x:aishimai_diskc	aishimai
K	x:aishimai_diskd	aishimai
K	x:aiv - a ressha de ikou 4 (1993-12-15 01:00:00)	aressh4o
K	x:aiv - a ressha de ikou 4 (1993-12-15 04:00:00)	aressh4
K	x:aiv - a ressha de ikou 4 (japan)	aressh4
K	x:aiv - a ressha de ikou 4 - map construction + power-up kit	aressh4m
K	x:akiko - premium version	akikoprm
K	x:akiko gold	akikogld
K	x:akiko gold (japan)	akikogld
K	x:akiko gold - the queen of adult	akikogld
K	x:akiko_gold_disk_a	akikogld
K	x:alice no yakata 3 (1995-05-16)	alice3o
K	x:alice no yakata 3 (1995-06-19)	alice3
K	x:alice no yakata 3 (japan)	alice3o
K	x:alice no yakata 3 (japan) (alt)	alice3
K	x:alice no yakata cd	alice
K	x:alice no yakata cd (japan)	alice
K	x:alice no yakata cd ii	alice2
K	x:alice no yakata cd ii (japan)	alice2
K	x:alice no yakata cd iii	alice3
K	x:alice_no_yakata_2	alice2
K	x:all bishoujo extra	c_allbishoujoextra
K	x:alltynex	c_alltynex
K	x:alltynex (doujin) (cd-rom conversion) (t-en v1.1)	p_alltynex_cd
K	x:alone in the dark	aitd
K	x:alone in the dark (captainys cd boot loader patch)	p_aitd_ys
K	x:alone in the dark (japan)	aitd
K	x:alone in the dark 2	aitd2
K	x:alone in the dark 2 (japan)	aitd2
K	x:alshark	alshark
K	x:alshark (japan)	alshark
K	x:amaranth iii	amarant3
K	x:amaranth iii (japan)	amarant3
K	x:amaranth_iii	amarant3
K	x:ambivalenz - niritsu haihan	ambivalz
K	x:ambivalenz - niritsu haihan (japan)	ambivalz
K	x:ambivalenz ～二律背反～	ambivalz
K	x:ambivalenz-systemdisk	ambivalz
K	x:america oudan ultra quiz	amoudan
K	x:america oudan ultra quiz (japan)	amoudan
K	x:an illusional world kastalia	kastalia
K	x:angel	angel
K	x:angel (japan)	angel
K	x:angel (save disk)	angel
K	x:angel halo	anghalo
K	x:angel haloe (japan)	anghalo
K	x:animation zenith (japan)	zenith
K	x:anne no yume no kuni - anne's country of dreams	anneyume
K	x:anne no yume no kuni - anne's country of dreams (japan)	anneyume
K	x:anothertowns - anata~ free software collection	anotowns
K	x:anothertowns あなた～ フリーソフトウェアコレクション	anotowns
K	x:anotowns	anotowns
K	x:aoki ookami to shiroki mejika - genchou hishi	genchohi
K	x:aoki ookami to shiroki mejika - genchou hishi (japan)	genchohi
K	x:aoki ookami to shiroki mejika - genchou hishi (system disk)	genchohi
K	x:appare cd vol. 1 - hiryuu no maki	appare1
K	x:appare cd vol. 1 - hiryuu no maki (japan)	appare1
K	x:appare cd vol. 2 - houou no maki	appare2
K	x:appare cd vol. 2 - houou no maki (japan)	appare2
K	x:arabesque - shoujo-tachi no orinasu ai no monogatari	arabesq
K	x:arabesque - shoujo-tachi no orinasu ai no monogatari (japan)	arabesq
K	x:arc frontier (doujin) (cd-rom conversion)	p_arcfront_cd
K	x:arcadia	c_arcadia
K	x:arquelphos	arquelph
K	x:arquelphos (japan)	arquelph
K	x:ars art rentalease - kaiga fukugou kensaku system	arsrent
K	x:ars art rentalease - kaiga fukugou kensaku system (japan)	arsrent
K	x:art cg no. 10 – renge so	c_artcgno10rengeso
K	x:aska towns	aska
K	x:asuka 120 burning fest. (disk a)	asuka120_cracked
K	x:asuka 120 burning fest. (disk b)	asuka120_cracked
K	x:asuka 120 burning fest. (disk c)	asuka120_cracked
K	x:asuka 120 burning fest. excellent (boot disk)	asu120ex
K	x:asuka 120 excellent - burning fest. excellent (japan)	asu120ex
K	x:asuka 120% burning fest.	asuka120
K	x:asuka 120% burning fest. (cd-rom conversion)	p_asuka120_cd
K	x:asuka 120% burning fest. (cracked)	asuka120_cracked
K	x:asuka 120% burning fest. excellent	asu120ex
K	x:asuka120_disk_a	asuka120
K	x:asuka120_disk_b	asuka120
K	x:asuka120_disk_c	asuka120
K	x:atlas ii, the (japan)	atlas2
K	x:atlas ii, the (japan) (system disk)	atlas2
K	x:atlas, the (japan)	atlas
K	x:auto demo '93 fuyu	autodm93
K	x:auto demo '93 fuyu (japan)	autodm93
K	x:awesome	awesome
K	x:awesome (japan)	awesome
K	x:ayumi-chan monogatari	ayumi
K	x:ayumi-chan monogatari (japan)	ayumi
K	x:ayumi-chan monogatari - jisshaban	ayumijb
K	x:ayumi-chan monogatari - jisshaban (japan)	ayumijb
K	x:ayumi-chan monogatari hint disk	ayumihint
K	x:ayumi-chan_monogatari_hint_disk	ayumihint
K	x:azure	azure
K	x:azure (japan)	azure
K	x:a列車で行こう4	aressh4
K	x:a列車で行こう4 マップコンストラクション＋パワーアップキット	aressh4m
K	x:a列車で行こうiii	aressh3
K	x:b-braker 3	bbraker3
K	x:babobippashitsu (ばぼびっぱしっ☆)	c_babobippashitsu
K	x:bacta 1 & 2 + voice	bacta12v
K	x:bacta 1&2 + voice (japan)	bacta12v
K	x:ballade for maria	bfmaria
K	x:ballade for maria (disk a)	bfmaria
K	x:ballade for maria - maria ni sasageru ballade (japan)	bfmaria
K	x:band-kun	bandkun
K	x:band-kun (japan)	bandkun
K	x:battle	battle
K	x:battle (japan)	battle
K	x:battle chess	batchess
K	x:battle chess (japan) (en,ja)	batchess
K	x:battle fighters	batfight
K	x:battle fighters 2	batfght2
K	x:battle fighters 2 - yume o kaketa tatakai	batfght2
K	x:battle fighters 2 -夢を賭けた戦い-	batfght2
K	x:battle fighters 3	batfght3
K	x:battle fighters 3 - inishie no jashin densetsu	batfght3
K	x:battle fighters 3 -古の邪神伝説-	batfght3
K	x:battleship waves (戦艦波高し) v3.0	c_battleshipwavesv30
K	x:bau	bau
K	x:beast iii	beast3
K	x:beast iii (japan)	beast3
K	x:bell's avenue vol. 1	bellsav1
K	x:bell's avenue vol. 1 (japan)	bellsav1
K	x:bell's avenue vol. 2	bellsav2
K	x:bell's avenue vol. 2 (japan)	bellsav2
K	x:bell's avenue vol. 3	bellsav3
K	x:bell's avenue vol. 3 (japan)	bellsav3
K	x:best play baseball, the (japan)	bestplay
K	x:bible master (system disk)	biblemas
K	x:bible master - crash of the blleotrutz	biblemas
K	x:bible master - crash of the blleotrutz (japan)	biblemas
K	x:bible master 2 - the chaos of aglia	biblemas2
K	x:bible master 2 - the chaos of aglia (japan)	biblemas2
K	x:biblemaster2-systemdisk	biblemas2
K	x:big honour	bighonor
K	x:big honour (japan)	bighonor
K	x:billionaire - okumanchouja ii (japan)	okuman2
K	x:billionare - okumanchouja ii	okuman2
K	x:blandia	blandia
K	x:blandia (japan)	blandia
K	x:blandia plus	c_blandiaplus
K	x:bliss collection #01 - whips ct. 1	bliss1
K	x:bliss collection #02 - vips	bliss2
K	x:bliss collection #02 - vips (alt)	bliss2a
K	x:bliss collection #02 - vips [set 1]	bliss2a
K	x:bliss collection #03 - whips ct. 2 pro	bliss3
K	x:bliss collection #07 - whips ct. 4	bliss7
K	x:blue - will to power	blue
K	x:blue - will to power (japan)	blue
K	x:bomberman - panic bomber	panicbom
K	x:bomberman - panic bomber (japan)	panicbom
K	x:brandish	brandish
K	x:brandish_game_disk_1	brandish
K	x:brandish_game_disk_2	brandish
K	x:brandish_game_disk_3	brandish
K	x:branmarker	branmark
K	x:branmarker (japan)	branmark
K	x:branmarker 2	branmar2
K	x:branmarker 2 (japan) (extra disc)	branmar2
K	x:branmarker 2 (japan) (game disc)	branmar2
K	x:branmarker 2 extra disc	c_branmarker2extradisc
K	x:break of tower	breaktow
K	x:bubble bobble	bublbobl
K	x:bubble bobble (japan)	bublbobl
K	x:bun-kun - houkou to meiro	bunkun
K	x:bun-kun - sentaku to kioku	bunkun
K	x:bun-kun - souji to junretsu	bunkun
K	x:bun-kun series - youji kiso nouryoku training soft set	bunkun
K	x:bun-kun – 1 – sentaku to kioku	c_bunkun1sentakutokioku
K	x:bun-kun – 2 – houkou to meiro	c_bunkun2houkoutomeiro
K	x:bun-kun – 3 – souji to junretsu	c_bunkun3soujitojunretsu
K	x:bunretsu shugoshin twinkle star	c_bunretsushugoshintwinklestar
K	x:burai (japan)	burai
K	x:burai - gekan kanketsu-hen	burai2
K	x:burai - kanketsu-hen (japan)	burai2
K	x:burai joukan	burai
K	x:burai kanketsu-hen	burai2
K	x:c-trace	ctrace
K	x:c-trace (japan)	ctrace
K	x:cal - towns (japan)	cal
K	x:cal gaiden - tiny step - tiny steps behind the cal (japan)	caltiny
K	x:cal gaiden - tiny steps	caltiny
K	x:cal gaiden - tiny steps behind the cal	caltiny
K	x:cal iii - kanketsu-hen	cal3
K	x:cal iii - kanketsu-hen (japan)	cal3
K	x:cal towns	cal
K	x:california x party - joshi daisei himitsu club	calxpart
K	x:california x party - joshi daisei himitsu club (japan)	calxpart
K	x:california_x_party	calxpart
K	x:cameltry	cameltry
K	x:cameltry (31khz video locked)	p_cameltry_fd31k
K	x:cameltry (cd-rom conversion)	p_cameltry_cd
K	x:cameltry (cd-rom conversion) (31khz video locked)	p_cameltry_cd31k
K	x:cameltry (cracked)	cameltry_cracked
K	x:cameltry_fixed	cameltry_cracked
K	x:can can bunny extra	cancanbx
K	x:can can bunny extra (japan)	cancanbx
K	x:can can bunny premiere	cancanbp
K	x:can can bunny premiere (japan)	cancanbp
K	x:cannon sight	c_cannonsight
K	x:captainys cd boot loader	p_ysboot_cd
K	x:captainys floppy boot loader	p_ysboot_fd
K	x:captainys floppy boot loader (auto-boot external scsi cd-rom)	p_ysboot_fdscsi
K	x:case of the cautious condor, the (japan)	condor
K	x:castles	castles
K	x:castles (japan) (en,ja)	castles
K	x:castles ii - bretagne touitsu senki / castles ii - siege & conquest	castles2
K	x:castles ii - bretagne touitsu senki ~ castles ii - siege & conquest (japan) (en,ja)	castles2
K	x:castles ii - siege and conquest	castles2
K	x:cat's part-1	catsp1
K	x:cat's part-1 (japan)	catsp1
K	x:cd graphics player	cdgplay
K	x:cd learning system ii - new horizon english course 1	nhorz2e1
K	x:cd learning system ii - new horizon english course 1 (fm towns marty version)	nhorz2e1m
K	x:cd learning system ii - new horizon english course 1 (japan)	nhorz2e1
K	x:cd learning system ii - new horizon english course 1 (japan) (fm towns marty)	nhorz2e1m
K	x:cd learning system ii - new horizon english course 2	nhorz2e2
K	x:cd learning system ii - new horizon english course 2 (japan)	nhorz2e2
K	x:cd learning system ii - new horizon english course 3	nhorz2e3
K	x:cd learning system ii - new horizon english course 3 (fm towns marty version)	nhorz2e3m
K	x:cd learning system ii - new horizon english course 3 (japan)	nhorz2e3
K	x:cd learning system ii - new horizon english course 3 (japan) (fm towns marty)	nhorz2e3m
K	x:cd learning system – new horizon english course 1	c_cdlearningsystemnewhorizonenglishcourse1
K	x:cd learning system – new horizon english course 2	c_cdlearningsystemnewhorizonenglishcourse2
K	x:cd+graphics player v1.1l10	cdgplay
K	x:cd-rom bishoujo collection - yuu disk special	yuudisc
K	x:cd-rom bishoujo senshi collection - yuu disc special	yuudisc
K	x:cd-rom bishoujo senshi collection - yuu disc special (japan)	yuudisc
K	x:cd_graphics_player_v1.1l10	cdgplay
K	x:centurion - defender of rome	centur
K	x:centurion - defender of rome (japan)	centur
K	x:cg syndicate vol. 1 - lisa northpoint	cgsynd1
K	x:cg syndicate vol. 1 - lisa northpoint (japan)	cgsynd1
K	x:cgシンジケート vol.1 リサ・ノースポイント	cgsynd1
K	x:chiemi & naomi	chiemi
K	x:chiemi & naomi (japan)	chiemi
K	x:chiemi-and-naomi	chiemi
K	x:chuumon no ooi ryouriten	chuumon
K	x:chuumon no ooi ryouriten (japan)	chuumon
K	x:classic road	classrod
K	x:classic road (japan)	classrod
K	x:clearmind - shimoguchi yuuzan no shuuchuuryoku kaihatsu	clearmind
K	x:clearmind - shimoguchi yuuzan no shuuchuuryoku kaihatsu (japan)	clearmind
K	x:collector d	collecd
K	x:collector d (japan)	collecd
K	x:collector d - bangai-hen - gokurakudai nishichiku sales daisakusen	collecdb
K	x:collector d - bangai-hen - gokurakudai nishichiku sales daisakusen (japan)	collecdb
K	x:collector d – bangai-hen	collecdb
K	x:columns	columns
K	x:columns (cd-rom conversion)	p_columns_cd
K	x:columns (cracked)	columns_cracked
K	x:computer zukan - shokubutsu-hen	czukan
K	x:computer zukan - shokubutsu-hen (japan)	czukan
K	x:config	confgrom
K	x:config-rom	confgrom
K	x:cover girls vol. 1	cvrgirls
K	x:cover girls vol. 1 - sexy photos with sophisticated sound (japan)	cvrgirls
K	x:cow panic (牛さん☆ぱにっく)	c_cowpanic
K	x:crayonnage	crayonag
K	x:crayonnage (japan)	crayonag
K	x:crescent	c_crescent
K	x:crescent moon	c_crescentmoon
K	x:cri gokan pack	c_crigokanpack
K	x:cri postman	postman
K	x:cri postman (japan)	postman
K	x:cri staccard	staccard
K	x:cri staccard (japan)	staccard
K	x:criss ver. 1.00	criss
K	x:criss ver. 1.00 (japan)	criss
K	x:crystal rinal - ouma no meikyuu	crystalr
K	x:crystal rinal - ouma no meikyuu (japan)	crystalr
K	x:crystal_rinal	crystalr
K	x:cubic sketch (v1.1 l10)	cubsketch
K	x:cubic sketch v1.1l10 (japan)	cubsketch
K	x:cubicsketch v1.1 l10	cubsketch
K	x:curse	curse
K	x:curse (japan)	curse
K	x:custom mate + denwa no bell ga...	cm1denwa
K	x:custom mate + denwa no bell ga... (japan)	cm1denwa
K	x:custom mate 2 + itsuka dokoka de	cm2itsuk
K	x:custom mate 2 + itsuka dokoka de (japan)	cm2itsuk
K	x:custommate	cm1denwa
K	x:custommate2	cm2itsuk
K	x:cyber motion (japan)	cybrmotn
K	x:cyber motion v1.0	cybrmotn
K	x:cyber sculpt (japan) (rev a)	cybsculp
K	x:cyber sculpt v1.0 (hmc-140a)	cybsculp
K	x:cybercity	cybrcity
K	x:cybercity (boot disk)	cybrcity
K	x:cybercity - the golden age of cybernetics (japan)	cybrcity
K	x:cyberia	cyberia
K	x:cyberia (japan)	cyberia
K	x:d-return	dreturn
K	x:d-return_disk_1	dreturn
K	x:d-return_disk_2	dreturn
K	x:d.p.s - dream program system	dps
K	x:d.p.s - dream program system (disk 1)	dps
K	x:d.p.s - dream program system (disk 2)	dps
K	x:d.p.s - dream program system sg	dpssg
K	x:d.p.s - dream program system sg set 2	dpssg2a
K	x:d.p.s - dream program system sg set 3	dpssg3a
K	x:d.p.s sg - dream program system sg	dpssg
K	x:d.p.s sg 2 - dream program system sg set 2	dpssg2
K	x:d.p.s sg 2 - dream program system sg set 2 (alt. system disk)	dpssg2a
K	x:d.p.s sg 3 - dream program system sg set 3	dpssg3
K	x:d.p.s sg 3 - dream program system sg set 3 (alt. disk 2)	dpssg3a
K	x:d.p.s. zenbu	dpszenbu
K	x:d.p.s. zenbu (japan)	dpszenbu
K	x:daifugou gakuen (v1.1)	daifugo
K	x:daifugou_gakuen	daifugo
K	x:daikoukai jidai	daikokai
K	x:daikoukai jidai (japan)	daikokai
K	x:daikoukai jidai (save disk)	daikokai
K	x:daikoukai jidai 2 (save disk)	daikok2
K	x:daikoukai jidai ii	daikok2
K	x:daikoukai jidai ii (japan)	daikok2
K	x:daisenryaku iii '90	daisenr3
K	x:daisenryaku iii '90 (game disk)	daisenr3
K	x:daisenryaku iii '90 (ninety) (japan)	daisenr3
K	x:daisenryaku iii '90 map collection vol. 1	dai3map1
K	x:daisenryaku iii '90 map collection vol. 2	c_daisenryaku390mapcollectionvol2
K	x:dalk	dalk
K	x:dalk (alt floppy disk)	dalka
K	x:dalk (boot disk)	dalk
K	x:dalk (japan)	dalk
K	x:dangel	dangel
K	x:dangel (japan)	dangel
K	x:daps for windows	dapsdemo
K	x:daps for windows (japan)	dapsdemo
K	x:dark dungeon + (ダーク・ダンジョン＋)	c_darkdungeon
K	x:darwin's dilemma - the solution is evolution	darwin
K	x:darwins_dilemma	darwin
K	x:date, the (japan)	date
K	x:day in the life of 2049, a - file 1 - 38-man kilo no kokuu (japan)	38man
K	x:de-ja ii (japan)	deja2
K	x:de.fana	defana
K	x:de.fana (japan)	defana
K	x:dead force – shinseiki kouboushi	c_deadforceshinseikikouboushi
K	x:dead of the brain - shiryou no sakebi	deadbrn
K	x:death brade	deathbrd
K	x:death brade (japan)	deathbrd
K	x:debian gnu/linux 1.3.1 with debian-jp packages	debian13
K	x:debian gnu/linux 2.0r2 with hamm-jp	debian20
K	x:debian-gnu-linux-1.3.1-jp-fmtowns.binary.laser5	debian13
K	x:debian-gnu-linux-1.3.1-jp-fmtowns.source.laser5	debian13
K	x:debian-gnu-linux-2.0r2-with-hamm-jp-i38-3cdset-binary-cd.laser5	debian20
K	x:debian-gnu-linux-2.0r2-with-hamm-jp-i38-3cdset-install-cd.laser5	debian20
K	x:debian-gnu-linux-2.0r2-with-hamm-jp-i38-3cdset-source.laser5	debian20
K	x:debian-gnu-linux-2.0r2-with-hamm-jp-laserdoc-1.0.laser5	debian20
K	x:debut shimasu... - nakagawa yuuko	debuts1
K	x:debut shimasu... 2 - nogami aki	debuts2
K	x:debut shimasu... vol. 1 - nakagawa yuuko (japan)	debuts1
K	x:debut2	debuts2
K	x:deep	deep
K	x:deep (japan)	deep
K	x:demon city	demoncit
K	x:demon city (japan)	demoncit
K	x:dengeki nurse	denurse
K	x:dengeki nurse (japan)	denurse
K	x:dengeki nurse 2 - more sexy	denurse2
K	x:dengeki nurse 2 - more sexy (japan)	denurse2
K	x:dengeki_nurse_2_disk_a	denurse2
K	x:dennou ehon - kyouryuu no sekai	kyosekai
K	x:dennou ehon - kyouryuu no sekai (japan)	kyosekai
K	x:derby stallion	dstall
K	x:derby stallion (japan)	dstall
K	x:desire - haitoku no rasen	desire
K	x:desire - haitoku no rasen (japan)	desire
K	x:de·ja ii	deja2
K	x:diamond players	diamondp
K	x:diamond players (japan)	diamondp
K	x:diamond_players	diamondp
K	x:die gekirin	diegekir
K	x:digital pinup girls vol. 1 - sexy shooting	digipin1
K	x:digital pinup girls vol. 1 - sexy shooting (japan)	digipin1
K	x:digital pinup girls vol. 2 - lovely shooting	digipin2
K	x:digital pinup girls vol. 2 - lovely shooting (japan)	digipin2
K	x:dinosaur	dinosaur
K	x:dinosaur_program_disk	dinosaur
K	x:dinosaur_scenario_disk_1	dinosaur
K	x:dinosaur_scenario_disk_2	dinosaur
K	x:disk megastore volume 1	megastor
K	x:disk_megastore_vol_1_disk_a	megastor
K	x:disk_megastore_vol_1_disk_b	megastor
K	x:dknight4_specialdisk_a	dknight4sp
K	x:dknight4_specialdisk_b	dknight4sp
K	x:dks2_specialdisk_a	dokyuse2sp
K	x:dks2_specialdisk_b	dokyuse2sp
K	x:dks2_specialdisk_c	dokyuse2sp
K	x:doda mega-mix!!!	dodamega
K	x:doda-mega mix (japan)	dodamega
K	x:doki doki disc cd-ban vol 1	dokidok1
K	x:doki doki disc cd-ban vol 2	dokidok2
K	x:doki doki disc cd-ban vol 3	dokidok3
K	x:doki doki disk cd-ban - club d.o. vol. 2	dokidok2
K	x:doki doki disk cd-ban - club d.o. vol. 3	dokidok3
K	x:doki doki disk cd-ban dai-1-kan - club d.o. jimukyoku	dokidok1
K	x:doki doki disk cd-ban vol. 1 (japan)	dokidok1
K	x:doki doki disk cd-ban vol. 2 (japan)	dokidok2
K	x:doki doki disk cd-ban vol. 3 (japan)	dokidok3
K	x:doki doki vacation - kirameku kisetsu no naka de	dokivact
K	x:doki doki vacation - kirameku kisetsu no naka de (japan)	dokivact
K	x:doki_doki_vacation_disk_a	dokivact
K	x:doom (cd-rom conversion)	p_doom_cd
K	x:dor	dor
K	x:dor - best selection - gekan (japan) (disc 1)	dorbestg
K	x:dor - best selection - gekan (japan) (disc 2)	dorbestg
K	x:dor - best selection - joukan (japan) (disc 1)	dorbestj
K	x:dor - best selection - joukan (japan) (disc 2)	dorbestj
K	x:dor best selection gekan	dorbestg
K	x:dor best selection joukan	dorbestj
K	x:dor part 1	dor
K	x:dor part 2	c_dorpart2
K	x:dor part 3	dor3
K	x:dor se (special edition) '93 (japan)	dorse93
K	x:dor se (special edition) sakigake - battle hold in ashikaga kougyou koukou (japan)	dorses
K	x:dor special edition '93	dorse93
K	x:dor special edition '93 (alt)	dorse93a
K	x:dor special edition sakigake	dorses
K	x:dor special edition 魁	dorses
K	x:dor_part3_scenario1	dor3
K	x:dor_part3_scenario2	dor3
K	x:dor_part3_scenario3	dor3
K	x:dor_part3_system_disk	dor3
K	x:dor_scenario1	dor
K	x:dor_scenario2	dor
K	x:dor_scenario3	dor
K	x:dor_system_disk	dor
K	x:dos6fd1	msdos62p3
K	x:dos6fd2	msdos62p3
K	x:dos6fd3	msdos62p3
K	x:dos6fd4	msdos62p3
K	x:dos6fd5	msdos62p3
K	x:dos6fd6	msdos62p3
K	x:doukyuusei	dokyusei
K	x:doukyuusei (japan)	dokyusei
K	x:doukyuusei 2	dokyuse2
K	x:doukyuusei 2 (japan)	dokyuse2
K	x:doukyuusei 2 special disk	dokyuse2sp
K	x:doushite ii ka wakaranai - ayanami rei kannou shashin-shuu	ayareiks
K	x:dps全部	dpszenbu
K	x:dr. stop (disk a)	drstop
K	x:dr. stop (disk b)	drstop
K	x:dr. stop!	drstop
K	x:dracula hakushaku - bishoujo-tachi no chi no shitatari	dracula
K	x:dracula hakushaku - bishoujo-tachi no chi no shitatari (japan)	dracula
K	x:dragon half	draghalf
K	x:dragon half (japan)	draghalf
K	x:dragon knight 4	dknight4
K	x:dragon knight 4 (japan)	dknight4
K	x:dragon knight 4 special disk	dknight4sp
K	x:dragon knight iii	dknight3
K	x:dragon knight iii (japan)	dknight3
K	x:dragon shock	drgshock
K	x:dragon shock (japan)	drgshock
K	x:dragon slayer - the legend of heroes	dsloh
K	x:dragon slayer - the legend of heroes ii	dsloh2
K	x:dragons of flame (japan)	drgnflam
K	x:drakkhen	drakkhen
K	x:drakkhen (japan)	drakkhen
K	x:dream fighters	dreamfgt
K	x:dream on bang2 project (japan)	planedge
K	x:dream program system sg (disk 1 - system)	dpssg
K	x:dream program system sg (disk 2 - kateikyoushi wa suteki na oshigoto)	dpssg
K	x:dream program system sg (disk 3 - fahnen fliegen)	dpssg
K	x:dream program system sg (disk 4 - nobunaga no inbou)	dpssg
K	x:dream program system sg set 2 (disk 1 - system)	dpssg2
K	x:dream program system sg set 2 (disk 2 - antique house)	dpssg2
K	x:dream program system sg set 2 (disk 3 - akai yoru)	dpssg2
K	x:dream program system sg set 2 (disk 4 - ikenai naika kenshin futatabi)	dpssg2
K	x:dream program system sg set 3 (disk 1 - system)	dpssg3
K	x:dream program system sg set 3 (disk 2 - sotsugyou)	dpssg3
K	x:dream program system sg set 3 (disk 3 - rabbit p4p)	dpssg3
K	x:dream program system sg set 3 (disk 4 - shinkonsan monogatari)	dpssg3
K	x:drive simulator - home navi v1.0 l01	drivesim
K	x:drive simulator – home navi (v1.0 l01)	drivesim
K	x:drive_simulator_program_disk	drivesim
K	x:drive_simulator_system_disk	drivesim
K	x:dungeon master (1989-11-14)	dmastero
K	x:dungeon master (1989-12-08)	dmaster
K	x:dungeon master (japan) (en,ja)	dmastero
K	x:dungeon master (japan) (en,ja) (rev 1)	dmaster
K	x:dungeon master - chaos strikes back (japan)	zokudm
K	x:dungeon master ii - skullkeep	dmaster2
K	x:dungeon master ii - skullkeep (japan)	dmaster2
K	x:dynamic english 2 - basic	dyneng2b
K	x:dynamic english 2 - basic (japan) (disc 1)	dyneng2b
K	x:dynamic english 3 - upper basic	dyneng3ub
K	x:dynamic english 3 - upper basic (japan) (disc 1) (version 1.0)	dyneng3ub
K	x:dynamic_english_3_upper_basic	dyneng3ub
K	x:dyned demo (ver 3.0)	dyneddemo
K	x:dyned demo disc	dyneddemo
K	x:dyned demo disc (japan)	dyneddemo
K	x:ed bogas' music machine (hme-144)	musicmaco
K	x:ed bogas' music machine (hme-144a)	musicmac
K	x:ed bogas' music machine (japan)	musicmaco
K	x:ed bogas' music machine (japan) (rev a)	musicmac
K	x:ed bogas' music machine lite	musicmaclto
K	x:ehon writer (v1.1 l10)	ehonwrit1110a
K	x:ehon writer - denshi ehon - aesop world dai-1-shuu	aesop1
K	x:ehon writer - denshi ehon - aesop world dai-1-shuu (japan)	aesop1
K	x:ehon writer school (v1.1 l21)	ehonwrit1120
K	x:ehon writer school v1.1 l20	ehonwrit1120
K	x:ehon writer school v1.1 l21	ehonwrit
K	x:ehon writer school v1.1 l21 (japan)	ehonwrit
K	x:ehon writer v1.1 l10 (fmb-3011)	ehonwrit1110
K	x:ehon writer v1.1 l10 (fmb-3011a)	ehonwrit1110a
K	x:ehon writer v1.1 l10 (japan)	ehonwrit1110
K	x:ehon writer v1.1 l10 (japan) (rev a)	ehonwrit1110a
K	x:ehonwrit	ehonwrit1120
K	x:eight lakes g.c. (japan) (course disc)	3dgolfel
K	x:eikan wa kimi ni 2 - koukou yakyuu zenkoku taikai (hmc-144)	eikanwa2o
K	x:eikan wa kimi ni 2 - koukou yakyuu zenkoku taikai (hmc-144a)	eikanwa2
K	x:eikan wa kimi ni 2 - koukou yakyuu zenkoku taikai (japan)	eikanwa2o
K	x:eikan wa kimi ni 2 - koukou yakyuu zenkoku taikai (japan) (rev a)	eikanwa2
K	x:eikan wa kimi ni 2 - kōkō yakyū zenkoku taikai	eikanwa2o
K	x:eikan wa kimi ni 3 - kōkō yakyū zenkoku taikai	c_eikanwakimini3kkyakyzenkokutaikai
K	x:eimmy (amy) to yobanaide - please don’t call me amy	eimmy
K	x:eimmy to yobanaide	eimmy
K	x:eimmy to yobanaide - please don't call me eimmy (japan)	eimmy
K	x:elfish	elfish
K	x:elfish (japan)	elfish
K	x:elfish lite	elfishlt
K	x:elfish lite (japan)	elfishlt
K	x:elle	elle
K	x:elle_disk_a	elle
K	x:elle_disk_b	elle
K	x:elle_disk_c	elle
K	x:elle_disk_d	elle
K	x:elle_disk_e	elle
K	x:elm knight - a living body armor	elmknigt
K	x:emerald dragon	emeraldd
K	x:emerald dragon (japan)	emeraldd
K	x:emerald dragon (system disk)	emeraldd
K	x:emit vol. 1 - lost in time (t-en v0.9)	p_emit1_en
K	x:emit vol. 1 - toki no maigo (demo)	emit1d
K	x:emit vol. 1 - toki no maigo (japan) (demo)	emit1d
K	x:emit vol. 1 - toki no maigo (japan) (en,ja)	emit1
K	x:emit vol. 1 - toki no maigo (version 1.20 release 1.00)	emit1o
K	x:emit vol. 1 - toki no maigo (version 1.30 release 2.00, 1994-04-26)	emit1a
K	x:emit vol. 1 - toki no maigo (version 1.30 release 2.00, 1995-01-20)	emit1
K	x:emit vol. 2 - a life-and-death trip (t-en v0.9)	p_emit2_en
K	x:emit vol. 2 - inochigake no tabi	emit2
K	x:emit vol. 2 - inochigake no tabi (japan) (en,ja)	emit2
K	x:emit vol. 3 - bid myself farewell (t-en v0.9)	p_emit3_en
K	x:emit vol. 3 - watashi ni sayonara o	emit3
K	x:emit vol. 3 - watashi ni sayonara o (japan) (en,ja)	emit3
K	x:emit1_v1.20_r1.00	emit1o
K	x:emit1_v1.30_r2.00_1994-04-26	emit1a
K	x:emit1_v1.30_r2.00_1995-01-20	emit1
K	x:emit2	emit2
K	x:emit3	emit3
K	x:engage errands - miwaku no shito-tachi	engerrnd
K	x:engage errands - miwaku no shito-tachi (japan)	engerrnd
K	x:engage errands ii - hikari o ninau mono	engerrn2
K	x:engage errands ii - kouki o ninau mono (japan)	engerrn2
K	x:engage_errands_2	engerrn2
K	x:enkaiou	enkaio
K	x:enkaiou (japan)	enkaio
K	x:enkaiou no gyakushuu ver 2 – return of enkaiou	enkaio2
K	x:enkaiou no gyakushuu ver. 2 - return of enkaio	enkaio2
K	x:enkaiou no gyakushuu ver. 2 - return of enkaio (japan)	enkaio2
K	x:enkaiou ver. 3 - chikyuu saidai no kessen	enkaio3
K	x:enkaiou ver. 3 - chikyuu saidai no kessen (japan)	enkaio3
K	x:erande tameseru taiken soft – highlight 20	c_erandetameserutaikensofthighlight20
K	x:etsuraku no gakuen	etsuraku
K	x:etsuraku no gakuen (japan)	etsuraku
K	x:euphony ii & mtr v1.1 l20 (japan)	eup2mtr
K	x:euphony ii & score v1.1 l10 (japan)	eup2sc
K	x:euphony ii / mtr (v1.1 l20)	eup2mtr
K	x:euphony ii / mtr v1.1 l20	eup2mtr
K	x:euphony ii / score v1.1 l10	eup2sc
K	x:euphony ii /score (v1.1 l10)	eup2sc
K	x:europa sensen	eurosens
K	x:europa sensen (japan)	eurosens
K	x:europa_sensen	eurosens
K	x:evolution	evolutn
K	x:evolution (japan)	evolutn
K	x:exceed (doujin) (cd-rom conversion)	p_exceed_cd
K	x:excellent 10	excel10
K	x:excellent 10 (japan)	excel10
K	x:exciting cd	excitcd
K	x:exciting cd '94 summer	excd94s
K	x:exciting cd '94 summer (japan) (disc 1)	excd94s
K	x:exciting cd '94 summer (japan) (disc 2)	excd94s
K	x:exciting cd (car marty)	excitcdcm
K	x:exciting cd (japan) (disc 1)	excitcd
K	x:exciting cd (japan) (disc 1) (car marty)	excitcdcm
K	x:exciting cd (japan) (disc 2)	excitcd
K	x:exciting cd (japan) (disc 2) (car marty)	excitcdcm
K	x:exciting cd 20	c_excitingcd20
K	x:exgmaze	exgmaze
K	x:eye of the beholder 2	c_eyeofbeholder2
K	x:eye of the beholder ii - the legend of darkmoon (japan)	eyebeho2
K	x:f basic386 (v1.1 l10) (rev b)	fbas2110
K	x:f basic386 compiler (v1.1 l21) (rev d)	fbc2120
K	x:f-basic 386 v1.1l20 (japan)	fbas1120
K	x:f-basic386 compiler v1.1 l21	fbc1121
K	x:f-basic386 compiler v1.1 l21 (japan) (rev d)	fbc1121
K	x:f-basic386 compiler v2.1 l10	fbc2110
K	x:f-basic386 compiler v2.1 l20	fbc2120
K	x:f-basic386 compiler v2.1 l20 (japan)	fbc2120
K	x:f-basic386 compiler v2.1l10 (japan)	fbc2110
K	x:f-basic386 v1.1 l10	fbas1110
K	x:f-basic386 v1.1 l10 (japan)	fbas1110
K	x:f-basic386 v1.1 l10 (japan) (rev b)	fbas1110b
K	x:f-basic386 v1.1 l10b	fbas1110b
K	x:f-basic386 v1.1 l20	fbas1120
K	x:f-basic386 v1.1 l21	fbas1121
K	x:f-basic386 v1.1l21 (japan)	fbas1121
K	x:f-basic386 v2.1 l10	fbas2110
K	x:f-basic386 v2.1 l10 (japan)	fbas2110
K	x:f-basic86hg interpreter v1.2 l31a	fbhi1231
K	x:f-basic86hg interpreter/compiler v1.2 l31a	fbhc1231
K	x:f29 retaliator	f29ret
K	x:f29 retaliator (japan)	f29ret
K	x:f29-retaliator	f29ret
K	x:fb86compiler	fbhi1231
K	x:fb86interpreter	fbhc1231
K	x:final blow	finalb
K	x:final blow (japan)	finalb
K	x:flashback	flashb
K	x:flashback (japan)	flashb
K	x:floppy bunko 03 - bishoujo graphic data shuu vol. 1	c_floppybunko03bishoujographicdatashuuvol1
K	x:floppy bunko 04 - bishoujo graphic data shuu vol. 2	c_floppybunko04bishoujographicdatashuuvol2
K	x:floppy bunko 06 - bishoujo graphic data shuu vol. 3	c_floppybunko06bishoujographicdatashuuvol3
K	x:floppy bunko 09 - bishoujo graphic data shuu vol. 4	c_floppybunko09bishoujographicdatashuuvol4
K	x:floppy bunko 1	c_floppybunko1
K	x:floppy bunko 10 - all bishoujo art graphics vol. 1	c_floppybunko10allbishoujoartgraphicsvol1
K	x:floppy bunko 11 - listener's club 0990 vol. 2	c_floppybunko11listenersclub0990vol2
K	x:floppy bunko 12	c_floppybunko12
K	x:floppy bunko 13 - bishoujo graphic data shuu vol. 5	c_floppybunko13bishoujographicdatashuuvol5
K	x:floppy bunko 14 – sadistic gamers syndrome – episode 1	sgamerss1
K	x:floppy bunko 15 - bishoujo graphic data shuu vol. 6	c_floppybunko15bishoujographicdatashuuvol6
K	x:floppy bunko 16 - bishoujo graphic data shuu vol. 7	c_floppybunko16bishoujographicdatashuuvol7
K	x:floppy bunko 17 - all bishoujo art graphics vol. 2	c_floppybunko17allbishoujoartgraphicsvol2
K	x:floppy bunko 18 - bishoujo graphic data shuu vol. 8	c_floppybunko18bishoujographicdatashuuvol8
K	x:floppy bunko 19 - bishoujo graphic data shuu vol. 9	c_floppybunko19bishoujographicdatashuuvol9
K	x:floppy bunko 2	c_floppybunko2
K	x:floppy bunko 20 - all bishoujo art graphics vol. 3	c_floppybunko20allbishoujoartgraphicsvol3
K	x:floppy bunko 21 - all bishoujo art graphics vol. 4	c_floppybunko21allbishoujoartgraphicsvol4
K	x:floppy bunko 22 - bishoujo graphic data shuu vol. 10	c_floppybunko22bishoujographicdatashuuvol1
K	x:floppy bunko 23	c_floppybunko23
K	x:floppy bunko 24 – sadistic gamers syndrome – episode 2	c_floppybunko24sadisticgamerssyndromeepiso
K	x:floppy bunko 25 – sadistic gamers syndrome – episode 3	c_floppybunko25sadisticgamerssyndromeepiso
K	x:floppy bunko 5	c_floppybunko5
K	x:floppy bunko 7	c_floppybunko7
K	x:floppy bunko 8	c_floppybunko8
K	x:fly! ball guy (翔べ！ボール野郎)	c_flyballguy
K	x:flying carpet (フライングカーペット)	c_flyingcarpet
K	x:fm series software taikenban cd (windows 3.1)	c_fmseriessoftwaretaikenbancd
K	x:fm towns appli jikkou set (townsgear, f-basic386) (v2.1 l20)	applijs
K	x:fm towns appli jikkou set (townsgear, f-basic386) v2.1 l20	applijs
K	x:fm towns appli jikkou set (townsgear, f-basic386) v2.1 l20 (japan)	applijs
K	x:fm towns application catalog cd	fmtappc
K	x:fm towns application catalog cd-rom - original soft-hen	fmtappc
K	x:fm towns application catalog cd-rom - original soft-hen (japan)	fmtappc
K	x:fm towns demonstartion cd – the galaxy of fm towns	demo90f
K	x:fm towns demonstration cd-rom '90. fuyu - the galaxy of fm towns	demo90f
K	x:fm towns demonstration cd-rom '90. fuyu - the galaxy of fm towns (japan)	demo90f
K	x:fm towns demonstration cd-rom '90. fuyu - the galaxy of fm towns (japan) (floppy 0)	demo90f
K	x:fm towns demonstration cd-rom 1992-nen haru-gou	demo92sp
K	x:fm towns demonstration cd-rom 1992-nen haru-gou (japan)	demo92sp
K	x:fm towns demonstration cd-rom 1993-nen haru-gou	demo93sp
K	x:fm towns demonstration cd-rom 1993-nen haru-gou (japan)	demo93sp
K	x:fm towns flexdata collection vol. 1 - e to oto no 365-nichi	flexdata
K	x:fm towns flexdata collection vol. 1 - e to oto no 365-nichi (japan)	flexdata
K	x:fm towns free soft nyuumon kit	fsnkit
K	x:fm towns free soft nyuumon kit (japan)	fsnkit
K	x:fm towns hyper cd demo futoppara no. 1	fmthcdd1
K	x:fm towns ii demonstration cd 93 winter (rev a)	demo93w
K	x:fm towns ii demonstration cd 94 spring	demo94sp
K	x:fm towns ii demonstration cd 94 summer	demo94su
K	x:fm towns ii demonstration cd-rom '93 winter	demo93w
K	x:fm towns ii demonstration cd-rom '93 winter (japan) (rev a)	demo93w
K	x:fm towns ii demonstration cd-rom '94 spring	demo94sp
K	x:fm towns ii demonstration cd-rom '94 spring (japan)	demo94sp
K	x:fm towns ii demonstration cd-rom '94 summer	demo94su
K	x:fm towns ii demonstration cd-rom '94 summer (japan)	demo94su
K	x:fm towns marty tentou auto demo '93 natsu	martydemo
K	x:fm towns marty tentou auto demo '93 natsu (japan)	martydemo
K	x:fm towns shougaku ongaku (5-6-nensei-you)	ongaku56
K	x:fm towns super technology demo 1993 (hme-219)	fmtstdemo
K	x:fm towns super technology demo 1993 (hme-219a)	fmtstdem
K	x:fm towns super technology demo 1993 (hme-919)	fmtstdema
K	x:fm towns super technology demo 1993 (japan)	fmtstdemo
K	x:fm towns super technology demo 1993 (japan) (hibaihin)	fmtstdema
K	x:fm towns super technology demo 1993 (japan) (rev a)	fmtstdem
K	x:fm towns world	fmtworld
K	x:fm towns world (japan)	fmtworld
K	x:fmr-towns_kihon_dos_tools_disk1	fmtools
K	x:fmr-towns_kihon_dos_tools_disk2	fmtools
K	x:fmr/towns kihon dos tools	fmtools
K	x:fortress	fortress
K	x:fouge vol 2 – masuo per masuo	masuoo
K	x:fouge vol. 1 - ki - japan - maeda shinzo no sekai (japan)	kijapan
K	x:fouge vol. 1 - ki - japan - maeda shinzou no sekai	kijapan
K	x:fouge vol. 2 - masuo per masuo - ikeda masuo hanga-shuu (1994-07-08)	masuoo
K	x:fouge vol. 2 - masuo per masuo - ikeda masuo hanga-shuu (1995-03-31)	masuo
K	x:fouge vol. 2 - masuo per masuo - ikeda masuo hanga-shuu (japan)	masuoo
K	x:fouge vol. 2 - masuo per masuo - ikeda masuo hanga-shuu (japan) (rerelease)	masuo
K	x:fractal engine demo	fractal
K	x:fractal engine demo (japan)	fractal
K	x:frecolle marty 1 – free software collection	c_frecollemarty1freesoftwarecollection
K	x:free software collection 1	c_freesoftwarecollection1
K	x:free software collection 10	fsc10
K	x:free software collection 10 (japan)	fsc10
K	x:free software collection 11	fsc11
K	x:free software collection 11 (japan)	fsc11
K	x:free software collection 2	c_freesoftwarecollection2
K	x:free software collection 3	c_freesoftwarecollection3
K	x:free software collection 4	fsc4
K	x:free software collection 4 (japan) (disc 1) (program disk)	fsc4
K	x:free software collection 4 (japan) (disc 2) (library disk)	fsc4
K	x:free software collection 5 (hmd-117)	fsc5o
K	x:free software collection 5 (hmd-117a)	fsc5a
K	x:free software collection 5 (hmd-117b)	fsc5
K	x:free software collection 5 (japan)	fsc5o
K	x:free software collection 5 (japan) (rev a)	fsc5a
K	x:free software collection 5 (japan) (rev b)	fsc5
K	x:free software collection 6 (hme-141)	fsc6o
K	x:free software collection 6 (hme-141a)	fsc6
K	x:free software collection 6 (japan)	fsc6o
K	x:free software collection 6 (japan) (rev a)	fsc6
K	x:free software collection 7 (hme-225)	fsc7o
K	x:free software collection 7 (hme-225a)	fsc7
K	x:free software collection 7 (japan)	fsc7o
K	x:free software collection 7 (japan) (rev a)	fsc7
K	x:free software collection 8	fsc8
K	x:free software collection 8 (japan)	fsc8
K	x:free software collection 9	fsc9
K	x:free software collection 9 (japan)	fsc9
K	x:free software collection marty 1	fscmarty
K	x:free software collection marty.1 (japan)	fscmarty
K	x:free ware collection 1 (japan)	fwc1
K	x:free ware collection 2 (japan)	fwc2
K	x:free ware collection 3 (japan)	fwc3
K	x:free will - knight of argent	freewill
K	x:free will - knight of argent (japan)	freewill
K	x:freeware collection 1	fwc1
K	x:freeware collection 2	fwc2
K	x:freeware collection 3	fwc3
K	x:frog feast (mode 7 demo)	frogfstd
K	x:frog feast demo	frogfstd
K	x:fujitsu air warrior (v1.1)	c_fujitsuairwarrior
K	x:fujitsu air warrior (v1.2 l10)	c_fujitsuairwarrior
K	x:fujitsu air warrior (v1.2 l11)	c_fujitsuairwarrior
K	x:fujitsu air warrior (v2.1 l10)	c_fujitsuairwarrior
K	x:fujitsu air warrior v1.1 (japan)	airwar11
K	x:fujitsu air warrior v1.2 (japan)	airwar1210
K	x:fujitsu air warrior v1.2l11 (japan) (en,ja)	airwar1211
K	x:fujitsu air warrior v2 - version 2.1 level 10 (japan)	airwar21
K	x:fujitsu air warrior v2 - version 2.1 level 10 (japan) (2mb-marty kidou disk)	airwar21
K	x:fujitsu air warrior v2 - version 2.1 level 10 (japan) (4mb kidou disk)	airwar21
K	x:fujitsu habitat (v1.1 l10)	habitat2110
K	x:fujitsu habitat v1.1 l10	habitat1110
K	x:fujitsu habitat v1.1 l10 (japan)	habitat1110
K	x:fujitsu habitat v2.1 l13a	habitat
K	x:fujitsu habitat v2.1 l13a (japan)	habitat
K	x:fujitsu habitat v2.1l10	habitat2110
K	x:fujitsu habitat v2.1l10 (japan)	habitat2110
K	x:fujitsu journal special edition	fjournal
K	x:fujitsu journal special edition by cd-rom	fjournal
K	x:fujitsu journal special edition by cd-rom (japan)	fjournal
K	x:fujitsu_air_warrior_v1.1_1992-03-16	airwar11o
K	x:fujitsu_air_warrior_v1.1_1992-04-09	airwar11
K	x:fujitsu_air_warrior_v1.2l10	airwar1210
K	x:fujitsu_air_warrior_v1.2l11_fmtowns	airwar1211
K	x:fujitsu_air_warrior_v1.2l11_marty	airwar1211
K	x:fukkatsusai - asticaya no majo	c_fukkatsusaiasticayanomajo
K	x:fukubukuro	kakefuku
K	x:fushigi no umi no nadia - the secret of blue water	nadia
K	x:fushigi no umi no nadia - the secret of blue water (japan) (disc a) (unidentified noise)	nadia
K	x:fushigi no umi no nadia - the secret of blue water (japan) (disc b) (the arctic ocean)	nadia
K	x:fushigi no umi no nadia - the secret of blue water (japan) (disc c) (the fortress)	nadia
K	x:futoppara fd heisei #02	futoph02
K	x:futoppara fd heisei #03	futoph03
K	x:futoppara fd heisei #04	futoph04
K	x:futoppara fd heisei #05	futoph05
K	x:futoppara fd heisei #06	futoph06
K	x:futoppara fd heisei #07	futoph07
K	x:futoppara fd heisei #08	futoph08
K	x:futoppara fd heisei #09	futoph09
K	x:futoppara fd heisei #10	futoph10
K	x:futoppara fd heisei 1-gou	futoph01
K	x:futoppara fd heisei 10-gou	futoph10
K	x:futoppara fd heisei 2-gou	futoph02
K	x:futoppara fd heisei 3-gou	futoph03
K	x:futoppara fd heisei 4-gou	futoph04
K	x:futoppara fd heisei 5-gou	futoph05
K	x:futoppara fd heisei 6-gou	futoph06
K	x:futoppara fd heisei 7-gou	futoph07
K	x:futoppara fd heisei 8-gou	futoph08
K	x:futoppara fd heisei 9-gou	futoph09
K	x:futoppara no 1 (fd heisei)	c_futopparano1
K	x:futoppara no 10 (fd heisei)	c_futopparano10
K	x:futoppara no 2 (fd heisei)	c_futopparano2
K	x:futoppara no 3 (fd heisei)	c_futopparano3
K	x:futoppara no 4 (fd heisei)	c_futopparano4
K	x:futoppara no 5 (fd heisei)	c_futopparano5
K	x:futoppara no 6 (fd heisei)	c_futopparano6
K	x:futoppara no 7 (fd heisei)	c_futopparano7
K	x:futoppara no 8 (fd heisei)	c_futopparano8
K	x:futoppara no 9 (fd heisei)	c_futopparano9
K	x:futoppara no. 1 - fm towns hyper cd demo (japan)	fmthcdd1
K	x:futoppara_fd_heisei_1	futoph01
K	x:g5	g5o
K	x:g5 (hma-206)	g5o
K	x:g5 (hma-206a)	g5
K	x:g5 (japan)	g5o
K	x:g5 (japan) (rev a)	g5
K	x:gadget - invention, travel, & adventure	gadget
K	x:gadget - invention, travel, & adventure (japan)	gadget
K	x:gakuen bakuretsu tenkousei (japan)	gakubaku
K	x:gakuen bakuretsu tenkousei!	gakubaku
K	x:gakuen bomber	gbomber
K	x:gakuen bomber (japan)	gbomber
K	x:gakuen king - hidehiko gakkou o tsukuru	gakuking
K	x:gakuen king - hidehiko gakkou o tsukuru (japan)	gakuking
K	x:gakuen king - hidehiko gakkō o tsukuru	gakuking
K	x:galaxy force ii	gforce2
K	x:galaxy force ii (japan)	gforce2
K	x:galaxy wars - regional power ii (japan)	regpowr2
K	x:gambler - queen's cup	queencup
K	x:gambler - queen's cup (japan)	queencup
K	x:gambler - queen's cup (t-en v1.0)	p_queencup_en
K	x:game jang+	c_gamejang
K	x:game nihonshi - kakumeiji oda nobunaga	nihonshi1
K	x:game nihonshi - kakumeiji oda nobunaga (japan)	nihonshi1
K	x:game nihonshi - tenkabito hideyoshi to ieyasu	nihonshi2
K	x:game nihonshi - tenkabito hideyoshi to ieyasu (japan)	nihonshi2
K	x:game technopolis super collection 1	gametec1
K	x:game technopolis super collection 2	gametec2
K	x:gameテクノポリス スーパーコレクション1	gametec1
K	x:gameテクノポリス スーパーコレクション2	gametec2
K	x:garou densetsu special	c_garoudensetsuspecial
K	x:gear-video	gearvid
K	x:gear_video	gearvid
K	x:gedit towns	gedit
K	x:gedit towns (japan)	gedit
K	x:gekirin - shitsu nawa reshi houken	gekirin
K	x:gekirin - ushinawareshi houken	gekirin
K	x:gekirin - ushinawareshi houken (japan)	gekirin
K	x:gendai daisenryaku ex special	daisenex
K	x:gendai daisenryaku ex special (japan)	daisenex
K	x:genocide square	genocsq
K	x:genocide squared	genocsq
K	x:genocide squared (marty fix)	p_genocsq_marty
K	x:genocide^2 - genocide square (japan)	genocsq
K	x:giga mortion	gigamort
K	x:giga mortion (japan)	gigamort
K	x:ginga eiyuu densetsu ii dx+	ginga2dx
K	x:ginga eiyuu densetsu ii dx+ towns special	ginga2dx
K	x:ginga eiyuu densetsu ii dx+ towns special (japan)	ginga2dx
K	x:ginga eiyuu densetsu iii sp	ginga3sp
K	x:ginga eiyuu densetsu iii sp (japan)	ginga3sp
K	x:ginga yuukyou densetsu rc tobacker	c_gingayuukyoudensetsurctobacker
K	x:gingaed3sp_gamedisk	ginga3sp
K	x:glodia premium cd single vol. 2 - bible master - crash of the blleotrutz (japan)	biblemas
K	x:gnu for towns	gnutowns
K	x:gnu for towns (japan)	gnutowns
K	x:gnu for towns rel. 2 (japan)	gnutownsr2
K	x:gnu for towns release 2	gnutownsr2
K	x:go dojo yaburi	c_godojoyaburi
K	x:go ii	igo2
K	x:goh ii	goh2
K	x:goh ii towns special	goh2
K	x:goh ii towns special (system disk)	goh2
K	x:gokanshi	c_gokanshi
K	x:gokichi-kun series - igo nyuumon doujou	gokinyu
K	x:gokichi-kun series - igo nyuumon doujou (japan)	gokinyu
K	x:gokko vol. 01 - doctor	gokko1
K	x:gokko vol. 01 - doctor (japan)	gokko1
K	x:gokko vol. 02 - school gal's	gokko2
K	x:gokko vol. 02 - school gal's (japan)	gokko2
K	x:gokko vol. 03 - etcetera	gokko3
K	x:gokko vol. 03 - etcetera (japan)	gokko3
K	x:gokuraku mandala	gokumand
K	x:gokuraku mandala (japan)	gokumand
K	x:golf links 386 pro	links386
K	x:golf links 386 pro (japan)	links386
K	x:golf links 386 pro champion course vol. 1 - mauna kea beach golf course	links386cc1
K	x:golf links 386 pro champion course vol. 2 - firestone country club south course	links386cc2
K	x:golf links 386 pro champion course vol. 3 - banff springs	links386cc3
K	x:golf links 386 pro champion course vol. 4 - innisbrook copperhead course	links386cc4
K	x:gorby no pipeline daisakusen	gorbypip
K	x:gorby no pipeline daisakusen (cd-rom conversion)	p_gorbypip_cd
K	x:gorby_no_pipeline_daisakusen	gorbypip
K	x:gou ii - towns special (japan)	goh2
K	x:grapharmony (v1.0)	c_grapharmony
K	x:ground attack	grndatak
K	x:gulf war - soukouden	gulfwar
K	x:gulfwar	gulfwar
K	x:gulfwar_systemdisk	gulfwar
K	x:gunblaze	gunblaze
K	x:gunblaze (japan)	gunblaze
K	x:gunship - the helicopter simulation	gunship
K	x:gunship - the helicopter simulation (japan)	gunship
K	x:guppy beater (ぎょっぴーべーだー)	c_guppybeater
K	x:habitatv1.1l10	habitat1110
K	x:habitatv2.1l10	habitat
K	x:hacchake ayayo-san iv - sexy olympic / ayayo's live affection	ayayo4
K	x:hajimete no ryokou eikaiwa	hajiryoei
K	x:hajimete no ryokou eikaiwa (fm towns marty version)	hajiryoeim
K	x:hajimete no ryokou eikaiwa (japan)	hajiryoei
K	x:hajimete no ryokou eikaiwa (japan) (fm towns marty rerelease)	hajiryoeim
K	x:half moon ni kawaru made - ramiya ryo no nijiiro tamatebako	halfmoon
K	x:half moon ni kawaru made - ramiya ryou no nijiiro tamatebako	halfmoon
K	x:half moon ni kawaru made - ramiyaryou no nijiiro tamatebako (japan)	halfmoon
K	x:half_moon_ni_kawaru_made	halfmoon
K	x:hana no kioku	hanakiok
K	x:hana no kioku (japan)	hanakiok
K	x:hana no kioku - dainishou	hanakiok2
K	x:hana no kioku - dainishou (japan)	hanakiok2
K	x:hana no kioku dai 2 shou	hanakiok2
K	x:hana yori dango	c_hanayoridango
K	x:hana yori dango 2	hanayor2
K	x:hana yori dango 2 (japan)	hanayor2
K	x:hanafuda de pon (boot disk)	hanapon
K	x:hanafuda de pon (japan)	hanapon
K	x:hanafuda de pon!	hanapon
K	x:haou soudatsu battle fighters	batfight
K	x:harukanaru augusta (japan) (course disc)	3dgolfha
K	x:hashiri onna ii - running girls	c_hashirionna2runninggirls
K	x:hatchake ayayo-san 1-2-3	ayayo123
K	x:healthy life ii	healthy2
K	x:healthy life ii (japan)	healthy2
K	x:heboris	heboris
K	x:heboris (doujin) (cd conversion)	p_heboris_cd
K	x:heike monogatari (gekan)	heike2
K	x:heike monogatari (gekan) (japan)	heike2
K	x:heike monogatari (joukan)	heike1
K	x:heike monogatari (joukan) (japan)	heike1
K	x:heike monogatari (joukan) (japan) (rerelease)	heike1r
K	x:heike monogatari (joukan) (rerelease)	heike1r
K	x:heli-command	helicmd
K	x:heli-rescue	heliresq
K	x:heroes of the lance (japan) (en,ja)	herolanc
K	x:high c compiler multimedia (v1.7 l12)	hcc1712
K	x:high c compiler multimedia kaihatsu kit v1.7 l13	hcc1713
K	x:high c compiler multimedia kaihatsu kit v1.7 l13 (japan)	hcc1713
K	x:high c compiler multimedia kit v1.7 l12	hcc1712
K	x:high c compiler multimedia kit v1.7l12 (japan)	hcc1712
K	x:high color (牌唐)	c_highcolor
K	x:high school war	c_highschoolwar
K	x:highlight cd 20	highlt20
K	x:highlight cd 20 (disc 1)	highlt20
K	x:highlight cd 20 (disc 2)	highlt20
K	x:hiouden ii	hiouden2
K	x:hiouden ii (japan)	hiouden2
K	x:hiouden ii (japan) (system disk)	hiouden2
K	x:hiragana no ehon	hiraehon
K	x:hiragana no ehon (japan)	hiraehon
K	x:hishouzame - flying shark (japan)	fshark
K	x:hishouzame / flying shark	fshark
K	x:home studio (v1.1 l10)	hstudio11
K	x:homestudio v1.1 l10 (japan)	hstudio11
K	x:homestudio v1.1l10	hstudio11
K	x:homestudio v1.2l10	hstudio
K	x:homestudio v1.2l10 (japan)	hstudio
K	x:hometown, u.s.a.	htownusa
K	x:hometown_usa_data_disk	htownusa
K	x:hometown_usa_program_disk	htownusa
K	x:hon'yaku helper zurukamashi	zurukama
K	x:hon'yaku helper zurukamashi - jisho disk junior	zurujr
K	x:honoo no iya	c_honoonoiya
K	x:horde, the (japan)	horde
K	x:hoshi no suna monogatari	hoshisun
K	x:hoshi no suna monogatari (japan)	hoshisun
K	x:hoshi no suna monogatari 2	hoshisn2
K	x:hoshi no suna monogatari 2 (japan)	hoshisn2
K	x:hoshi no suna monogatari 3	hoshisn3
K	x:hoshi no suna monogatari 3 (japan)	hoshisn3
K	x:houma hunter lime dai-1-wa	hhunt01
K	x:houma hunter lime dai-1-wa (alt)	hhunt01a
K	x:houma hunter lime dai-10-wa	hhunt10
K	x:houma hunter lime dai-11-wa	hhunt11
K	x:houma hunter lime dai-12-wa	hhunt12
K	x:houma hunter lime dai-2-wa	hhunt02
K	x:houma hunter lime dai-2-wa (alt)	hhunt02a
K	x:houma hunter lime dai-3-wa	hhunt03
K	x:houma hunter lime dai-3-wa (alt)	hhunt03a
K	x:houma hunter lime dai-4-wa	hhunt04
K	x:houma hunter lime dai-5-wa	hhunt05
K	x:houma hunter lime dai-6-wa	hhunt06
K	x:houma hunter lime dai-7-wa	hhunt07
K	x:houma hunter lime dai-8-wa	hhunt08
K	x:houma hunter lime dai-9-wa	hhunt09
K	x:houma hunter lime vol. 01 (disk 1)	hhunt01a
K	x:houma hunter lime vol. 01 (disk 2)	hhunt01a
K	x:houma hunter lime vol. 02 (disk 1)	hhunt02a
K	x:houma hunter lime vol. 02 (disk 2)	hhunt02a
K	x:houma hunter lime vol. 03 (disk 1)	hhunt03a
K	x:houma hunter lime vol. 03 (disk 2)	hhunt03a
K	x:houma hunter lime vol. 04 (disk 1)	hhunt04
K	x:houma hunter lime vol. 04 (disk 2)	hhunt04
K	x:houma hunter lime vol. 05 (disk 1)	hhunt05
K	x:houma hunter lime vol. 05 (disk 2)	hhunt05
K	x:houma hunter lime vol. 06 (disk 1)	hhunt06
K	x:houma hunter lime vol. 06 (disk 2)	hhunt06
K	x:houma hunter lime vol. 07 (disk 1)	hhunt07
K	x:houma hunter lime vol. 07 (disk 2)	hhunt07
K	x:houma hunter lime vol. 07 (disk 3)	hhunt07
K	x:houma hunter lime vol. 08 (disk 1)	hhunt08
K	x:houma hunter lime vol. 08 (disk 2)	hhunt08
K	x:houma hunter lime vol. 08 (disk 3)	hhunt08
K	x:houma hunter lime vol. 09 (disk 1)	hhunt09
K	x:houma hunter lime vol. 09 (disk 2)	hhunt09
K	x:houma hunter lime vol. 09 (disk 3)	hhunt09
K	x:houma hunter lime vol. 10 (disk 1)	hhunt10
K	x:houma hunter lime vol. 10 (disk 2)	hhunt10
K	x:houma hunter lime vol. 10 (disk 3)	hhunt10
K	x:houma hunter lime vol. 11 (disk 1)	hhunt11
K	x:houma hunter lime vol. 11 (disk 2)	hhunt11
K	x:houma hunter lime vol. 11 (disk 3)	hhunt11
K	x:houma hunter lime vol. 12 (disk 1)	hhunt12
K	x:houma hunter lime vol. 12 (disk 2)	hhunt12
K	x:houma hunter lime vol. 12 (disk 3)	hhunt12
K	x:houma hunter lime vol. 12 (disk 4)	hhunt12
K	x:houma_hunter_lime_vol_1_data_disk	hhunt01
K	x:houma_hunter_lime_vol_1_system_disk	hhunt01
K	x:houma_hunter_lime_vol_2_data_disk	hhunt02
K	x:houma_hunter_lime_vol_2_system_disk	hhunt02
K	x:houma_hunter_lime_vol_3_data_disk	hhunt03
K	x:houma_hunter_lime_vol_3_system_disk	hhunt03
K	x:hyakunin isshu (japan)	100isshu
K	x:hyper address (hmb-106)	hypraddro
K	x:hyper address (hmb-106a)	hypraddr
K	x:hyper address (japan)	hypraddro
K	x:hyper address (japan) (rev a)	hypraddr
K	x:hyper address (japan) (rev a) (system disk)	hypraddr
K	x:hyper address (system disk)	hypraddro
K	x:hyper address ver. 2.0	hypraddr2
K	x:hyper address ver. 2.0 (japan)	hypraddr2
K	x:hyper aquarium - kaisui-hen	hypaquak
K	x:hyper aquarium - kaisui-hen (japan)	hypaquak
K	x:hyper aquarium - tansui-hen	hypaquat
K	x:hyper aquarium - tansui-hen (japan)	hypaquat
K	x:hyper channel - towns tv	hypchttv
K	x:hyper channel - towns tv (japan)	hypchttv
K	x:hyper dream	hypdream
K	x:hyper dream (japan) (rev a)	hypdream
K	x:hyper dx	hyperdx
K	x:hyper dx (japan)	hyperdx
K	x:hyper eigo gakushuu system - new crown english 1 (rev a)	ncrown1
K	x:hyper eigo gakushuu system - new crown english 2 (rev b)	ncrown2
K	x:hyper eigo gakushuu system - new crown english series 1	ncrown1
K	x:hyper eigo gakushuu system - new crown english series 1 (japan) (rev a)	ncrown1
K	x:hyper eigo gakushuu system - new crown english series 2	ncrown2
K	x:hyper eigo gakushuu system - new crown english series 2 (japan) (rev b)	ncrown2
K	x:hyper eigo gakushuu system - new total english 2	ntotal2
K	x:hyper eigo gakushuu system - new total english 2 (japan) (rev a)	ntotal2
K	x:hyper fetishism	hfetish
K	x:hyper fetishism (japan)	hfetish
K	x:hyper girl - akiko - premium version (japan)	akikoprm
K	x:hyper land - doubutsu no sekai	hypland
K	x:hyper land - doubutsu no sekai (japan)	hypland
K	x:hyper note (1991-12-12)	hypnoteo
K	x:hyper note (1992-03-03)	hypnote
K	x:hyper note (japan)	hypnote
K	x:hyper ocean	hyprocea
K	x:hyper ocean (japan)	hyprocea
K	x:hyper oku no hosomichi	okuhoso
K	x:hyper oku no hosomichi (japan)	okuhoso
K	x:hyper planet (1990-09-15)	hyplaneto2
K	x:hyper planet (1990-09-20)	hyplaneto
K	x:hyper planet (1992-02-14)	hyplanet
K	x:hyper planet (demo)	hyplanetd
K	x:hyper planet (japan)	hyplanet
K	x:hyper planet (japan) (demo)	hyplanetd
K	x:hyper planet for marty	hyplanetm
K	x:hyper planet for marty (japan)	hyplanetm
K	x:hyper planet shiki vol. 1	hyplanets1
K	x:hyper planet shiki vol. 1 (japan)	hyplanets1
K	x:hyper planet shiki vol. 2	hyplanets2
K	x:hyper planet shiki vol. 2 (japan)	hyplanets2
K	x:hyper planet shiki vol. 3	hyplanets3
K	x:hyper planet shiki vol. 3 - uraraka na haru no seiza-hen (japan)	hyplanets3
K	x:hyper-planet-19900915	hyplaneto2
K	x:hyper-planet-19900920	hyplaneto
K	x:hyper_address_ver_2.0	hypraddr2
K	x:hyper_land	hypland
K	x:hyper_note_1991-12-12	hypnoteo
K	x:hyper_note_1992-03-03	hypnote
K	x:hyper_planet_1992-02-14	hyplanet
K	x:hyper_planet_marty	hyplanetm
K	x:hyperland ii - mimi no daibouken	hypland2
K	x:hyperland ii - mimi no daibouken (japan)	hypland2
K	x:idol project (1995-06-16 15:06:42)	idolprojo
K	x:idol project (1995-06-16 17:22:18)	idolproj
K	x:idol project (japan)	idolproj
K	x:idol project (system disk) (1995-06-16 15-06-42)	idolprojo
K	x:idol project (system disk) (1995-06-16 17-22-18)	idolproj
K	x:if	c_if
K	x:if - invitations from fantastic stories	if
K	x:if - invitations from fantastic stories (japan)	if
K	x:if 1-2-3 cd collection	if123
K	x:if 1-2-3 cd collection (japan)	if123
K	x:if 2	c_if2
K	x:if 2 - invitations from fantastic stories	if2
K	x:if 2 - invitations from fantastic stories (japan)	if2
K	x:if 3	c_if3
K	x:if 3 - invitations from fantastic stories	if3
K	x:if 3 - invitations from fantastic stories (japan)	if3
K	x:igo doujou (japan)	igohonka
K	x:igo doujou - honkakuha yose tsumego shinan	igohonka
K	x:igo doujou shodan (japan) (rev a)	igoshodan
K	x:igo doujou shodan - kaigan! kyuu kara dan e no chousen	igoshodan
K	x:igo doujou yaburi (japan)	igoyabu
K	x:igo doujou yaburi - menkyo kaiden!! mezase 7-kyuu	igoyabu
K	x:igo ii (hma-219)	igo2o
K	x:igo ii (hma-219a)	igo2
K	x:igo ii (japan)	igo2o
K	x:igo ii (japan) (rev a)	igo2
K	x:igo_doujou_mondai_disk_dai-2-shuu	igohonka
K	x:ii tabi ii aji goannai - furusato kodzutsumi & kanpo no yado - heisei gannendo-ban	iitabi
K	x:ii tabi ii aji goannai - furusato kodzutsumi & kanpo no yado - heisei gannendo-ban (japan)	iitabi
K	x:iitabi ii aji goannai – furusato kodzutsumi & kanpo no yado	iitabi
K	x:ikazuchi no senshi raidi	raidy
K	x:ikazuchi no senshi raidi 2 (rev 1)	raidy2o
K	x:ikazuchi no senshi raidy	raidy
K	x:ikazuchi no senshi raidy (japan)	raidy
K	x:ikazuchi no senshi raidy 2 (1996-03-11)	raidy2o
K	x:ikazuchi no senshi raidy 2 (1996-08-01)	raidy2
K	x:ikazuchi no senshi raidy 2 (japan)	raidy2
K	x:ikazuchi no senshi raidy ii	raidy2o
K	x:illusion cg collection vol. 1 - yawahada bishoujo	yawahada
K	x:illusion cg collection vol. 1 - yawahada bishoujo (japan)	yawahada
K	x:illusion city (disk 1)	illcity
K	x:illusion city (disk 2)	illcity
K	x:illusion city (disk 3)	illcity
K	x:illusion city (disk 4)	illcity
K	x:illusion city (disk 5)	illcity
K	x:illusion city (disk 6)	illcity
K	x:illusion city (disk 7)	illcity
K	x:illusion city (disk 8)	illcity
K	x:illusion city - gen'ei toshi	illcity
K	x:illust hyakka - yamashita hideki no ikiiki cut-shuu	ilhyakka
K	x:illust hyakka - yamashita hideki no ikiiki cut-shuu (japan) (rev a)	ilhyakka
K	x:image	image
K	x:image (disk 1)	image
K	x:image (disk 2)	image
K	x:image 2	c_image2
K	x:image fight	imgfight
K	x:image fight (demo)	imgfightd
K	x:image power	imgpower
K	x:image power (japan)	imgpower
K	x:imagefight (japan)	imgfight
K	x:imagefight (japan) (demo)	imgfightd
K	x:incredible machine, the (japan)	tim
K	x:indiana jones and the fate of atlantis	indy4
K	x:indiana jones and the fate of atlantis (japan) (en,ja)	indy4
K	x:indiana jones and the last crusade	indycrus
K	x:indiana jones and the last crusade (japan) (en,ja)	indycrus
K	x:indiana jones and the last crusade (japan) (en,ja) (demo)	indycrusd
K	x:indiana jones and the last crusade (pre-release version)	indycrusd
K	x:infestation	infest
K	x:infestation - chinmoku no wakusei	infest
K	x:infestation - chinmoku no wakusei (japan) (en,ja,fr,de)	infest
K	x:inindo - datou nobunaga	inindo
K	x:inindou - datou nobunaga (japan)	inindo
K	x:inindou: datou nobunaga	inindo
K	x:inindou_datou_nobunaga	inindo
K	x:injuu gakuen - la blue girl	injuugak
K	x:injuu gakuen - la blue girl (japan)	injuugak
K	x:intruder	c_intruder
K	x:iris-tei serenade	iris
K	x:iris-tei serenade (japan)	iris
K	x:iris-tei_serenade_disk_a	iris
K	x:irium	irium
K	x:irium_disk_a	irium
K	x:irium_disk_b	irium
K	x:irium_disk_c	irium
K	x:irium_disk_d	irium
K	x:irium_kidou_disk	irium
K	x:iron fist (doujin) (cd-rom conversion with generic townsos cdda)	p_ironfist_cd
K	x:iron fist (revised version)	ironfist
K	x:iron fist - the revised edition	ironfist
K	x:iron fist kaiteiban	ironfist
K	x:iron fist 改訂版	ironfist
K	x:ishidoo - the way of stones (japan) (en,ja)	ishido
K	x:ishidou - the way of stones	ishido
K	x:ishin	ishin
K	x:ishin no arashi	ishin
K	x:ishin no arashi (japan)	ishin
K	x:iwanami bungakukan - natsume souseki	nsouseki
K	x:j. b. harold jikenbo 1 - murder club dx (japan)	mclubdx
K	x:j. r. r. tolkien's the lord of the rings, vol. ii - the two towers	lotr2
K	x:j.league 1994 professional soccer	jleag94
K	x:jan jaka jan	janjaka
K	x:jan jaka jan (japan)	janjaka
K	x:jangou 4	jangou4
K	x:jangou 4 (japan)	jangou4
K	x:jankirou	jankirou
K	x:jankirou (japan)	jankirou
K	x:japan professional football league - j.league 1994 professional soccer (japan)	jleag94
K	x:japan professional football league 1994	c_japanprofessionalfootballleague1994
K	x:jealousy	jealousy
K	x:jealousy (japan)	jealousy
K	x:jinmon yuugi	jinmon
K	x:jinmon yuugi (japan)	jinmon
K	x:jinmon_yuugi	jinmon
K	x:jissen igo taikyoku - gokichi-kun - chuukyuu (jou)	gokickj
K	x:jissen igo taikyoku gokichi-kun chuukyuu jou	gokickj
K	x:jissen_igo_taikyoku_gokichi-kun_chuukyuu_jou_disk_a	gokickj
K	x:jissen_igo_taikyoku_gokichi-kun_chuukyuu_jou_disk_b	gokickj
K	x:joker towns	joker
K	x:joker towns (japan)	joker
K	x:joshikou seifuku monogatari	joshisei
K	x:joshikou seifuku monogatari (japan)	joshisei
K	x:joshikou_seifuku_monogatari	joshisei
K	x:joshikousei shoujo densetsu - cosplay special	jkden
K	x:joshikousei shoujo densetsu - cosplay special (japan)	jkden
K	x:joshikousei shoujo hatsunetsu	jkhatsu
K	x:joshikousei shoujo hatsunetsu (japan)	jkhatsu
K	x:joshua	joshua
K	x:joshua (japan)	joshua
K	x:jouhou club - card processor ver. 1.1	jclub
K	x:jouhou club - card processor ver. 1.1 (japan)	jclub
K	x:jouhou club – card processor (ver 1.1)	jclub
K	x:junkender (ジャンケンダー)	c_junkender
K	x:kakeibo	kakefuku
K	x:kakeibo + fukubukuro - wagaya no benrichou vol. 1	kakefuku
K	x:kamigami no daichi - kojiki gaiden	c_kamigaminodaichikojikigaiden
K	x:kamimura kei no sexy resort - momoiro quiz	keiresort
K	x:kamimura kei no sexy resort - momoiro quiz (japan)	keiresort
K	x:kamimura kei no sexy telephone - pink no hanayome	keiphone
K	x:kamimura kei no sexy telephone - pink no hanayome (japan)	keiphone
K	x:kanade (v1.1 l10) (rev a)	kanade
K	x:kanade v1.1 l20 (japan)	kanade
K	x:kanade v1.1l10 (japan) (rev a)	kanade1110
K	x:kanade v1.1l10a	kanade1110
K	x:kanade v1.1l20	kanade
K	x:kanji land 3-nen (japan)	knjland3o
K	x:kanji land 3-nen (japan) (rev a)	knjland3
K	x:kanji land 3-nen (osl-010)	knjland3o
K	x:kanji land 3-nen (osl-010a)	knjland3
K	x:kanji no ehon	knjehon
K	x:kanji no ehon (japan)	knjehon
K	x:kanji no ehon 2	knjehon2
K	x:kanji no ehon 2 (japan)	knjehon2
K	x:kastalia	kastalia
K	x:katakana no ehon	kataehon
K	x:katakana no ehon (japan)	kataehon
K	x:kawarazaki-ke no ichizoku	kawaichi
K	x:kawarazaki-ke no ichizoku (disk a)	kawaichi
K	x:kawarazaki-ke no ichizoku (disk b)	kawaichi
K	x:kawarazaki-ke no ichizoku (disk c)	kawaichi
K	x:kawarazaki-ke no ichizoku (disk d)	kawaichi
K	x:kawarazaki-ke no ichizoku (disk e)	kawaichi
K	x:kero kero keroppi to origami no tabibito	keroppi
K	x:kero kero keroppi to origami no tabibito (japan)	keroppi
K	x:kid pix	kidpix
K	x:kid pix (japan)	kidpix
K	x:kid pix companion	kidpixcom
K	x:kid pix companion (japan)	kidpixcom
K	x:kid pix jr.	kidpixjr
K	x:kid pix jr. (japan)	kidpixjr
K	x:kid_pix_jr_sample_data_disk	kidpixjr
K	x:kigen - kagayaki no hasha	kigen
K	x:kigen - kagayaki no hasha (japan)	kigen
K	x:kikai jikake no marian	kjmarian
K	x:kikai jikake no marian (japan)	kjmarian
K	x:kikai jikake no marian – electric device marian	kjmarian
K	x:kikou shidan - panzer division	kikoshid
K	x:kikou shidan - panzer division (japan)	kikoshid
K	x:kikou shidan - panzer division ii	kikoshid2
K	x:kikou shidan - panzer division ii (japan)	kikoshid2
K	x:kikou shidan ii – panzer division	kikoshid2
K	x:kikou_shidan_2	kikoshid2
K	x:kindan no ketsuzoku	kindanke
K	x:kindan no ketsuzoku (japan)	kindanke
K	x:king's bounty - nusumareta chitsujo	kbounty
K	x:king's bounty - nusumareta chitsujo (japan)	kbounty
K	x:king's quest 5	kingqst5
K	x:king's quest v - absence makes the heart go yonder	kingqst5
K	x:king's quest v - absence makes the heart go yonder (japan) (en,ja) (rev 1)	kingqst5
K	x:king’s bounty	kbounty
K	x:kiss - kisekae set system	kiss
K	x:kitty world 2	kittyw2
K	x:kitty_world_2	kittyw2
K	x:kiwame	kiwame
K	x:kiwame (japan)	kiwame
K	x:kiwame ii	kiwame2
K	x:kiwame ii (japan)	kiwame2
K	x:koko wa rakuenso	kokoraku
K	x:koko wa rakuenso 2	kokorak2
K	x:koko wa rakuensou	kokoraku
K	x:koko wa rakuensou (japan)	kokoraku
K	x:koko wa rakuensou 2	kokorak2
K	x:koko wa rakuensou 2 (japan)	kokorak2
K	x:kotoba asobi - cdview hip catch	hipcatch
K	x:kotoba asobi - cdview hip catch (japan)	hipcatch
K	x:kounai shasei vol.1 - yonimo h na monogatari	c_kounaishaseivol1yonimohnamonogatari
K	x:kouryuuki	koryuki
K	x:kouryuuki (japan)	koryuki
K	x:kousoku choujin	kchoujin
K	x:kousoku choujin (japan)	kchoujin
K	x:ku^2++ (japan)	ku2pp
K	x:kuron (くうろん) ver 1.0	c_kuronver10
K	x:kurunkuroopa (doujin) (cd-rom conversion)	p_kurunku_cd
K	x:kusuriyubi no kyoukasho	kusuriyu
K	x:kusuriyubi no kyoukasho (japan)	kusuriyu
K	x:kuuchisuu no ooi windows	c_kuuchisuunoooiwindows
K	x:ku²++	ku2pp
K	x:kyan kyan collection	kyankyan
K	x:kyan kyan collection - daifugouhen	kyankyan
K	x:kyan kyan collection - daifugouhen (japan)	kyankyan
K	x:kyouiku & fm towns	kyofmt1
K	x:kyouiku & fm towns (japan)	kyofmt1
K	x:kyouiku & fm towns vol. 2	kyofmt2
K	x:kyouiku & fm towns vol. 2 (japan)	kyofmt2
K	x:kyouiku & fm towns vol. 3	kyofmt3
K	x:kyouiku & fm towns vol. 3 (japan)	kyofmt3
K	x:kyouko no ijiwaru hachamecha daishingeki (japan)	kyokoiji
K	x:kyouko no ijiwaru!! hachamecha daishingeki	kyokoiji
K	x:kyrandia ii - the hand of fate	kyrand2
K	x:kyrandia ii - the hand of fate (japan) (en,ja)	kyrand2
K	x:kyukyoku tiger	ktiger
K	x:kyuukyoku tiger	ktiger
K	x:kyuukyoku tiger (captainys cd boot loader patch)	p_ktiger_ys
K	x:kyuukyoku tiger (japan)	ktiger
K	x:l elle	elle
K	x:l zone	c_lzone
K	x:l'empereur	empereur
K	x:l'empereur (japan)	empereur
K	x:l_empereur	empereur
K	x:lam-mal	c_lammal
K	x:lands of lore - the throne of chaos	landlore
K	x:lands of lore - the throne of chaos (japan)	landlore
K	x:lands_of_lore	landlore
K	x:last armageddon - cd special (japan) (disc a)	lastarmgo
K	x:last armageddon - cd special (japan) (disc a) (rerelease)	lastarmg
K	x:last armageddon - cd special (japan) (disc b)	lastarmgo
K	x:last armageddon - cd special (japan) (disc b) (rerelease)	lastarmg
K	x:last armageddon - cd special (japan) (disc c)	lastarmgo
K	x:last armageddon - cd special (japan) (disc c) (rerelease)	lastarmg
K	x:last armageddon cd special	lastarmgo
K	x:last armageddon cd special (selon reprint)	lastarmg
K	x:last survivor	lastsurv
K	x:last survivor (japan)	lastsurv
K	x:leading company	leadingc
K	x:leading company - keys of the city (japan)	leadingc
K	x:leading company – keys to the city	leadingc
K	x:legend of kyrandia 2 - hand of fate	kyrand2
K	x:legend of kyrandia, the (japan) (en,ja) (fm towns)	kyrandia
K	x:legends of valour	lvalour
K	x:legends of valour - gouyuu no densetsu	lvalour
K	x:legends of valour - gouyuu no densetsu (japan)	lvalour
K	x:legends of valour - gouyuu no densetsu - demonstration	lvalourd
K	x:legends of valour demo	c_legendsofvalourdemo
K	x:legends_of_valour_demonstration	lvalourd
K	x:lemmings	lemmings
K	x:lemmings (japan)	lemmings
K	x:lemmings 2	lemming2
K	x:lemmings 2 - the tribes	lemming2
K	x:lemmings 2 - the tribes (japan)	lemming2
K	x:lemmings 2 - the tribes (t-en v1.0)	p_lemming2_en
K	x:lemon cocktail collection	lemoncc
K	x:lemon cocktail collection (japan)	lemoncc
K	x:lesser mern	lesserm
K	x:lesser mern (japan)	lesserm
K	x:lettuce cooking	lettuce
K	x:lettuce cooking - 365-nichi, kyou no ippin	lettuce
K	x:lettuce cooking - tanoshiku tsukureru obentou	lettuce2
K	x:lettuce cooking - tanoshiku tsukureru obentou (japan)	lettuce2
K	x:lettuce_cooking_2	lettuce2
K	x:libble rabble	libbler
K	x:libblerabble (japan)	libbler
K	x:libido7	libido7
K	x:libido7 (japan)	libido7
K	x:life & death	lifendth
K	x:life & death (japan)	lifendth
K	x:life & death ii - the brain	lifendt2
K	x:life & death ii - the brain (japan)	lifendt2
K	x:links386_champion_course_1_disk_1	links386cc1
K	x:links386_champion_course_1_disk_2	links386cc1
K	x:links386_champion_course_1_disk_3	links386cc1
K	x:links386_champion_course_2_disk_1	links386cc2
K	x:links386_champion_course_2_disk_2	links386cc2
K	x:links386_champion_course_3_disk_1	links386cc3
K	x:links386_champion_course_3_disk_2	links386cc3
K	x:links386_champion_course_3_disk_3	links386cc3
K	x:links386_champion_course_4_disk_1	links386cc4
K	x:links386_champion_course_4_disk_2	links386cc4
K	x:links386_champion_course_4_disk_3	links386cc4
K	x:linux + je4 1995/12	linuxje4
K	x:lip 3 - lipstick adventure 3	lipsadv3
K	x:lip 3 - lipstick adventure 3 (japan)	lipsadv3
K	x:lip3 リップスティック・アドベンチャー３	lipsadv3
K	x:lip3_disk_a	lipsadv3
K	x:little big adventure	c_littlebigadventure
K	x:little red riding hood (赤ずきん) v1.3	c_littleredridinghoodv13
K	x:live animation (v1.1 l10)	liveanim11
K	x:live movie (v1.1 l10)	livemov11
K	x:liveanimation v1.1 l10	liveanim11
K	x:liveanimation v1.1 l10 (japan)	liveanim11
K	x:livemovie v1.1 l10	livemov11
K	x:livemovie v1.1 l10 (japan)	livemov11
K	x:living body armor, a - elm knight (japan)	elmknigt
K	x:logo writer 2	logowrt2
K	x:logo_writer_2_execution_disk	logowrt2
K	x:logo_writer_2_sample_program	logowrt2
K	x:loh2_masterprogramdisk	dsloh2
K	x:loh2_programdisk	dsloh2
K	x:loh2_scenariodisk1	dsloh2
K	x:loh2_scenariodisk2	dsloh2
K	x:loh2_scenariodisk3	dsloh2
K	x:loh_eventdisk	dsloh
K	x:loh_programdisk	dsloh
K	x:loh_scenariodisk	dsloh
K	x:loom	loom
K	x:loom (japan)	loom
K	x:loom (japan) (audio drama) (bundled with [fmt] loom)	loom
K	x:loop - iginahi no kaikiten	loop
K	x:loop eraser	c_looperaser
K	x:loop_disk_a	loop
K	x:loop_disk_b	loop
K	x:loop_disk_c	loop
K	x:loop_disk_d	loop
K	x:loop_disk_e	loop
K	x:lord monarch	lordmon
K	x:lord of the rings, vol. i	lotr1
K	x:lord_monarch_ending_disk	lordmon
K	x:lord_monarch_program_disk	lordmon
K	x:lord_monarch_user_disk	lordmon
K	x:lotr i - yubiwa monogatari daiikkan - tabi no nakama	c_lotriyubiwamonogataridaiikkantabinonakam
K	x:lotr ii - yubiwa monogatari daiikkan - futatsu no tou	c_lotr2yubiwamonogataridaiikkanfutatsunoto
K	x:lotr2_game_disk	lotr2
K	x:lua	lua
K	x:lua (japan)	lua
K	x:lunatic dawn ii	ldawn2
K	x:lunatic dawn ii (japan)	ldawn2
K	x:lunatic_dawn_ii (system disk)	ldawn2
K	x:lupin sansei - hong kong no mashu - fukushuu wa meikyuu no hate ni	lupin3
K	x:lupin sansei - hong kong no mashu - fukushuu wa meikyuu no hate ni (japan)	lupin3
K	x:lupin the 3rd - hong kong no mashu	c_lupin3rdhongkongnomashu
K	x:ma saiko jan	msjong
K	x:mad paradox	mparadox
K	x:mad paradox (t-en v1.0)	p_mparadox_en
K	x:mad stalker - fullmetalforce	madstalk
K	x:mad stalker - fullmetalforce (japan)	madstalk
K	x:mad-paradox (japan)	mparadox
K	x:madou gakuin r	madogakr
K	x:madou gakuin r (japan)	madogakr
K	x:maerchen toshokan grimm douwa - grimm maerchen - bremen no ongakutai (japan)	grimmbre
K	x:mah-saiko-jong	msjong
K	x:mah_saiko_jong-data_disk_1	msjong
K	x:mah_saiko_jong-data_disk_2	msjong
K	x:mah_saiko_jong-system_disk	msjong
K	x:mahjong bishoujoden ripple	mjripple
K	x:mahjong bishoujoden ripple (japan)	mjripple
K	x:mahjong clinic zoukangou	c_mahjongcliniczoukangou
K	x:mahjong de pon (japan)	mjdepon
K	x:mahjong de pon!	mjdepon
K	x:mahjong elegance	mjelegan
K	x:mahjong gensoukyoku (mahjong fantasia)	c_mahjonggensoukyoku
K	x:mahjong gensoukyoku / mahjong fantasia taikenban	mjfantt
K	x:mahjong gensoukyoku ii (mahjong fantasia ii)	mjfant2
K	x:mahjong gensoukyoku ii - mahjong fantasia	mjfant2
K	x:mahjong gensoukyoku ii - mahjong fantasia (japan)	mjfant2
K	x:mahjong gensoukyoku iii (mahjong fantasia iii)	mjfant3
K	x:mahjong gensoukyoku iii - mahjong fantasia the 3rd stage	mjfant3
K	x:mahjong gensoukyoku iii - mahjong fantasia the 3rd stage (japan)	mjfant3
K	x:mahjong gensoukyoku taikenban	mjfantt
K	x:mahjong hou tei rao yui	mjhtry
K	x:mahjong houtei raoyui (japan)	mjhtry
K	x:mahjong musashi	mjmusashi
K	x:mahjong musashi (japan)	mjmusashi
K	x:mahjong saikyou musashi	mjmusashi
K	x:mahjong yuuenchi	c_mahjongyuuenchi
K	x:mahjong_elegance_data_disk	mjelegan
K	x:mahjong_elegance_system_disk	mjelegan
K	x:mahou daisakusen	mahoudai
K	x:mahou daisakusen (japan)	mahoudai
K	x:man'youshuu	manyoshu
K	x:manami - ai to koukan no hibi	manami
K	x:manami - ai to koukan no hibi (japan)	manami
K	x:manami no doko made iku no 2 - return of the kuro pack (japan)	manadoko2
K	x:manami no doko made iku no?	c_manaminodokomadeikuno
K	x:manami no doko made iku no? 2 - return of the kuro pack	manadoko2
K	x:manami_disk_a	manami
K	x:mandala-ke ichizoku	mandalai
K	x:mandala-ke ichizoku (japan)	mandalai
K	x:manhole, the (japan)	manholeo
K	x:manhole, the (japan) (rev a)	manhole
K	x:many colors (hmd-225)	manycolo
K	x:many colors (hmd-225a)	manycol
K	x:many colors (japan)	manycolo
K	x:many colors (japan) (rev a)	manycol
K	x:many colors ii	manycol2
K	x:many colors ii (japan)	manycol2
K	x:manyoushuu (japan) (rev a)	manyoshu
K	x:marble madness	marble
K	x:marble madness (japan)	marble
K	x:marine philt	marineph
K	x:marionette mind	marionetm
K	x:marionette mind (japan)	marionetm
K	x:maririndx_diska	maririndx
K	x:maririndx_diskb	maririndx
K	x:maririndx_diskc	maririndx
K	x:maruanki eitango - chuugaku 1-nensei	marueic1
K	x:maruanki eitango - chuugaku 1-nensei (japan) (rev a)	marueic1
K	x:maruanki eitango - chuugaku 2-nensei	marueic2
K	x:maruanki eitango - chuugaku 2-nensei (japan)	marueic2
K	x:maruanki eitango - chuugaku 3-nensei	marueic3
K	x:maruanki eitango - chuugaku 3-nensei (japan)	marueic3
K	x:master cd - fmv-towns series	mastercdv
K	x:master cd - fmv-towns series (japan)	mastercdv
K	x:master cd - fresh series-you	mastercd2
K	x:master cd - fresh series-you (ichitarou model)	mastercdi
K	x:master cd - fresh series-you (ichitarou model) (japan)	mastercdi
K	x:master cd - fresh series-you (japan)	mastercd2
K	x:master cd - install model-you	mastercd
K	x:master cd - install model-you (japan)	mastercd
K	x:master cd – fresh install model-you	c_mastercdfreshinstallmodelyou
K	x:mayumi yoshioka for janis - last nude	lastnude
K	x:mayumi yoshioka for janis - last nude (japan)	lastnude
K	x:medicco to asobou - kazu katachi ryou (japan)	medicco
K	x:medicco to asobou - kazu-katachi-ryou	medicco
K	x:mega lo mania	megalo
K	x:mega lo mania (japan)	megalo
K	x:megamorph	mmorph
K	x:megamorph (demo)	mmorphd
K	x:megamorph (japan)	mmorph
K	x:megamorph (japan) (demo)	mmorphd
K	x:megaspectre	mspectre
K	x:megaspectre (japan)	mspectre
K	x:meikyoku master (fm towns marty version)	meikyoku
K	x:meikyoku master (japan) (fm towns marty)	meikyoku
K	x:meisou toshi	meisotos
K	x:meisou toshi (japan)	meisotos
K	x:menzoberranzan - yami no monshou	menzober
K	x:menzoberranzan - yami no monshou (japan)	menzober
K	x:metal blade	metalbld
K	x:metal blade a	metalbld
K	x:metal blade b	metalbld
K	x:metal eye	metaleye
K	x:metal eye (japan)	metaleye
K	x:metal eye 2	metaley2
K	x:metal eye 2 (japan)	metaley2
K	x:metal eye special disk	metaleyesp
K	x:metaleye_specialdisk_a	metaleyesp
K	x:metaleye_specialdisk_b	metaleyesp
K	x:microcosm (hmd-215)	mcosmo
K	x:microcosm (hmd-215a)	mcosm
K	x:microcosm (japan)	mcosmo
K	x:microcosm (japan) (rev a)	mcosm
K	x:microsfot windows 3.1 (l11)	win31l11
K	x:microsoft windows 3.1 (l10)	c_microsoftwindows31
K	x:microsoft windows 3.1 (l12)	c_microsoftwindows31
K	x:microsoft windows 95 fm towns-you drivers (v1.1 l10)	c_microsoftwindows95fmtownsyoudrivers
K	x:microsoft windows 95 fm towns-you upgrade	win95up
K	x:microsoft windows 95 operating system nihongo-ban fm towns-you v1.1 l10 (japan) (drivers disc)	win95up
K	x:microsoft windows 95 upgrade fm towns-you (japan)	win95up
K	x:microsoft windows 95 upgrade package	win95up
K	x:microsoft windows version 3.1 l10	win31l10
K	x:microsoft windows version 3.1 l10 operating system (japan) (setup cd-rom)	win31l10
K	x:microsoft windows version 3.1 l10 operating system (japan) (setup disk - model mx-ma)	win31l10
K	x:microsoft windows version 3.1 l10 operating system (japan) (setup disk)	win31l10
K	x:microsoft windows version 3.1 l11	win31l11
K	x:microsoft windows version 3.1 l11 operating system (japan) (setup cd-rom)	win31l11
K	x:microsoft windows version 3.1 l11 operating system (japan) (setup disk)	win31l11
K	x:microsoft windows version 3.1 l12	win31l12
K	x:microsoft windows version 3.1 l12 operating system (japan) (setup cd-rom)	win31l12
K	x:microsoft windows version 3.1 l12 operating system (japan) (setup disk)	win31l12
K	x:might & magic iv - clouds of xeen	mightmg4
K	x:might & magic v - darkside of xeen	mightmg5
K	x:might and magic - clouds of xeen	mightmg4
K	x:might and magic - clouds of xeen (japan)	mightmg4
K	x:might and magic - dark side of xeen (japan)	mightmg5
K	x:might and magic - darkside of xeen	mightmg5
K	x:might and magic - world of xeen	mightmgw
K	x:might and magic - world of xeen (install disk)	mightmgw
K	x:might and magic iii - isles of terra	mightmg3
K	x:might and magic iii - isles of terra (japan)	mightmg3
K	x:millenium	c_millenium
K	x:millionaire’s academy	c_millionairesacademy
K	x:mirage	mirage
K	x:mirage (japan)	mirage
K	x:mirage 2 - torry, neat & roan fairladies in magicland	mirage2
K	x:mirage 2 - torry, neat & roan fairladies in magicland (japan)	mirage2
K	x:mirrors	mirrors
K	x:mirrors (japan)	mirrors
K	x:mirumiru sagasu konchuu series vol 1	chiensou
K	x:mirumiru sagasu konchuu series vol 2	morininki
K	x:mirumiru sagasu konchuu series vol 3	c_mirumirusagasukonchuuseriesvol3
K	x:mirumiru sagasu konchuu series vol 4	noyama
K	x:mirumiru sagasu konchuu series vol. 1 - chiisana ensouka	chiensou
K	x:mirumiru sagasu konchuu series vol. 1 - chiisana ensouka (japan)	chiensou
K	x:mirumiru sagasu konchuu series vol. 2 - mori no ninkimono - jueki ni atsumaru mushi-tachi	morininki
K	x:mirumiru sagasu konchuu series vol. 2 - mori no ninkimono - jueki ni atsumaru mushi-tachi (japan)	morininki
K	x:mirumiru sagasu konchuu series vol. 4 - noyama no kenchikuka	noyama
K	x:mirumiru sagasu konchuu series vol. 4 - noyama no kensakuka (japan)	noyama
K	x:misato-chan no yume nikki	misato
K	x:misato-chan no yume nikki (japan)	misato
K	x:mister (the great detective appears)	mister
K	x:mister - meitantei toujou	mister
K	x:mister meitantei toujou	mister
K	x:mister・名探偵登場	mister
K	x:misty - meitantei toujou	misty
K	x:misty - meitantei toujou (japan)	misty
K	x:misty - meitantei toujou 1	c_mistymeitanteitoujou1
K	x:misty - meitantei toujou 2	c_mistymeitanteitoujou2
K	x:misty - meitantei toujou 3	c_mistymeitanteitoujou3
K	x:misty - meitantei toujou 4	c_mistymeitanteitoujou4
K	x:misty - meitantei toujou 5	c_mistymeitanteitoujou5
K	x:misty - meitantei toujou 6	c_mistymeitanteitoujou6
K	x:misty - meitantei toujou 7	c_mistymeitanteitoujou7
K	x:misty - meitantei toujou cd collection	c_mistymeitanteitoujoucdcollection
K	x:misty 2	misty2
K	x:misty2	misty2
K	x:mixed-up mother goose	mumgoose
K	x:mixed-up mother goose おかしなマザーグース	mumgoose
K	x:mobile suit gundam - hyper classic operation	gundamhc
K	x:mobile suit gundam - hyper classic operation (japan)	gundamhc
K	x:mobile suit gundam - hyper desert operation	gundamhd
K	x:mobile suit gundam - hyper desert operation (japan)	gundamhd
K	x:mode 7 demo	mode7
K	x:moeru asoko no paipai yuugi - fukkatsu mahjong oukoku (japan)	paipai
K	x:moeru asoko no paipai yuugi - fukkatsu! mahjong oukoku	paipai
K	x:moko - dougen zenji 750-kai daionki kinen	moko
K	x:moko - dougen zenji 750-kai daionki kinen (japan) (dougen zenji no shougai to shisou)	moko
K	x:moko - dougen zenji 750-kai daionki kinen (japan) (dougen zenji-cho - shoubou genzou)	moko
K	x:moko - dougen zenji 750-kai daionki kinen (japan) (eiheiji ni ima mo ikiru - dougen zenji)	moko
K	x:monkey island	monkey
K	x:monkey island 2	monkey2
K	x:monkey island 2 - lechuck's revenge	monkey2
K	x:monkey island 2 - lechuck's revenge (japan)	monkey2
K	x:monkey turtle (猿亀) ver.1.03b	c_monkeyturtlever103b
K	x:monster planet 2255	mplanet
K	x:monster planet 2255 (japan)	mplanet
K	x:moon crystal	c_mooncrystal
K	x:moonlight energy	mlenergy
K	x:moonlight energy (japan)	mlenergy
K	x:moonlight-chan rin shan (japan)	moonchan
K	x:moonlight-chan rinshan	moonchan
K	x:morita shougi ii	moritas2
K	x:morita shougi ii (japan)	moritas2
K	x:mr. ed bogas' music machine lite (hmd-914)	musicmaclto
K	x:mr. ed bogas' music machine lite (hmd-914a)	musicmaclt
K	x:mr. ed bogas' music machine lite (japan)	musicmaclto
K	x:mr. ed bogas' music machine lite (japan) (rev a)	musicmaclt
K	x:ms-dos_3.1_l36_plus_system_disk	msdos31l36p
K	x:ms-dos_3.1_l36_plus_utility_disk	msdos31l36p
K	x:ms-dos_3.1_l36_system_disk	msdos31l36
K	x:ms-dos_3.1_l36_utility_disk	msdos31l36
K	x:ms-dos_5.0_l10	msdos50
K	x:ms-dos_5.0_l22_disk1	msdos50l22ap2
K	x:ms-dos_5.0_l22_disk2	msdos50l22ap2
K	x:ms-dos_5.0_l22_disk3	msdos50l22ap2
K	x:ms-dos_5.0_l22_disk4	msdos50l22ap2
K	x:ms. detective file #1 - iwami ginzan murder case	msdet1
K	x:ms. detective file #1 - iwami ginzan satsujin jiken	msdet1
K	x:ms. detective file #1 - iwami ginzan satsujin jiken (fm towns marty version)	msdet1m
K	x:ms. detective file #2 - sugata-naki irainin	msdet2
K	x:ms. detective file #2 - sugata-naki irainin (japan) (user disk)	msdet2
K	x:ms. detective file 1 - iwami ginzan satsujin jiken (japan) (disc 1)	msdet1
K	x:ms. detective file 1 - iwami ginzan satsujin jiken (japan) (disc 2)	msdet1
K	x:ms. detective file 1 - iwami ginzan satsujin jiken (japan) (fm towns marty)	msdet1m
K	x:ms. detective file 2 - sugata-naki irainin (japan)	msdet2
K	x:ms.detective ファイル#1 「石見銀山殺人事件」	msdet1
K	x:ms.detective ファイル#2 「姿なき依頼人」	msdet2
K	x:ms_detective_1_marty	msdet1m
K	x:msdos_6.2_l10_disk1	msdos62
K	x:msdos_6.2_l10_disk2	msdos62
K	x:msdos_6.2_l10_disk3	msdos62
K	x:msdos_6.2_l10_disk4	msdos62
K	x:msdos_6.2_l10_disk5	msdos62
K	x:msdos_6.2_l10_disk6	msdos62
K	x:mugen houyou	mugenhoy
K	x:mugen houyou (japan)	mugenhoy
K	x:mujintou monogatari	mujintou
K	x:mujintou monogatari (japan)	mujintou
K	x:multimedia com. virtual town - computer gakushuu program gakushuu	tcgaku
K	x:multimedia com. virtual town - computer graphics sakuhin	c_multimediacomvirtualtowncomputergraphics
K	x:multimedia com. virtual town - game collection	tcgame
K	x:multimedia com. virtual town - marty hyoukeisan file	c_multimediacomvirtualtownmartyhyoukeisanf
K	x:multimedia com. virtual town - marty worpro bunsho	c_multimediacomvirtualtownmartyworprobunsh
K	x:multimedia com. virtual town - music sakuhin	c_multimediacomvirtualtownmusicsakuhin
K	x:multimedia com. virtual town - photo collection sakuhin	tcphoto
K	x:multimedia com. virtual town - tsuushin program communication	c_multimediacomvirtualtowntsuushinprogramc
K	x:multimedia com. virtual town - tsuushin program game library	c_multimediacomvirtualtowntsuushinprogramg
K	x:multimedia com. virtual town - tsuushin program gazou souko	c_multimediacomvirtualtowntsuushinprogramg_2
K	x:multimedia com. virtual town - tsuushin program id	c_multimediacomvirtualtowntsuushinprogrami
K	x:multimedia com. virtual town - tsuushin program kuruma jouhou uranai	c_multimediacomvirtualtowntsuushinprogramk
K	x:multimedia com. virtual town - tsuushin program tc yobikou	c_multimediacomvirtualtowntsuushinprogramt
K	x:multimedia communication virtual town - tc-station (japan) (computer gakushuu program)	tcgaku
K	x:multimedia communication virtual town - tc-station (japan) (computer graphics & music)	tccgmus
K	x:multimedia communication virtual town - tc-station (japan) (game collection)	tcgame
K	x:multimedia communication virtual town - tc-station (japan) (marty worpro & marty hyoukeisan)	tcwpro
K	x:multimedia communication virtual town - tc-station (japan) (photo collection)	tcphoto
K	x:multimedia communication virtual town - tc-station (japan) (virtual town tsuushin program)	tctsuu
K	x:multimedia communication virtual town - tc-station - computer gakushuu program	tcgaku
K	x:multimedia communication virtual town - tc-station - computer graphics & music	tccgmus
K	x:multimedia communication virtual town - tc-station - game collection	tcgame
K	x:multimedia communication virtual town - tc-station - marty worpro & marty hyoukeisan	tcwpro
K	x:multimedia communication virtual town - tc-station - photo collection	tcphoto
K	x:multimedia communication virtual town - tc-station - virtual town tsuushin program	tctsuu
K	x:multimedia de souseki no subete o iwanami bungakukan - natsume souseki (japan)	nsouseki
K	x:murder club dx	mclubdx
K	x:muscle bomber - the body explosion	mbomber
K	x:muscle bomber - the body explosion (demo)	mbomberd
K	x:muscle bomber - the body explosion (japan)	mbomber
K	x:muscle bomber - the body explosion (japan) (demo)	mbomberd
K	x:music pro-towns (1989)(musical plan)(jp)	musicproo
K	x:music pro-towns v1.0 (1989-08-28)	musicproo
K	x:music pro-towns v1.0 (1990-05-23)	musicpro
K	x:music pro-towns v1.3 (midi ongenban)	musicpro13m
K	x:music pro-towns v1.3 (midi ongenban) (japan)	musicpro13m
K	x:music pro-towns v1.3 (naizou ongenban)	musicpro13
K	x:music pro-towns v1.3 (naizou ongenban) (japan)	musicpro13
K	x:musicpro	musicpro
K	x:musirou - ongaku kyoushitsu ver. 2.0	ongakyou
K	x:musium towns	mustowns
K	x:musium towns (japan)	mustowns
K	x:my eyes (japan)	myeyes
K	x:my eyes!	myeyes
K	x:my fair lady can ii - elementary	mflcan2
K	x:my fair lady can ii. elementary	mflcan2
K	x:my fair lady can iii. intermediate	mflcan3
K	x:my fair lady can iii. intermediate (japan)	mflcan3
K	x:my fair lady can iv. advanced	mflcan4
K	x:my fair lady can iv. advanced (japan)	mflcan4
K	x:märchen toshokan - grimm douwa - akazukin	grimmaka
K	x:märchen toshokan - grimm douwa - bremen no ongakutai	grimmbre
K	x:märchen toshokan - grimm douwa - ibarahime (nemurihime)	grimmiba
K	x:märchen toshokan - grimm douwa - ookami to shichihiki no koyagi	grimmook
K	x:naomi komaki for janis	nkomaki
K	x:naomi komaki for janis (japan)	nkomaki
K	x:naru mahjong	narumj
K	x:naru mahjong (japan)	narumj
K	x:navisoft - advanced road map (japan) (bundled with fmt application)	drivesim
K	x:necronomicon	necronom
K	x:necronomicon (japan)	necronom
K	x:nemurenu yoru no chiisana ohanashi	nemuyoru
K	x:nemurenu yoru no chiisana ohanashi (japan)	nemuyoru
K	x:network q rac rally	c_networkqracrally
K	x:never land	nevrland
K	x:never land (japan)	nevrland
K	x:new 3d golf simulation - eight lakes g.c.	3dgolfel
K	x:new 3d golf simulation - harukanaru augusta	3dgolfha
K	x:new zealand story, the (japan) (rev a)	tnzs
K	x:new3dgolf_systemdisk	3dgolfel
K	x:newzealand story, the (japan)	tnzso
K	x:nhk eigo de asobo vol. 1 - daitanken hotel galaxy (japan)	nhkeigo1
K	x:nhk eigo de asobo vol. 1 - daitanken! hotel galaxy	nhkeigo1
K	x:nhk eigo de asobo vol. 2 - bernard no daibouken	nhkeigo2
K	x:nhk eigo de asobo vol. 2 - bernard no daibouken (japan)	nhkeigo2
K	x:nhk eigo de asobo vol. 3 - bernard no amusement park	nhkeigo3
K	x:nhk eigo de asobo vol. 3 - bernard no amusement park (japan)	nhkeigo3
K	x:nhk hitori de dekiru mon (japan)	nhkhitori
K	x:nhk hitori de dekiru mon!	nhkhitori
K	x:nhk jissen eikaiwa (fm towns marty version)	nhkeikaim
K	x:nhk jissen eikaiwa (hmc-120)	nhkeikaio
K	x:nhk jissen eikaiwa (hmc-120a)	nhkeikai
K	x:nhk jissen eikaiwa - english conversation program (japan) (fm towns marty rerelease)	nhkeikaim
K	x:nhk jissen eikaiwa - english conversation program (japan) (rev a)	nhkeikai
K	x:nhk jissen eikawa – english conversation (marty rerelease)	c_nhkjisseneikawaenglishconversation
K	x:nhk jissen eikawa – english conversation (rev a)	c_nhkjisseneikawaenglishconversation
K	x:nhk special - ginga uchuu odyssey vol. 1 - tabidachi waga taiyoukei	gingaod1
K	x:nhk special - ginga uchuu odyssey vol. 1 - tabidachi waga taiyoukei (japan)	gingaod1
K	x:nhk special - ginga uchuu odyssey vol. 2 - choushinsei bakuhatsu	gingaod2
K	x:nhk special - ginga uchuu odyssey vol. 2 - choushinsei bakuhatsu (fm towns marty version)	gingaod2m
K	x:nhk special - ginga uchuu odyssey vol. 2 - choushinsei bakuhatsu (japan)	gingaod2
K	x:nhk special - ginga uchuu odyssey vol. 2 - choushinsei bakuhatsu (japan) (fm towns marty rerelease)	gingaod2m
K	x:nhk special – ginga uchuu odyssey vol 1	gingaod1
K	x:nhk special – ginga uchuu odyssey vol 2	gingaod2m
K	x:nhk zoku kiso eigo - dai-1-kan	nhkzkei1
K	x:nhk zoku kiso eigo - dai-1-kan (japan)	nhkzkei1
K	x:nhk zoku kiso eigo - dai-2-kan	nhkzkei2
K	x:nhk zoku kiso eigo - dai-2-kan (japan)	nhkzkei2
K	x:nhk zoku kiso eigo - dai-3-kan	nhkzkei3
K	x:nhk zoku kiso eigo - dai-3-kan (japan)	nhkzkei3
K	x:nhk_zoku_kiso_eigo_1	nhkzkei1
K	x:nhk_zoku_kiso_eigo_2	nhkzkei2
K	x:nhk_zoku_kiso_eigo_3	nhkzkei3
K	x:nhkeikai	nhkeikaio
K	x:nightmare collection - dead of the brain - shiryou no sakebi (japan)	deadbrn
K	x:nightmare collection - marine philt	c_nightmarecollectionmarinephilt
K	x:nightmare collection ii - marine philt (japan)	marineph
K	x:nihon no chou	nihonch
K	x:nihon no chou (japan) (rev 1)	nihonch
K	x:nihon no rekishi - ishin-hen - kurofune raikou	nihonris
K	x:nihon no rekishi - ishin-hen - kurofune raikou (alt)	nihonrisa
K	x:nihon no rekishi - ishin-hen - kurofune raikou (japan)	nihonris
K	x:nihon no rekishi - ishin-hen - kurofune raikou (japan) (2m)	nihonrisa
K	x:nihon no rekishi - kizoku-hen - ouchou bungaku	nihonrki
K	x:nihon no rekishi - kizoku-hen - ouchou bungaku (japan)	nihonrki
K	x:nihon no rekishi - kodai-hen - nihon tanjou	nihonrko
K	x:nihon no rekishi - kodai-hen - nihon tanjou (japan)	nihonrko
K	x:nihon no rekishi - sengoku-hen - oda nobunaga (hmb-124)	nihonrseo
K	x:nihon no rekishi - sengoku-hen - oda nobunaga (hmb-124b)	nihonrse
K	x:nihon no rekishi - sengoku-hen - oda nobunaga (japan)	nihonrseo
K	x:nihon no rekishi - sengoku-hen - oda nobunaga (japan) (rev b)	nihonrse
K	x:nihon no tenki	ntenki
K	x:nihon no tenki (japan)	ntenki
K	x:nihon no yachou	nihonya
K	x:nihon no yachou (fm towns marty version)	nihonyam
K	x:nihon no yachou (japan)	nihonya
K	x:nihon no yachou (japan) (fm towns marty rerelease)	nihonyam
K	x:nihongo linux + je	linuxje
K	x:nihongo linux + je (japan)	linuxje
K	x:nihongo linux + je 3 (japan)	linuxje3
K	x:nihongo linux + je3	linuxje3
K	x:nihongo microsoft windows (v3.0) mm extensions (v1.0 l10)	win30
K	x:nihongo microsoft windows v3.0 with multimedia extensions v1.0 l10	win30
K	x:nihongo microsoft windows v3.0 with multimedia extensions v1.0 l10 (japan)	win30
K	x:nihongo ms-dos v3.1 l24	msdos31l24
K	x:nihongo ms-dos v3.1 l36 (kihon kinou)	msdos31l36
K	x:nihongo ms-dos v3.1 l36+	msdos31l36p
K	x:nihongo ms-dos v5.0 l10 (kihon kinou)	msdos50
K	x:nihongo ms-dos v5.0 l22 a+2	msdos50l22ap2
K	x:nihongo ms-dos v6.2 l10 (kihon kinou)	msdos62
K	x:nihongo ms-dos v6.2 l10 +3 (kihon kinou)	msdos62p3
K	x:nihongo nyuumon dai-1-kan - fundamental japanese	nihongo1
K	x:nihongo nyuumon dai-1-kan - fundamental japanese (japan)	nihongo1
K	x:nijiiro denshoku musume	nijiiro
K	x:nijiiro denshoku musume (japan)	nijiiro
K	x:niko^2 (japan)	niko2
K	x:niko²	niko2
K	x:ningyou tsukai	ningytsu
K	x:ningyou tsukai (japan)	ningytsu
K	x:nobunaga no yabou - bushou fuunroku	nobubufu
K	x:nobunaga no yabou - bushou fuuunroku	nobubufu
K	x:nobunaga no yabou - bushou fuuunroku (japan)	nobubufu
K	x:nobunaga no yabou - haou-den	nobuhao
K	x:nobunaga no yabou - haouden	nobuhao
K	x:nobunaga no yabou - haouden (japan)	nobuhao
K	x:nobunaga no yabou - sengoku gun'yuuden	nobuseng
K	x:nobunaga no yabou - sengoku gunyuuden	nobuseng
K	x:nobunaga no yabou - tenshouki	nobutens
K	x:nobunaga no yabou - tenshouki (japan)	nobutens
K	x:nobunaga no yabou sengoku gunyuuden with soundware (japan)	nobuseng
K	x:nobunaga_no_yabou-bushou_fuuunroku	nobubufu
K	x:nonomura byouin no hitobito	nonomura
K	x:nonomura_disk_a	nonomura
K	x:nonomura_disk_b	nonomura
K	x:nonomura_disk_c	nonomura
K	x:nonomura_disk_d	nonomura
K	x:nonomura_disk_e	nonomura
K	x:nostalgia 1907 - in north atlantic sea	nost1907
K	x:nostalgia 1907 - in north atlantic sea (japan)	nost1907
K	x:nostalgia 1907 - in north atlantic sea (japan) (original sound track ver. 2) (bundled with [mcd, fmt] nostalgia 1907) (alt)	nost1907
K	x:noushuku angel 120 (japan)	nsangel
K	x:noushuku angel 120%	nsangel
K	x:nova - miirareta shitai	nova
K	x:nova - miirareta shitai (japan)	nova
K	x:nsangel_disk_a	nsangel
K	x:oasys / win (v2.0)	oasyswin
K	x:oasys-win v2.0 (japan)	oasyswin
K	x:oasys/win v2.0	oasyswin
K	x:oasys_win_install_disk	oasyswin
K	x:obaachan no chiebukuro	obaachan
K	x:obaachan no chiebukuro (japan)	obaachan
K	x:oh! pai	ohpai
K	x:ohpai_disk_a	ohpai
K	x:ohpai_disk_b	ohpai
K	x:ohpai_disk_c	ohpai
K	x:ohpai_disk_d	ohpai
K	x:ohpai_disk_e	ohpai
K	x:okashina mother goose - mixed-up mother goose (japan)	mumgoose
K	x:okiraku townsgear	okitgear
K	x:okiraku townsgear (japan)	okitgear
K	x:okumanchouja ii	okuman2
K	x:ongaku kyoushitsu (ver. 2.0)	ongakyou
K	x:ongaku_kyoushitsu_ver_2.0	ongakyou
K	x:only you - seikimatsu no juliet-tachi	onlyyou
K	x:only you - seikimatsu no juliet-tachi (japan)	onlyyou
K	x:only you －世紀末のジュリエット達－	onlyyou
K	x:operation wolf	opwolf
K	x:operation wolf (japan)	opwolf
K	x:oshare club	oshaclub
K	x:oshare cooking	oshacook
K	x:oshare cooking (japan) (rev a)	oshacook
K	x:oshare cooking ii	oshacoo2
K	x:oshare cooking ii (japan) (rev b)	oshacoo2
K	x:oshiete noobow	noobow
K	x:oshiete noobow (japan)	noobow
K	x:oto to e no deru eigo jisho no 4 – nandemo illuse eigo jiten 2	nandemo2
K	x:oto to e no deru eigo jisho no. 1 - start with words	startword
K	x:oto to e no deru eigo jisho no. 1 - start with words (japan)	startword
K	x:oto to e no deru eigo jisho no. 2 - english in dream	engdream
K	x:oto to e no deru eigo jisho no. 2 - english in dream (japan)	engdream
K	x:oto to e no deru eigo jisho no. 3 - nandemo illust eigo jiten	nandemo1
K	x:oto to e no deru eigo jisho no. 3 - nandemo illust eigo jiten (japan)	nandemo1
K	x:oto to e no deru eigo jisho no. 4 - nandemo illust eigo jiten part 2	nandemo2
K	x:oto to e no deru eigo jisho no. 4 - nandemo illust eigo jiten part 2 (japan)	nandemo2
K	x:pack 13000 free soft & shareware	pack13k
K	x:pack 13000 free soft & shareware (japan) (disc 4)	pack13k
K	x:palamedes	palamed
K	x:palamedes (japan)	palamed
K	x:panic ball 2 (cd-rom conversion)	p_panicbl2_cd
K	x:panic ball ii	panicbl2
K	x:para para paradise	parapara
K	x:para para paradise (japan) (disc a) (akane kouda)	parapara
K	x:para para paradise (japan) (disc b) (kyouko hisakawa)	parapara
K	x:para para paradise (japan) (disc c) (makoto siina)	parapara
K	x:para para paradise update disk	paraparau
K	x:para_para_paradise_update_disk	paraparau
K	x:pasocomic purple cat vol. 1 - bunny girl tokushuu	c_pasocomicpurplecatvol1bunnygirltokushuu
K	x:pasocomic purple cat vol. 2 - hospital tokushuu	c_pasocomicpurplecatvol2hospitaltokushuu
K	x:pasocomic purple cat vol. 3 - the jokyoushi tokushuu	c_pasocomicpurplecatvol3jokyoushitokushuu
K	x:pasokon de tanoshimu - yama to chizu vol. 1	yamachiz
K	x:pegasus (v1.1 l10) (rev a)	pegasusa
K	x:pegasus v1.1 l10a	pegasusa
K	x:pegasus v1.1 l10c	pegasus
K	x:pegasus v1.1l10 (japan) (rev a)	pegasusa
K	x:pegasus v1.1l10 (japan) (rev c)	pegasus
K	x:perfect soko-ban (japan)	sokobanp
K	x:persocom de tanoshimu - yama to chizu vol. 1	yamachiz
K	x:persocom de tanoshimu - yama to chizu vol. 1 (japan)	yamachiz
K	x:phobos	phobos
K	x:phobos (japan)	phobos
K	x:pi's solitaire royale + tom snyder's puppy love	solpuppy
K	x:pi's solitaire royale + tom snyder's puppy love (japan)	solpuppy
K	x:planet attacker	planatkr
K	x:planet attacker (cd-rom conversion)	p_planatkr_cd
K	x:planet harmony	pharmony
K	x:planet harmony (japan)	pharmony
K	x:planet's edge	planedge
K	x:planet's edge (japan)	planedge
K	x:planet_harmony	pharmony
K	x:playroom, the (japan)	playroom
K	x:pleria – the royal emblem	c_pleriaroyalemblem
K	x:pocky 1-2 + ponyon	pocky
K	x:pocky 1-2 + ponyon (japan)	pocky
K	x:pon	c_pon
K	x:ponex 2	c_ponex2
K	x:ponkan	ponkan
K	x:ponkan (japan)	ponkan
K	x:ponyon	ponyon
K	x:ponyon_disk_a	ponyon
K	x:ponyon_disk_b	ponyon
K	x:ponyon_disk_c	ponyon
K	x:ponyon_disk_d	ponyon
K	x:populous & the promised lands	populous
K	x:populous & the promised lands (japan)	populous
K	x:populous ii - trials of the olympian gods	populous2
K	x:populous ii - trials of the olympian gods - expert	populous2
K	x:populous ii - trials of the olympian gods - expert (japan)	populous2
K	x:power dolls	powdoll
K	x:power dolls (japan)	powdoll
K	x:power dolls (system disk)	powdoll
K	x:power dolls 2	powdoll2
K	x:power dolls 2 (japan)	powdoll2
K	x:power dolls s-premium disk	powdollsp
K	x:power_dolls_s-premium_disk	powdollsp
K	x:powermonger	pmonger
K	x:powermonger (japan)	pmonger
K	x:premium	premium
K	x:premium 2	premium2
K	x:premium 2 (disk 1)	premium2
K	x:premium 2 (disk 2)	premium2
K	x:premium 2 (disk 3)	premium2
K	x:premium 2 (disk 4)	premium2
K	x:premium_disk_a	premium
K	x:premium_disk_b	premium
K	x:premium_disk_c	premium
K	x:premium_disk_d	premium
K	x:presence	presence
K	x:presence (japan)	presence
K	x:present 2	present2
K	x:present2_disk_a	present2
K	x:present2_disk_b	present2
K	x:present2_disk_c	present2
K	x:present2_disk_d	present2
K	x:present2_kidou_disk	present2
K	x:prince of persia	ppersia
K	x:prince of persia (japan)	ppersia
K	x:prince of persia 2	ppersia2
K	x:prince of persia 2 - the shadow & the flame (japan)	ppersia2
K	x:prince of persia 2 - the shadow and the flame	ppersia2
K	x:princess danger	prindang
K	x:princess danger (japan)	prindang
K	x:princess maker 2	prinmak2
K	x:princess maker 2 (japan)	prinmak2
K	x:private slave	prvslave
K	x:private_slave	prvslave
K	x:pro student g (als-0004)	prostudg
K	x:pro student g (als-0010)	prostudgr
K	x:pro student g (japan)	prostudg
K	x:pro student g (japan) (rerelease)	prostudgr
K	x:pro yakyuu family stadium '90	famist90
K	x:pro yakyuu family stadium - '90 pennant race-ban	famist90
K	x:pro yakyuu family stadium - 90-nendo pennant race-ban (japan)	famist90
K	x:pro-student-g	prostudg
K	x:professional mahjong goku	pmjgoku
K	x:professional mahjong goku (japan)	pmjgoku
K	x:provvidenza (japan)	provvdnz
K	x:provvidenza - legenda da spada di alfa	provvdnz
K	x:provvidenza - legenda la spada di alfa	provvdnz
K	x:psychic detective series final - solitude gekan	psydetf2
K	x:psychic detective series final - solitude gekan (demo)	psydetf2d
K	x:psychic detective series final - solitude gekan (japan)	psydetf2
K	x:psychic detective series final - solitude gekan (japan) (demo)	psydetf2d
K	x:psychic detective series final - solitude joukan	psydetf1
K	x:psychic detective series final - solitude joukan (japan)	psydetf1
K	x:psychic detective series vol. 1 - invitation (dccs remake)	psydet1r
K	x:psychic detective series vol. 1 - invitation (japan) (remake)	psydet1r
K	x:psychic detective series vol. 1 - invitation - kage kara no shoutaijou	psydet1
K	x:psychic detective series vol. 1 - invitation - kage kara no shoutaijou (japan)	psydet1
K	x:psychic detective series vol. 2 - memories	psydet2
K	x:psychic detective series vol. 2 - memories (dccs remake)	psydet2r
K	x:psychic detective series vol. 2 - memories (demo)	psydet2d
K	x:psychic detective series vol. 2 - memories (japan)	psydet2
K	x:psychic detective series vol. 2 - memories (japan) (dccs)	psydet2r
K	x:psychic detective series vol. 2 - memories (japan) (demo)	psydet2d
K	x:psychic detective series vol. 3 - aya	psydet3
K	x:psychic detective series vol. 3 - aya (dccs remake)	psydet3r
K	x:psychic detective series vol. 3 - aya (japan)	psydet3
K	x:psychic detective series vol. 3 - aya (japan) (remake)	psydet3r
K	x:psychic detective series vol. 4 - orgel	psydet4
K	x:psychic detective series vol. 4 - orgel (dccs remake)	psydet4r
K	x:psychic detective series vol. 4 - orgel (demo)	psydet4d
K	x:psychic detective series vol. 4 - orgel (japan)	psydet4
K	x:psychic detective series vol. 4 - orgel (japan) (demo)	psydet4d
K	x:psychic detective series vol. 4 - orgel (japan) (remake)	psydet4r
K	x:psychic detective series vol. 5 - nightmare	psydet5
K	x:psychic detective series vol. 5 - nightmare (dccs remake)	psydet5r
K	x:psychic detective series vol. 5 - nightmare (japan)	psydet5
K	x:psychic detective series vol. 5 - nightmare (japan) (remake)	psydet5r
K	x:psychic detective series vol. 5 - nightmare (system disk)	psydet5
K	x:psychic detective vol. 1 - invitation	psydet1r
K	x:psychic detective vol. 2 - memories	psydet2r
K	x:psychic detective vol. 3 - aya	psydet3r
K	x:psychic detective vol. 4 - orgel	psydet4r
K	x:psychic detective vol. 5 - nightmare	psydet5r
K	x:psychic detective vol. 6 - solitude gekan	psydetf2
K	x:psychic detective vol. 6 - solitude joukan	psydetf1
K	x:psychic_detective_series_vol_1_invitation_remake	psydet1r
K	x:psychic_detective_series_vol_2_memories_remake	psydet2r
K	x:psychic_detective_series_vol_3_aya_remake	psydet3r
K	x:psychic_detective_series_vol_4_orgel_remake	psydet4r
K	x:psychic_detective_series_vol_5_nightmare_remake	psydet5r
K	x:pu-li-ru-la	pulirula
K	x:pu-li-ru-la (captainys cd boot loader patch + unlimited continues)	p_pulirula_ysuc
K	x:pu-li-ru-la (japan)	pulirula
K	x:pu-li-ru-la (marty expanded ram version + unlimited continues)	p_pulirula_ramuc
K	x:pu-li-ru-la (marty expanded ram version)	p_pulirula_ram
K	x:pu-li-ru-la (unlimited continues)	p_pulirula_uc
K	x:puppet master (t-en v1.1)	p_ningytsu_en
K	x:puyo puyo	puyopuyo
K	x:puyo puyo (captainys cd boot loader patch)	p_puyopuyo_ys
K	x:puyo puyo (japan)	puyopuyo
K	x:puzznic	puzznic
K	x:puzznic (japan)	puzznic
K	x:pyoko-tan no chie asobi ehon - nazo nazo meiro daibouken	pyokotan
K	x:pyoko-tan no chie asobi ehon - nazo nazo meiro daibouken (japan)	pyokotan
K	x:q^2 rom magazine soukan-gou (japan)	q2rom
K	x:qd_alpha_gaiden_1994-03-02	tqodgao
K	x:qd_alpha_gaiden_1994-03-10	tqodga
K	x:quazzle	quazzle
K	x:queen of duelist, the (japan)	tqodo
K	x:queen of duellist gaiden, the + gaiden alpha (japan)	tqodga
K	x:queen of duellist, the (japan) (rev a)	tqod
K	x:queen of duellist, the - gaiden + gaiden alpha light	tqodgao
K	x:quiz banchou	quizban
K	x:quiz de let's go!!	c_quizdeletsgo
K	x:quiz_banchou_disk_a	quizban
K	x:quiz_banchou_disk_b	quizban
K	x:quiz_banchou_disk_c	quizban
K	x:q² rom magazine soukan-gou	q2rom
K	x:rac rally	racrally
K	x:rac rally (japan)	racrally
K	x:raiden densetsu	raiden
K	x:raiden densetsu - raiden trad (japan)	raiden
K	x:raiden densetsu / raiden trad	raiden
K	x:railroad_boot	railtycn
K	x:rainbow islands - the story of bubble bobble 2 - extra version	rbisland
K	x:rainbow islands - the story of bubble bobble 2 - extra version (japan)	rbisland
K	x:rainbow islands extra	c_rainbowislandsextra
K	x:rance - hikari o motomete	rance
K	x:rance - hikari o motomete (disk 1)	rance
K	x:rance - hikari o motomete (disk 2)	rance
K	x:rance - hikari o motomete (disk 3)	rance
K	x:rance - hikari o motomete (disk 4)	rance
K	x:rance 2 - hangyaku no shoujo-tachi	rance2
K	x:rance 2 - hangyaku no shoujotachi (disk a)	rance2
K	x:rance 2 - hangyaku no shoujotachi (disk b)	rance2
K	x:rance 2 - hangyaku no shoujotachi (disk c)	rance2
K	x:rance 2 - hangyaku no shoujotachi (disk d)	rance2
K	x:rance 2 - hangyaku no shoujotachi (disk e)	rance2
K	x:rance 2 - hangyaku no shoujotachi (disk f)	rance2
K	x:rance 2 hint disk	rance2hint
K	x:rance 4.1 - okusuri koujou o sukue (japan)	rance41
K	x:rance 4.1 - okusuri koujou o sukue!	rance41
K	x:rance 4.2 - angel-gumi	rance42
K	x:rance 4.2 - angel-gumi (japan)	rance42
K	x:rance iii - leazas kanraku	rance3
K	x:rance iii - leazas kanraku (japan)	rance3
K	x:rance iv (boot disk)	rance4
K	x:rance iv - kyoudan no isan	rance4
K	x:rance iv - kyoudan no isan (japan)	rance4
K	x:rance iv demonstration disk	rance4demo
K	x:rance iv option disk	rance4opt
K	x:rance2_hint_disk	rance2hint
K	x:rance3 リーザス陥落	rance3
K	x:rance4 ～教団の遺産～	rance4
K	x:rance4_option_disk_a	rance4opt
K	x:rance4_option_disk_b	rance4opt
K	x:rance4_option_disk_c	rance4opt
K	x:rance_4_demo	rance4demo
K	x:ravenloft - aku no keshin	ravnloft
K	x:ravenloft - aku no keshin (japan)	ravnloft
K	x:rayxanber	rayxanbr
K	x:rayxanber (japan)	rayxanbr
K	x:realtime kaigi simulator	rks
K	x:record of lodoss war - haiiro no majo	lodoss
K	x:record of lodoss war - haiiro no majo (system disk)	lodoss
K	x:record of lodoss war - hairo no majio	lodoss
K	x:record of lodoss war - lodoss-tou senki - haiiro no majo (japan)	lodoss
K	x:record of lodoss war - lodoss-tou senki ii - goshiki no maryuu (japan)	lodoss2
K	x:record of lodoss war ii - goshiki no maryuu	lodoss2
K	x:record of lodoss war ii - goshiki no maryuu (system disk)	lodoss2
K	x:regional power ii	regpowr2
K	x:reijou monogatari	reijou
K	x:reijou monogatari (japan)	reijou
K	x:reira	reira
K	x:reira - slave doll	c_reiraslavedoll
K	x:reira_disk_a	reira
K	x:reira_disk_b	reira
K	x:reira_disk_c	reira
K	x:reira_disk_d	reira
K	x:reira_disk_e	reira
K	x:reira_disk_f	reira
K	x:rejection - den-no senshi	rejectn
K	x:rejection - denno senshi	rejectn
K	x:rejection denno syoujyo	rejectn
K	x:remember beatles no 1	c_rememberbeatlesno1
K	x:remember beatles no 3	c_rememberbeatlesno3
K	x:remember beatles no 5 – the lond and winding road	beatles5
K	x:remember beatles no. 2 - michelle	beatles2
K	x:remember beatles no. 2 - michelle (japan) (en,ja)	beatles2
K	x:remember beatles no. 4 - let it be	beatles4
K	x:remember beatles no. 4 - let it be (japan) (en,ja)	beatles4
K	x:remember beatles no. 5 - the long and winding road	beatles5
K	x:remember beatles no. 5 - the long and winding road (japan) (en,ja)	beatles5
K	x:remember beatles no. 6 - imagine	beatles6
K	x:remember beatles no. 6 - imagine (japan) (en,ja)	beatles6
K	x:renju (連珠) ver1.2	c_renjuver12
K	x:return to zork	retzork
K	x:return to zork (japan)	retzork
K	x:reverse master 2000 (リバースマスター2000)	c_reversemaster2000
K	x:ring out!!	ringout
K	x:ring-out (japan)	ringout
K	x:rinkan gakkou	rinkan
K	x:rinkan gakkou (japan)	rinkan
K	x:rocket ranger	rockrang
K	x:rocket ranger (captainys cd boot loader patch)	p_rockrang_ys
K	x:rocket ranger (japan)	rockrang
K	x:roland – desktop music system (ver 2) (myuujirou ongaku kyoushitsu)	c_rolanddesktopmusicsystem
K	x:roll paper game (ロール･ペーパー･ゲーム) v1.16	c_rollpapergamev116
K	x:royal blood	royalbld
K	x:royal blood (japan)	royalbld
K	x:royal_blood	royalbld
K	x:rumstorm	rumstorm
K	x:rumstorm (doujin) (cd-rom conversion)	p_rumstorm_cd
K	x:rumuder	rumuder
K	x:rumuder (doujin) (cd-rom conversion)	p_rumuder_cd
K	x:running girls - hashiri onna ii (japan)	honna2
K	x:running girls - hashiri onna ii + rance 4.1 / 4.2 hint disk	honna2
K	x:ryuutouden	ryuutou
K	x:ryuutouden (japan) (en,ja)	ryuutou
K	x:s. a. 2	sa2
K	x:sa2	sa2
K	x:sadistic gamers part 1 – kateikyoushi play (ver 2)	c_sadisticgamerspart1kateikyoushiplay
K	x:sadistic gamers part 1 – shinjinkyouikuteki play	c_sadisticgamerspart1shinjinkyouikutekipla
K	x:sadistic gamers part 2 – otanjoubi play	c_sadisticgamerspart2otanjoubiplay
K	x:sadistic gamers part 4 – rumi no climb play	c_sadisticgamerspart4ruminoclimbplay
K	x:sadistic gamers part-3 - telephone play	sgamers3
K	x:sadistic gamers part-5 - burusera play	sgamers5
K	x:sadistic gamers syndrome - episode i	sgamerss1
K	x:sadistic_gamers_part-3	sgamers3
K	x:sadistic_gamers_part-5	sgamers5
K	x:sadistic_gamers_syndrome_episode_1	sgamerss1
K	x:sakura no mori	sakumori
K	x:sakura no mori (japan)	sakumori
K	x:samurai spirits	sspirits
K	x:samurai spirits (boot disk)	sspirits
K	x:samurai spirits (japan)	sspirits
K	x:sango2	sangoku2
K	x:sangokushi ii	sangoku2
K	x:sangokushi ii (japan)	sangoku2
K	x:sangokushi iii	sangoku3
K	x:sangokushi iii (japan)	sangoku3
K	x:sangokushi iv	sangoku4
K	x:sangokushi iv (japan)	sangoku4
K	x:sangokushi_4	sangoku4
K	x:sangokushi_iii	sangoku3
K	x:sargon v - world class chess	sargon5
K	x:sargon v - world class chess (japan)	sargon5
K	x:sayaka + miho	sayaka
K	x:sayaka + miho (japan)	sayaka
K	x:sayonara no mukougawa	sayonara
K	x:sayonara no mukougawa (japan)	sayonara
K	x:scavenger 4 (demo)	scav4d
K	x:scavenger 4 (hme-217)	scav4o
K	x:scavenger 4 (hme-217a)	scav4a
K	x:scavenger 4 (hme-217b)	scav4
K	x:scavenger 4 (japan)	scav4o
K	x:scavenger 4 (japan) (demo)	scav4d
K	x:scavenger 4 (japan) (rev a)	scav4a
K	x:scavenger 4 (japan) (rev b)	scav4
K	x:scholar movie magazine (boot disk)	scholar
K	x:scholar movie magazine soukan-gou	scholar
K	x:scholar movie magazine soukan-gou (japan)	scholar
K	x:schwarzschild	schwarzs
K	x:schwarzschild (game disk)	schwarzs
K	x:schwarzschild (japan)	schwarzs
K	x:schwarzschild - kyouran no ginga	schwarzs
K	x:schwarzschild iv - the cradle end	schwarz4
K	x:schwarzschild iv - the cradle end (japan)	schwarz4
K	x:secre (demo)	c_secre
K	x:secre demo disk	secredemo
K	x:secre demo disk (japan)	secredemo
K	x:secre vol 1 – naoko iijima	secre1
K	x:secre vol 2 – mai oikawa	secre2
K	x:secre vol 3 – fumie hosokawa	secre3
K	x:secre vol 4 – hitomi fujisaki	secre4
K	x:secre vol 5 – tina gushiken	secre5
K	x:secre vol 6 – reiko kato	secre6
K	x:secre vol 7 – reiko chiba	secre7
K	x:secre volume 2 - mai oikawa	secre2
K	x:secre volume 2 - mai oikawa (japan)	secre2
K	x:secre volume 2 及川麻衣	secre2
K	x:secre volume 3 - fumie hosokawa	secre3
K	x:secre volume 3 - fumie hosokawa (japan)	secre3
K	x:secre volume 3 細川ふみえ	secre3
K	x:secre volume 4 - hitomi fujisaki	secre4
K	x:secre volume 4 - hitomi fujisaki (japan)	secre4
K	x:secre volume 4 藤崎仁美	secre4
K	x:secre volume 5 - tina gushiken	secre5
K	x:secre volume 5 - tina gushiken (japan)	secre5
K	x:secre volume 5 具志堅ティナ	secre5
K	x:secre volume 6 - reiko kato	secre6
K	x:secre volume 6 - reiko kato (japan)	secre6
K	x:secre volume 6 かとうれいこ	secre6
K	x:secre volume 7 - reiko chiba	secre7
K	x:secre volume 7 - reiko chiba (japan)	secre7
K	x:secre volume 7 千葉麗子	secre7
K	x:secre volume i - naoko iijima	secre1
K	x:secre volume i - naoko iijima (japan)	secre1
K	x:secre volume i 飯島直子	secre1
K	x:secret of dragon tower, the (ドラゴンの秘塔)	c_secretofdragontower
K	x:secret of monkey island, the (japan) (en,ja)	monkey
K	x:sekigahara	sekigaha
K	x:sekigahara (japan)	sekigaha
K	x:sensual angels	sensangl
K	x:sensual angels (japan)	sensangl
K	x:sensual_angels	sensangl
K	x:setsujuu - yuganda kioku	setsuju
K	x:setsujuu_disk_a	setsuju
K	x:setsujuu_disk_b	setsuju
K	x:setsujuu_disk_c	setsuju
K	x:setsujuu_disk_d	setsuju
K	x:sexy in the hawaii - nice gal hawaii-hen	sxhawaii
K	x:sexy in the hawaii - nice gal hawaii-hen (japan)	sxhawaii
K	x:sexy p/k part 2 - world cup hen	c_sexypkpart2worldcuphen
K	x:sexy p/k part nihon	c_sexypkpartnihon
K	x:shadow of the beast	beasto
K	x:shadow of the beast - mashou no okite (1991-08-29)	beasto
K	x:shadow of the beast - mashou no okite (1991-10-11)	beast
K	x:shadow of the beast - mashou no okite (japan)	beasto
K	x:shadow of the beast - mashou no okite (japan) (rev 1)	beast
K	x:shadow of the beast 2	beast2
K	x:shadow of the beast ii - juushin no jubaku	beast2
K	x:shadow of the beast ii - juushin no jubaku (japan)	beast2
K	x:shadown of the beast (rev 1)	c_shadownofbeast
K	x:shamhat - the holy circlet	shamhat
K	x:shamhat - the holy circlet (fm towns marty version)	shamhatm
K	x:shamhat - the holy circlet (japan)	shamhat
K	x:shamhat - the holy circlet (user disk)	shamhat
K	x:shamhat - the holy circlet (user disk) (marty version)	shamhatm
K	x:shanghai	shanghai
K	x:shanghai (japan)	shanghai
K	x:shanghai - banri no choujou	c_shanghaibanrinochoujou
K	x:shangrlia	shangrl
K	x:shangrlia 2	shangrl2
K	x:shangrlia 2 (japan)	shangrl2
K	x:shangrlia 2 special disk	shangrl2sp
K	x:shangrlia2_specialdisk_a	shangrl2sp
K	x:shangrlia2_specialdisk_b	shangrl2sp
K	x:shangrlia_disk_a	shangrl
K	x:shangrlia_disk_b	shangrl
K	x:shangrlia_disk_c	shangrl
K	x:shangrlia_disk_d	shangrl
K	x:sherlock holmes - consulting detective	sherlock
K	x:sherlock holmes - consulting detective (demo)	sherlockd
K	x:sherlock holmes - consulting detective (japan)	sherlock
K	x:sherlock holmes - consulting detective (japan) (demo)	sherlockd
K	x:sherlock holmes no tantei kouza	c_sherlockholmesnotanteikouza
K	x:sherlock holmes no tantei kouza (demo)	c_sherlockholmesnotanteikouza
K	x:shijou saikyou no video bible	vidbible
K	x:shijou saikyou no video bible - the greatest video bible in the world	vidbible
K	x:shijou saikyou no video bible - the greatest video bible in the world (japan)	vidbible
K	x:shiki o irodoru - nihon no shouka - aki	shkaki
K	x:shiki o irodoru - nihon no shouka - aki (japan)	shkaki
K	x:shiki o irodoru - nihon no shouka - fuyu	shkfuyu
K	x:shiki o irodoru - nihon no shouka - fuyu (japan)	shkfuyu
K	x:shiki o irodoru - nihon no shouka - haru	shkharu
K	x:shiki o irodoru - nihon no shouka - haru (japan)	shkharu
K	x:shiki o irodoru - nihon no shouka - natsu	shknatsu
K	x:shiki o irodoru - nihon no shouka - natsu (japan)	shknatsu
K	x:shinc	shinc
K	x:shinc (japan)	shinc
K	x:shinjuku labyrinth	shinjuku
K	x:shinjuku labyrinth (japan)	shinjuku
K	x:shinjuku labyrinth (master disk)	shinjuku
K	x:shinseiki kouboushi - dead force	deadforc
K	x:shinseiki kouboushi - dead force (japan)	deadforc
K	x:shisensho (しせんしょう) ver 1.5	c_shisenshover15
K	x:shisetsu sangokushi	c_shisetsusangokushi
K	x:shisetsu sengoku jidai	c_shisetsusengokujidai
K	x:shisou)	c_shisou
K	x:shogi seiten	shogisei
K	x:shooting towns	shooting
K	x:shooting towns (japan)	shooting
K	x:shougaku ongaku (5-6-nensei-you) (japan) (rev a)	ongaku56
K	x:shougaku ongaku 5-6-nensei-you (rev a)	c_shougakuongaku56nenseiyou
K	x:shougaku_ongaku_5-6	ongaku56
K	x:shougi seiten	shogisei
K	x:shougi_seiten_data_disk	shogisei
K	x:shougi_seiten_system_disk	shogisei
K	x:shouhougenzou)	c_shouhougenzou
K	x:shounen magazine history	shounenm
K	x:shounen magazine history (japan)	shounenm
K	x:shuukan shounen magazine history	shounenm
K	x:sid meier's railroad tycoon	railtycn
K	x:sid meier's railroad tycoon (japan)	railtycn
K	x:silent moebius - case - titanic (japan)	silentmb
K	x:silent möbius	silentmb
K	x:silent möbius - case – titanic	silentmb
K	x:silent service, the - chinmoku no kantai (japan)	silentsr
K	x:silent_service	silentsr
K	x:sim city - terrain editor	c_simcityterraineditor
K	x:sim sports diving - soreyuke diving (japan)	diving
K	x:sim sports diving - soreyuke! diving	diving
K	x:sim sports diving – soreyuki! diving	diving
K	x:simant	simant
K	x:simant (japan)	simant
K	x:simcity (hmb-121)	simcityo
K	x:simcity (hmb-121a)	simcity
K	x:simcity (japan)	simcityo
K	x:simcity (japan) (en,ja) (rev a)	simcity
K	x:simcity 2000	simcit2k
K	x:simcity 2000 (japan)	simcit2k
K	x:simearth - the living planet	simearth
K	x:simearth - the living planet (japan)	simearth
K	x:simfarm	simfarm
K	x:simfarm (demo)	simfarmd
K	x:simfarm - simcity's country cousin (japan)	simfarm
K	x:simfarm - simcity's country cousin (japan) (demo)	simfarmd
K	x:sky duel	c_skyduel
K	x:sky duel (doujin) (cd-rom conversion)	p_skyduel_cd
K	x:soft de hard na monogatari	softhard
K	x:soft de hard na monogatari (japan)	softhard
K	x:soft de hard na monogatari (utility disk)	softhard
K	x:soft de hard na monogatari 2	softhard2
K	x:soft de hard na monogatari 2 (japan)	softhard2
K	x:soft de hard na monogatari 2 (utility disk)	softhard2
K	x:software contest nyuusen sakuhinshuu 1 (hmc-139)	softcon1o
K	x:software contest nyuusen sakuhinshuu 1 (hmc-139a)	softcon1a
K	x:software contest nyuusen sakuhinshuu 1 (hmc-139b)	softcon1
K	x:software contest nyuusen sakuhinshuu 1 (japan)	softcon1o
K	x:software contest nyuusen sakuhinshuu 1 (japan) (rev a)	softcon1a
K	x:software contest nyuusen sakuhinshuu 1 (japan) (rev b)	softcon1
K	x:software contest nyuusen sakuhinshuu 2	softcon2
K	x:software contest nyuusen sakuhinshuu 2 (japan)	softcon2
K	x:software contest nyuusen sakuhinshuu 3	softcon3
K	x:software contest nyuusen sakuhinshuu 3 (japan)	softcon3
K	x:soko-ban perfect	sokobanp
K	x:soreike anpanman - tanoshii eigo asobi (japan)	anpanman
K	x:soreike! anpanman - tanoshii eigo asobi	anpanman
K	x:soreyuke nanpa-kun	sorenanp
K	x:soreyuke nanpa-kun (disk a)	sorenanp
K	x:soreyuke nanpa-kun (disk b)	sorenanp
K	x:soreyuke nanpa-kun (disk c)	sorenanp
K	x:sotsugyou '93 - graduation (newer floppy disk)	sotsu93
K	x:sotsugyou '93 - graduation (older floppy disk)	sotsu93o
K	x:sotsugyou '93 - graduation (play disk)	sotsu93
K	x:sotsugyou '93 - graduation (play disk, older)	sotsu93o
K	x:sotsugyou - graduation '93 (japan)	sotsu93
K	x:space museum	spacemus
K	x:space museum (japan)	spacemus
K	x:space rogue	srogue
K	x:space rogue (japan)	srogue
K	x:space rogue (no disc check)	sroguend
K	x:space rogue (no disk check)	sroguend
K	x:special & delicious original cd-rom (japan)	spdelic
K	x:special & delicious! original cd-rom	spdelic
K	x:special and delicious!	spdelic
K	x:speech trainer (v1.0 l10)	speechtr
K	x:speech trainer v1.0 l10	speechtr
K	x:speech trainer v1.0 l10 (japan)	speechtr
K	x:speech_trainer_install_disk	speechtr
K	x:spell master kakitaoshi	c_spellmasterkakitaoshi
K	x:splatterhouse	splatth
K	x:splatterhouse (japan)	splatth
K	x:ssl gallery ver. 1	sslgalry
K	x:ssl gallery ver. 1 (japan)	sslgalry
K	x:star cruiser ii - the odysseus project	scruisr2
K	x:star_cruiser_2	scruisr2
K	x:starcruiser ii for cd-rom (japan)	scruisr2
K	x:steepia	steepia
K	x:steepia (japan)	steepia
K	x:steepia lite	steepialt
K	x:steepia lite (japan)	steepialt
K	x:strike commander	strike
K	x:strike commander (japan)	strike
K	x:strike commander plus	strikpls
K	x:strike commander plus (japan)	strikpls
K	x:stronghold - koutei no yousai	strongh
K	x:stronghold - koutei no yousai (japan)	strongh
K	x:suikoden - tenmei no chikai	suikoden
K	x:suikoden - tenmei no chikai (japan)	suikoden
K	x:suikoden_tenmei_no_chikai	suikoden
K	x:super collection 1 - game technopolis (himitsu no hanazono & kimi dake ni ai o... +) (japan)	gametec1
K	x:super collection 2 - game technopolis (iv - tesera & hatsukoi monogatari +) (japan)	gametec2
K	x:super d.p.s.	superdps
K	x:super d.p.s. (alt. disk 5)	superdpsa
K	x:super d.p.s. (disk 1 - system)	superdps
K	x:super d.p.s. (disk 2 - maria to kanpan a)	superdps
K	x:super d.p.s. (disk 3 - kaizoku kagyou a)	superdps
K	x:super d.p.s. (disk 4 - kaizoku kagyou b)	superdps
K	x:super d.p.s. (disk 5 - toono no mori a)	superdps
K	x:super d.p.s. (disk 6 - toono no mori b)	superdps
K	x:super daisenryaku	supdaisn
K	x:super daisenryaku (cracked?)	supdaisn_cracked
K	x:super odyssey & dennou planetarium	sodyssey
K	x:super odyssey & dennou planetarium (japan)	sodyssey
K	x:super real mahjong pii & piii	srmp23
K	x:super real mahjong pii & piii +	srmp23p
K	x:super real mahjong pii & piii+ (japan)	srmp23p
K	x:super real mahjong pii&piii (japan)	srmp23
K	x:super real mahjong piv	srmp4
K	x:super real mahjong piv (japan)	srmp4
K	x:super shanghai - dragon's eye	sshangh
K	x:super shanghai - dragon's eye (japan)	sshangh
K	x:super shooting towns	sshootin
K	x:super shooting towns (japan)	sshootin
K	x:super street fighter ii - the new challengers	ssf2
K	x:super street fighter ii - the new challengers (japan)	ssf2
K	x:super street fighter ii - the new challengers (japan) (demo)	ssf2d
K	x:super street fighter ii - the new challengers (sample disc)	ssf2d
K	x:super ultra mucchin puripuri cyborg maririn dx	maririndx
K	x:super_daisenryaku_disk_1	supdaisn
K	x:super_daisenryaku_disk_2	supdaisn
K	x:superdaisen_1	supdaisn_cracked
K	x:superdaisen_2	supdaisn_cracked
K	x:suzaku	suzaku
K	x:suzaku (japan)	suzaku
K	x:suzaku (system disk)	suzaku
K	x:swap・swap	c_swapswap
K	x:sweet angel	sweetang
K	x:sweet view	c_sweetview
K	x:sweetangel1	sweetang
K	x:sweetangel2	sweetang
K	x:sword edge	swordedg
K	x:sword edge (doujin) (cd-rom conversion)	p_swordedg_cd
K	x:sword edge (map editor)	swordedgme
K	x:sword edge (sprite editor)	swordedgse
K	x:sword edge - map editor	swordedgme
K	x:sword edge - sprite editor	swordedgse
K	x:syndicate	syndicat
K	x:syndicate (japan)	syndicat
K	x:syojin saga (doujin) (cd-rom conversion)	p_syojin_cd
K	x:t.d.f. - terrestrial defense force (japan)	tdf
K	x:tactical air wing	tactairw
K	x:tactical tank corps dx	tankcpdx
K	x:tactical tank corps dx (japan)	tankcpdx
K	x:tagon muyo	c_tagonmuyo
K	x:taiken shiyou marty channel (japan)	martych
K	x:taiken shiyou marty channel ii (japan)	martych2
K	x:taiken shiyou! marty channel	martych
K	x:taiken shiyou! marty channel ii	martych2
K	x:taiken_shiyou_marty_channel	martych
K	x:taikenban cd	taikencd
K	x:taikenban cd (japan)	taikencd
K	x:taikou risshiden	taikoris
K	x:taikou risshiden (japan)	taikoris
K	x:taikou_risshiden	taikoris
K	x:taito chase h.q.	chasehq
K	x:taito chase h.q. (captainys cd boot loader patch)	p_chasehq_ys
K	x:taito chase h.q. (demo)	chasehqd
K	x:taito chase h.q. (japan)	chasehq
K	x:taito chase h.q. (japan) (demo)	chasehqd
K	x:taito チェイスＨＱ	chasehq
K	x:takamizawa kyousuke - nekketsu!! kyouiku kenshuu	takamiza
K	x:takamizawa kyousuke nekketsu kyouiku kenshuu (japan)	takamiza
K	x:tama cg-shuu - mai	tamacgmai
K	x:tama private cg gallery – dance	c_tamaprivatecggallerydance
K	x:tama_cg-shuu_mai	tamacgmai
K	x:tamashii no mon - dante "shinkyoku" yori	dante
K	x:tamashii no mon - dante shinkyoku yori (japan)	dante
K	x:tamashii_no_mon	dante
K	x:tango (doujin) (cd-rom conversion)	p_tango_cd
K	x:tania	tania
K	x:tania (japan)	tania
K	x:tanjou - debut	debut
K	x:tanjou - debut (japan)	debut
K	x:tanjou - debut (key disk)	debut
K	x:tanoshiku makeup lesson - oshare club (japan)	oshaclub
K	x:tanyo crest (タンイオクレスト)	c_tanyocrest
K	x:tatsujin ou	tatsuou
K	x:tatsujin-oh	tatsuou
K	x:tatsujin-ou (japan)	tatsuou
K	x:tc_station_communication_log	tctsuu
K	x:tc_station_computer_gakushuu_program	tcgaku
K	x:tc_station_computer_graphics	tccgmus
K	x:tc_station_game_collection	tcgame
K	x:tc_station_game_library_log	tctsuu
K	x:tc_station_gazou_souko_log	tctsuu
K	x:tc_station_hyoukeisan	tcwpro
K	x:tc_station_id_floppy	tctsuu
K	x:tc_station_kuruma_uranai_log	tctsuu
K	x:tc_station_music	tccgmus
K	x:tc_station_photo_collection	tcphoto
K	x:tc_station_tc_yobikou_log	tctsuu
K	x:tc_station_worpro	tcwpro
K	x:tdf - terrestrial defense force	tdf
K	x:teacher series - yoku wakaru sansuu shougaku 2-nen	ywsansu2
K	x:teata - vision (japan)	teata12
K	x:teata - vision - recording & playback system v1.0	teata10
K	x:teata - vision - recording & playback system v1.1	teata11
K	x:teata - vision - recording & playback system v1.2	teata12
K	x:teata_vision_v1.0	teata10
K	x:teata_vision_v1.1	teata11
K	x:teata_vision_v1.2	teata12
K	x:technostress yobou-hou series - chinsei (japan)	chinsei
K	x:technostress yobou-hou series - hirou (japan)	hirou
K	x:technostress yobou-hou series - stress (japan)	stress
K	x:technostress yobouhou series - chinsei	chinsei
K	x:technostress yobouhou series - hirou	hirou
K	x:technostress yobouhou series - stress	stress
K	x:teito taisen	teitotai
K	x:teito taisen (japan)	teitotai
K	x:teitoku no ketsudan	teiketsu
K	x:teitoku no ketsudan (japan)	teiketsu
K	x:teitoku no ketsudan ii	teikets2
K	x:teitoku no ketsudan ii (japan)	teikets2
K	x:teitoku_no_ketsudan	teiketsu
K	x:tele harmonium - city lights	citylights
K	x:tele harmonium - city lights (japan)	citylights
K	x:temptation (t-en v1.0)	p_yuuwaku_en
K	x:tender light (v1.1 l10)	tenderlt
K	x:tenderlight v1.1 l10	tenderlt
K	x:tenderlight v1.1 l10 (japan)	tenderlt
K	x:tenka gomen	tenkagom
K	x:tenka gomen (japan)	tenkagom
K	x:tenka gomen (system disk)	tenkagom
K	x:tensen nyannyan	tensen
K	x:tensen nyannyan (japan)	tensen
K	x:tenshi-tachi no gogo - tenkousei	tenshiten
K	x:tenshi-tachi no gogo - tenkousei (japan)	tenshiten
K	x:tenshi-tachi no gogo collection	c_tenshitachinogogocollection
K	x:tenshi-tachi no gogo collection 2	c_tenshitachinogogocollection2
K	x:tenshi-tachi no gogo iii - bangai-hen hansei-ban	c_tenshitachinogogo3bangaihenhanseiban
K	x:tenshi-tachi no gogo special - gomen ne angel	c_tenshitachinogogospecialgomenneangel
K	x:tenshi-tachi no gogo v - nerawareta tenshi	c_tenshitachinogogo5nerawaretatenshi
K	x:tenshi-tachi no gogo vi - my fair teacher	tenshi6
K	x:tenshi-tachi_no_gogo_vi_disk_a	tenshi6
K	x:tenshi-tachi_no_gogo_vi_disk_b	tenshi6
K	x:tenshi-tachi_no_gogo_vi_disk_c	tenshi6
K	x:tenshin ranma	tenranma
K	x:tenshin ranma (japan)	tenranma
K	x:tenshin_ranma_disk_a	tenranma
K	x:teo - mou hitotsu no chikyuu (japan) (version 1.0)	teo10
K	x:teo - mou hitotsu no chikyuu (japan) (version 2.0)	teo20
K	x:teo - mou hitotsu no chikyuu - version 1.0	teo10
K	x:teo - mou hitotsu no chikyuu - version 2.0	teo20
K	x:teo_v2.0-elmo_no_mi	teo20
K	x:terra towns (hma-110)	terrao
K	x:terra towns (hma-110b)	terra
K	x:terra towns (japan)	terrao
K	x:terra towns (japan) (rev b)	terra
K	x:terra towns ii	terra2
K	x:terra towns ii (japan)	terra2
K	x:th 4 unit act 1 + 2, the – linkage	4thuni12
K	x:th 4 unit act 3, the – dual targets	dualtarg
K	x:th 4 unit act 4, the – zero	zero
K	x:th 4 unit act 5, the – d-again	dagain
K	x:th 4 unit act 6, the – merry go round	merrygor
K	x:th 4 unit act 7, the – wyatt	wyatt
K	x:thanatos	c_thanatos
K	x:that's toukou - natsu no daitokushuu	toukoun
K	x:that's toukou - natsu no tokushuugou (japan)	toukoun
K	x:that's toukou part 1	toukou1
K	x:that's toukou part 1 (japan)	toukou1
K	x:that's toukou part 2	toukou2
K	x:that's toukou part 2 (japan)	toukou2
K	x:the 4th unit 1-2 towns - linkage	4thuni12
K	x:the 4th unit 3 - dual targets	dualtarg
K	x:the 4th unit 4 - zero	zero
K	x:the 4th unit 5 - d-again	dagain
K	x:the 4th unit 5 - d-again (demo)	dagaind
K	x:the 4th unit 6 - merry-go-round	merrygor
K	x:the 4th unit 7 - wyatt	wyatt
K	x:the 4th unit 7 - wyatt (boot disk)	wyatt
K	x:the 4th unit 7 - wyatt (demo)	wyattd
K	x:the atlas	atlas
K	x:the atlas ii	atlas2
K	x:the best play baseball	bestplay
K	x:the case of the cautious condor	condor
K	x:the date - kore de kanojo wa boku no mono!	date
K	x:the horde	horde
K	x:the incredible machine	tim
K	x:the legend of kyrandia	kyrandia
K	x:the legend of kyrandia (user disk)	kyrandia
K	x:the manhole (hmb-181)	manholeo
K	x:the manhole (hmb-181a)	manhole
K	x:the new zealand story (31khz video locked + unlimited continues)	p_tnzs_31kuc
K	x:the new zealand story (31khz video locked)	p_tnzs_31k
K	x:the new zealand story (hma-213)	tnzso
K	x:the new zealand story (hma-213a)	tnzs
K	x:the new zealand story (unlimited continues)	p_tnzs_uc
K	x:the playroom	playroom
K	x:the queen of duellist (hme-166)	tqodo
K	x:the queen of duellist (hme-166a)	tqod
K	x:the queen of duellist (user disk)	tqodo
K	x:the queen of duellist gaiden + gaiden alpha (1994-03-02)	tqodgao
K	x:the queen of duellist gaiden + gaiden alpha (1994-03-10)	tqodga
K	x:the secret of dragon tower (doujin) (cd-rom conversion)	p_dragontwr_cd
K	x:the secret of monkey island	monkey
K	x:the silent service - chinmoku no kantai	silentsr
K	x:the visitor	visitor
K	x:the yachtman	yachtman
K	x:theme park	themeprk
K	x:theme park (japan)	themeprk
K	x:think lead gakushuu system	think_cmi
K	x:think lead gakushuu system - fm towns cmi program	think_cmi
K	x:think lead gakushuu system - fm towns theme-betsu gakushuu series - jikkou program ver. 2	think_program
K	x:think lead gakushuu system - shougaku rika 5-nen - tane no hatsuga (1)	think_sr5tane
K	x:think lead gakushuu system - shougaku rika 6-nen - karada no tsukuri (1)	think_sr6karada
K	x:think_lead_cmi_program	think_cmi
K	x:think_lead_program_ver2	think_program
K	x:think_lead_shougaku_rika_5-nen_tane_no_hatsuga	think_sr5tane
K	x:think_lead_shougaku_rika_6-nen_karada_no_tsukuri	think_sr6karada
K	x:time stripper mako-chan	timestrp
K	x:time stripper mako-chan (japan)	timestrp
K	x:titan	titan
K	x:titan (japan)	titan
K	x:to your health vol. 1 - tsubo relaxation (japan)	tsubo
K	x:to your health vol. 2 - wellness yoga (japan)	welyoga
K	x:to your health! vol. 1 - tsubo relaxation	tsubo
K	x:to your health! vol. 2 - wellness yoga	welyoga
K	x:tokio (system disk)	tokio
K	x:tokio - tokyo-to dai-24-ku	tokio
K	x:tokio - tokyo-to dai-24-ku (japan)	tokio
K	x:tokyo sexy ave. - tokyo genshi machi	tsexyave
K	x:tokyo sexy ave. - tokyo genshi machi (japan)	tsexyave
K	x:tokyo_sexy_ave	tsexyave
K	x:tom snyder's puppy love 2	puplove2
K	x:tom snyder's puppy love 2 (japan)	puplove2
K	x:tom snyder's パピーラブ２	puplove2
K	x:tom snyder’s puppy love & pi’s solitaire royale	c_tomsnyderspuppylovepissolitaireroyale
K	x:toshin2	toshin2
K	x:toshiyuki yoshino - lullaby of birdland	birdland
K	x:toshiyuki yoshino - lullaby of birdland (japan)	birdland
K	x:totsugeki! bakkon street	c_totsugekibakkonstreet
K	x:totsugeki! bakkon street ii - hunting roulette	c_totsugekibakkonstreet2huntingroulette
K	x:touch my heart	touchhrt
K	x:touch my heart (japan)	touchhrt
K	x:touch the music by casiopea	touchmus
K	x:touch the music by casiopea (japan)	touchmus
K	x:touch_the_music_key_disk	touchmus
K	x:toudou ryuunosuke tantei nikki - ougon no rashinban - shouyoumaru san francisco kouro satsujin jiken	ougonras
K	x:toudou ryuunosuke tantei nikki - ougon no rashinban - shouyoumaru san francisco kouro satsujin jiken (japan)	ougonras
K	x:toudou ryuunosuke tantei nikki – ougon no rashinban	ougonras
K	x:tougenkyou	togenkyo
K	x:tougenkyou (japan)	togenkyo
K	x:toushin toshi (1990-12-07)	toshintoo
K	x:toushin toshi (1990-12-10)	toshinto
K	x:toushin toshi ii (1995-04-26)	toshin2o
K	x:toushin toshi ii (1996-06-26)	toshin2
K	x:toushin toshi ii (japan)	toshin2o
K	x:toushin toshi ii - soshite, sorekara...	toshin2s
K	x:toushin toshi ii - soshite, sorekara... (japan)	toshin2s
K	x:toushin_toshi_1990-12-07_disk_a	toshintoo
K	x:toushin_toshi_1990-12-07_disk_e	toshintoo
K	x:toushin_toshi_1990-12-10_disk_a	toshinto
K	x:toushin_toshi_1990-12-10_disk_e	toshinto
K	x:toushin_toshi_disk_b	toshinto
K	x:toushin_toshi_disk_c	toshinto
K	x:toushin_toshi_disk_d	toshinto
K	x:toushin_toshi_disk_f	toshinto
K	x:toushin_toshi_disk_g	toshinto
K	x:tower of flame, the	c_towerofflame
K	x:tower of treasure, the (宝の塔)	c_toweroftreasure
K	x:towns chiri - jigsaw world	jigwld
K	x:towns chiri - jigsaw world (japan)	jigwld
K	x:towns drill - shougaku sansuu series - sansuu 1-nen (townsgear v2.1 version)	drill1
K	x:towns drill - shougaku sansuu series - sansuu 4-nen (townsgear v2.1 version)	drill4
K	x:towns drill - shougaku sansuu series - sansuu 5-nen (townsgear v2.1 version)	drill5
K	x:towns graph (v2.1 l10)	tgraph
K	x:towns graph v2.1 l10 (japan)	tgraph
K	x:towns hyakunin isshu	100isshu
K	x:towns hyper chiiku ehon - nihon mukashi banashi ii - omusubi kororin & usagi to kame (japan)	nihonmb2
K	x:towns hyper chiiku ehon - nihon mukashi banashi vol. 1 - momotarou & saru toka ni (japan)	nihonmb1
K	x:towns hyper chiiku ehon - nihon mukashi banashi vol. 3 - issunboushi & kobutori jiisan (japan)	nihonmb3
K	x:towns hyper chiiku ehon - nihon mukashi banashi vol. 4 - tsuru no ongaeshi & kachi kachi yama (japan)	nihonmb4
K	x:towns hyper chiiku ehon - nihon mukashi banashi vol. 5 - kintarou & hanasaka jiisan (japan)	nihonmb5
K	x:towns hyper chiiku ehon - nihon mukashibanashi ii - omusubi kororin / usagi to kame	nihonmb2
K	x:towns hyper chiiku ehon - nihon mukashibanashi vol. 1 - momotarou / saru toka ni	nihonmb1
K	x:towns hyper chiiku ehon - nihon mukashibanashi vol. 3 - issunboushi / kobutori jiisan	nihonmb3
K	x:towns hyper chiiku ehon - nihon mukashibanashi vol. 4 - tsuru no ongaeshi / kachi kachi yama	nihonmb4
K	x:towns hyper chiiku ehon - nihon mukashibanashi vol. 5 - kintarou / hanasaka jiisan	nihonmb5
K	x:towns hyper chiiku ehon – nihon mukashi banshi vol 1	nihonmb1
K	x:towns hyper chiiku ehon – nihon mukashi banshi vol 2	nihonmb2
K	x:towns hyper chiiku ehon – nihon mukashi banshi vol 3	nihonmb3
K	x:towns hyper chiiku ehon – nihon mukashi banshi vol 4	nihonmb4
K	x:towns hyper chiiku ehon – nihon mukashi banshi vol 5	nihonmb5
K	x:towns hyper ehon - maerchen toshokan grimm douwa - grimm maerchen - akazukin (japan)	grimmaka
K	x:towns hyper ehon - maerchen toshokan grimm douwa vol. 3 - grimm maerchen - ookami to nana-hiki koyagi (japan)	grimmook
K	x:towns hyper ehon - maerchen toshokan grimm douwa vol. 4 - grimm maerchen - ibara-hime (nemuri-hime) (japan)	grimmiba
K	x:towns hyper ehon vii - sekai no ohanashi - alice in wonderland / ali baba and forty thieves	sekohan
K	x:towns hyper ehon vii - sekai no ohanashi - hyper talking book vii - alice in wonderland & ali baba and forty thieves (japan)	sekohan
K	x:towns hyper ehon vii – sekai no ohanashi	sekohan
K	x:towns hyper ehon – grimm marchen – akazukin	c_townshyperehongrimmmarchenakazukin
K	x:towns hyper ehon – grimm marchen – bremen no ongakutai	c_townshyperehongrimmmarchenbremennoongaku
K	x:towns hyper ehon – grimm marchen – vol 3	c_townshyperehongrimmmarchenvol3
K	x:towns hyper ehon – grimm marchen – vol 4	c_townshyperehongrimmmarchenvol4
K	x:towns karaoke v1.1l10	tkaraoke
K	x:towns magazine	townsmg1
K	x:towns magazine for school vol. 3	townsmgs3
K	x:towns magazine for school vol. 5	townsmgs5
K	x:towns magazine vol. 2	townsmg2
K	x:towns magazine vol. 3	townsmg3
K	x:towns paint (v1.1 l10)	tpaint21
K	x:towns paint ii (v1.1 l10)	tpaintii
K	x:towns paint ii v1.1 l10 (japan)	tpaintii
K	x:towns paint v1.1 l21 (japan)	tpaint21
K	x:towns paint v1.1 l22 (japan)	tpaint
K	x:towns paint v1.1l10 (japan)	tpaint10
K	x:towns paint v1.1l20 (japan)	tpaint20
K	x:towns sound (v1.1 l10)	tsound2110
K	x:towns sound v1.1 l10 (japan)	tsound1110
K	x:towns sound v1.1l20 (japan)	tsound1120
K	x:towns sound v2.1 l10 (japan)	tsound2110
K	x:towns system software (v1.1 l10)	c_townssystemsoftware
K	x:towns system software (v1.1 l10) (rev a)	c_townssystemsoftware
K	x:towns system software (v1.1 l20)	c_townssystemsoftware
K	x:towns system software (v1.1 l30)	c_townssystemsoftware
K	x:towns system software (v2.1 l10) (rev a)	c_townssystemsoftware
K	x:towns system software (v2.1 l20)	c_townssystemsoftware
K	x:towns system software (v2.1 l30) (rev a)	c_townssystemsoftware
K	x:towns system software (v2.1 l31)	c_townssystemsoftware
K	x:towns system software (v2.1 l40)	c_townssystemsoftware
K	x:towns system software (v2.1 l50) (rev a)	c_townssystemsoftware
K	x:towns system software (v2.1 l51)	c_townssystemsoftware
K	x:towns system software v1.1 l10	tss1110
K	x:towns system software v1.1 l10 (japan) (rev a)	tss1110b
K	x:towns system software v1.1 l10b	tss1110b
K	x:towns system software v1.1 l20	tss1120
K	x:towns system software v1.1 l20 (japan)	tss1120
K	x:towns system software v1.1 l20 english	tssl20
K	x:towns system software v1.1 l20 english (alt disk 2)	tssl20a
K	x:towns system software v1.1 l30	tss1130
K	x:towns system software v1.1l10 (japan)	tss1110
K	x:towns system software v1.1l30 (japan)	tss1130
K	x:towns system software v2.1 l10a	tss2110a
K	x:towns system software v2.1 l20	tss2120
K	x:towns system software v2.1 l20 (japan)	tss2120
K	x:towns system software v2.1 l30 (japan) (rev a)	tss2130a
K	x:towns system software v2.1 l30a	tss2130a
K	x:towns system software v2.1 l31	tss2131
K	x:towns system software v2.1 l31 (japan)	tss2131
K	x:towns system software v2.1 l40	tss2140
K	x:towns system software v2.1 l40 (japan)	tss2140
K	x:towns system software v2.1 l50 (japan) (rev a)	tss2150a
K	x:towns system software v2.1 l50a	tss2150a
K	x:towns system software v2.1 l51	tss2151
K	x:towns system software v2.1l10 (japan) (rev a)	tss2110a
K	x:towns system software v2.1l51 (japan)	tss2151
K	x:towns vnet (v1.1 l10)	townsvn1110
K	x:towns vnet v1.1 l10	townsvn1110
K	x:towns vnet v1.1 l10 (japan)	townsvn1110
K	x:towns vnet v1.1 l20	townsvn
K	x:towns vnet v1.1 l20 (japan)	townsvn
K	x:towns-telop	telop
K	x:towns-telop (japan)	telop
K	x:towns_drill_shougaku_sansuu_1-nen_gear_v2.1	drill1
K	x:towns_drill_shougaku_sansuu_4-nen_gear_v2.1	drill4
K	x:towns_drill_shougaku_sansuu_5-nen_gear_v2.1	drill5
K	x:townsfullcolor (v2.1 l10)	tfcolor
K	x:townsfullcolor v2.1 l10	tfcolor
K	x:townsfullcolor v2.1 l10 (japan)	tfcolor
K	x:townsgraph v2.1 l10	tgraph
K	x:townskaraoke	tkaraoke
K	x:townsmagazine (japan)	townsmg1
K	x:townsmagazine for school vol 1	c_townsmagazineforschoolvol1
K	x:townsmagazine for school vol 2	c_townsmagazineforschoolvol2
K	x:townsmagazine for school vol 4	c_townsmagazineforschoolvol4
K	x:townsmagazine for school vol. 3 (japan)	townsmgs3
K	x:townsmagazine for school vol. 5 (japan)	townsmgs5
K	x:townsmagazine vol 1	c_townsmagazinevol1
K	x:townsmagazine vol 2 no 1	c_townsmagazinevol2no1
K	x:townsmagazine vol 2 no 2	c_townsmagazinevol2no2
K	x:townsmagazine vol 3 no 1	c_townsmagazinevol3no1
K	x:townsmagazine vol 3 no 2	c_townsmagazinevol3no2
K	x:townsmagazine vol. 2 (no. 1) (japan)	townsmg2
K	x:townsmagazine vol. 2 (no. 2) (japan)	townsmg2
K	x:townsmagazine vol. 3 (no. 1) (japan)	townsmg3
K	x:townsmagazine vol. 3 (no. 2) (japan)	townsmg3
K	x:townspaint ii v1.1 l10	tpaintii
K	x:townspaint v1.1 l10	tpaint10
K	x:townspaint v1.1 l20	tpaint20
K	x:townspaint v1.1 l21	tpaint21
K	x:townspaint v1.1 l22	tpaint
K	x:townssound v1.1 l10	tsound1110
K	x:townssound v1.1 l20	tsound1120
K	x:townssound v2.1 l10	tsound2110
K	x:townstelopv100	telop
K	x:townsカラオケ v1.1l10	tkaraoke
K	x:traffic confusion	trafconf
K	x:traffic confusion (system disk)	trafconf
K	x:traffic confusion (user disk)	trafconf
K	x:treeclub	c_treeclub
K	x:trigger	trigger
K	x:trigger (japan)	trigger
K	x:trigger 2	trigger2
K	x:trigger 2 (japan)	trigger2
K	x:tropical island	c_tropicalisland
K	x:true heart	truheart
K	x:true heart (alt)	truhearta
K	x:true heart (japan)	truheart
K	x:true heart (japan) (alt)	truhearta
K	x:true_heart_disk_a	truheart
K	x:tunnels & trolls - crusaders of khazan (japan)	tuntroll
K	x:tunnels & trolls crusaders of khazar	tuntroll
K	x:tunnels & trolls: crusaders of khazan	tuntroll
K	x:turbo out run	toutrun
K	x:turbo outrun (japan)	toutrun
K	x:twin cobra (kyukyoku tiger) (cold boot fix)	p_ktiger_coldboot
K	x:two shot diary	2shot
K	x:two shot diary (japan)	2shot
K	x:uchuu kaitou funny bee	funnybee
K	x:uchuu kaitou funny bee (boot disk)	funnybee
K	x:uchuu kaitou funny bee (japan)	funnybee
K	x:ultima iv - quest of the avatar	ultima4
K	x:ultima iv - quest of the avatar (japan)	ultima4
K	x:ultima trilogy - 1-3	ultimatr
K	x:ultima trilogy - i, ii, iii (japan)	ultimatr
K	x:ultima trilogy i-ii-iii	ultimatr
K	x:ultima underworld - the stygian abyss	ultuw
K	x:ultima underworld - the stygian abyss (japan)	ultuw
K	x:ultima underworld ii - labyrinth of worlds	ultuw2
K	x:ultima underworld ii - labyrinth of worlds (japan)	ultuw2
K	x:ultima v - warriors of destiny	ultima5
K	x:ultima v - warriors of destiny (japan)	ultima5
K	x:ultima vi - the false prophet	ultima6
K	x:ultima vi - the false prophet (japan)	ultima6
K	x:urgent mission	c_urgentmission
K	x:urm - m15 wakusei ni umarete	urm
K	x:urm - m15 wakusei ni umarete (japan)	urm
K	x:urusei yatsura cg vol. 3	c_uruseiyatsuracgvol3
K	x:ushinawareta rakuen	ushinawa
K	x:ushinawareta rakuen (disk a)	ushinawa
K	x:ushinawareta rakuen (disk b)	ushinawa
K	x:ushinawareta rakuen (disk c)	ushinawa
K	x:ushinawareta rakuen (disk d)	ushinawa
K	x:ushinawareta rakuen (disk e)	ushinawa
K	x:uwaki na anata (boot disk)	uwaki
K	x:uwaki na anata - switch o irete	uwaki
K	x:uwaki na anata - switch o irete (japan)	uwaki
K	x:vacation life	c_vacationlife
K	x:vain dream	vaindrem
K	x:vain dream (japan)	vaindrem
K	x:vain dream (system disk)	vaindrem
K	x:vain dream ii	vaindrm2
K	x:vain dream ii (japan)	vaindrm2
K	x:vain dream ii (system disk)	vaindrm2
K	x:vampire high school	vamphigh
K	x:vampire high school (japan)	vamphigh
K	x:vanishing point - tenshi no kieta machi	vanpoint
K	x:vanishing point - tenshi no kieta machi (japan)	vanpoint
K	x:vastness - kuukyo no ikenie-tachi	vastness
K	x:vastness - kuukyo no ikenie-tachi (japan)	vastness
K	x:veil of darkness - norowareta yogen	veildark
K	x:veil of darkness - norowareta yogen (japan)	veildark
K	x:video koubou (v1.3 l10)	vkoubou1310
K	x:video koubou v1.3 l10	vkoubou1310
K	x:video koubou v1.3l10 (japan)	vkoubou1310
K	x:video koubou v1.4 l10	vkoubou
K	x:video koubou v1.4l10 (japan)	vkoubou
K	x:videokoubou_systemdisk	vkoubou1310
K	x:viewpoint	viewpoin
K	x:viewpoint (captainys cd boot loader patch)	p_viewpoin_ys
K	x:viewpoint (japan)	viewpoin
K	x:viewpoint demonstration no. 1	viewpoid
K	x:ving	vingsoft
K	x:ving soft collection	vingsoft
K	x:viper gts	vipergts
K	x:viper gts (japan)	vipergts
K	x:viper gts - turbo rs	vipergts
K	x:viper-v10 turbo rs	viperv10
K	x:viper-v10 turbo rs (japan)	viperv10
K	x:viper-v12 rs	viperv12
K	x:viper-v12 rs (japan)	viperv12
K	x:viper-v6 turbo rs	viperv6
K	x:viper-v6 turbo rs (japan)	viperv6
K	x:viper-v8 turbo rs	viperv8
K	x:viper-v8 turbo rs (japan)	viperv8
K	x:viper_gts	vipergts
K	x:virgin angel	c_virginangel
K	x:virtuacall	vircall
K	x:virtuacall (disk a)	vircall
K	x:virtuacall (japan)	vircall
K	x:virtuacall 2	vircall2
K	x:virtuacall 2 (japan)	vircall2
K	x:virtuacall 2 (japan) (disk a)	vircall2
K	x:visitor, the (japan)	visitor
K	x:volfied	volfied
K	x:volfied (japan)	volfied
K	x:volified	volfied
K	x:volpheed (doujin) (cd-rom conversion)	p_volpheed_cd
K	x:vorious (バリアス)	c_vorious
K	x:vp_demo	viewpoid
K	x:vz editor 1.6 with atok 7	vzedit
K	x:w w - words worth (japan)	wordwort
K	x:wagaya no benrichou vol 1	c_wagayanobenrichouvol1
K	x:wakoku seiha den	wakoku
K	x:wakoku seihaden (japan)	wakoku
K	x:wedding errantry - gyakutama ou	wedderra
K	x:wedding errantry - gyakutama ou (disk a)	wedderra
K	x:wedding errantry - gyakutama ou (disk b)	wedderra
K	x:wedding errantry - gyakutama ou (disk c)	wedderra
K	x:wedding errantry - gyakutama ou (disk d)	wedderra
K	x:wedding errantry - gyakutama ou (disk e)	wedderra
K	x:wedding errantry - gyakutama ou (disk f)	wedderra
K	x:welcome to fm towns (1994-09-29)	weltownso
K	x:welcome to fm towns (1994-12-19)	weltowns
K	x:welcome to fm towns 1 (japan) (green disc)	weltowns
K	x:welcome to fm towns 1 (japan) (red disc)	weltownso
K	x:where in the world is carmen sandiego carmen sandiego o oe sekai-hen (japan) (en,ja)	carmnwld
K	x:where in the world is carmen sandiego?	carmnwld
K	x:where in the world is carmen sandiego? deluxe edition	carmnwld
K	x:windows_3.0_mme_1.0l20	win30
K	x:wing commander	wingcomm
K	x:wing commander (alt)	wingcomma
K	x:wing commander (auto-boot)	p_wingcomm_auto
K	x:wing commander (japan)	wingcomm
K	x:wing commander (japan) (en,ja) (alt)	wingcomma
K	x:wing commander - armada (japan)	wingcmar
K	x:wing commander - the secret missions & the secret missions 2 - crusade	wingscrt
K	x:wing commander - the secret missions & the secret missions 2 - crusade (japan)	wingscrt
K	x:wing commander - the secret missions 1 & 2	wingscrt
K	x:wing commander armada	wingcmar
K	x:wing commander ii - vengeance of the kilrathi	wingcom2
K	x:wing commander ii - vengeance of the kilrathi - special operations 1 & special operations 2	wingcom2
K	x:wing commander ii - vengeance of the kilrathi - special operations 1 & special operations 2 (japan)	wingcom2
K	x:winning post	winpost
K	x:winning post (japan)	winpost
K	x:winning_post	winpost
K	x:wizardry - bane of the cosmic forge	wizardr6
K	x:wizardry - bane of the cosmic forge (japan)	wizardr6
K	x:wizardry - crusaders of the dark savant	wizardr7
K	x:wizardry - crusaders of the dark savant (japan)	wizardr7
K	x:wizardry 7 - crusaders of the dark savant	wizardr7
K	x:wizardry v - heart of the maelstrom	wizardr5
K	x:wizardry v - heart of the maelstrom (japan)	wizardr5
K	x:wizardry v - heart of the maelstrom (user disk)	wizardr5
K	x:wizardry vi - bane of the cosmic forge (user disk)	wizardr6
K	x:wolfenstein 3d (cd-rom conversion) (2mb ram version)	p_wolf3d_cd2m
K	x:wolfenstein 3d (cd-rom conversion) (4mb ram version)	p_wolf3d_cd4m
K	x:woman's memory	womanmem
K	x:woman's memory (japan)	womanmem
K	x:wonpara wars	wonpara
K	x:wonpara wars (japan)	wonpara
K	x:wonpara wars ii	wonpara2
K	x:wonpara wars ii (japan)	wonpara2
K	x:words worth	wordwort
K	x:words worth special disk	wordwortsp
K	x:words_worth_specialdisk_a	wordwortsp
K	x:words_worth_specialdisk_b	wordwortsp
K	x:world fantasy (doujin) (cd-rom conversion)	p_worldfant_cd
K	x:wrestle angels	wang
K	x:wrestle angels (disk a)	wang
K	x:wrestle angels (disk b)	wang
K	x:wrestle angels (disk c)	wang
K	x:wrestle angels (disk d)	wang
K	x:wrestle angels 2	wang2
K	x:wrestle angels 2 (alt)	wang2a
K	x:wrestle angels 2 (disk a)	wang2
K	x:wrestle angels 2 (disk a) [alt 1]	wang2a
K	x:wrestle angels 2 (disk b)	wang2
K	x:wrestle angels 2 (disk b) [alt 1]	wang2a
K	x:wrestle angels 2 (disk c)	wang2
K	x:wrestle angels 2 (disk c) [alt 1]	wang2a
K	x:wrestle angels 2 (disk d)	wang2
K	x:wrestle angels 2 (disk e)	wang2
K	x:wrestle angels 2 - top eventer	wang2a
K	x:wrestle angels 3 (save disk)	wang3
K	x:wrestle angels 3 - mezasu wa saikyou dantai (japan)	wang3
K	x:wrestle angels 3 - mezasu wa saikyou dantai!	wang3
K	x:wrestle angels special	wangs
K	x:wrestle angels special (japan)	wangs
K	x:wrestle angels special (user disk)	wangs
K	x:wrestle angels special - mou hitori no top eventer	wangs
K	x:wyatt_demo	wyattd
K	x:xak ii - rising of the redmoon	xak2
K	x:xak ii - rising of the redmoon (japan)	xak2
K	x:xak iii - the eternal recurrence	xak3
K	x:xak iii - the eternal recurrence (japan)	xak3
K	x:xenon - mugen no shitai	xenon
K	x:xenon - mugen no shitai (japan)	xenon
K	x:xenon ～夢幻の肢体～	xenon
K	x:yacht man, the (japan)	yachtman
K	x:yajiuma pennant race 2	yajipr2
K	x:yajiuma_pennant_race2_disk_a	yajipr2
K	x:yajiuma_pennant_race2_disk_b	yajipr2
K	x:yajiuma_pennant_race2_disk_c	yajipr2
K	x:yajiuma_pennant_race2_disk_d	yajipr2
K	x:yajiuma_pennant_race2_disk_e	yajipr2
K	x:yakata (館)	c_yakata
K	x:yamane no sumu mori	yamane
K	x:yamane no sumu mori (japan)	yamane
K	x:yami no ketsuzoku special (utility disk)	yamikets
K	x:yami no ketsuzoku special - the predestined homicides	yamikets
K	x:yami no ketsuzoku special - the predestined homicides (japan)	yamikets
K	x:yaminabe dx	c_yaminabedx
K	x:yayoi umino presents private slave (japan)	prvslave
K	x:yes hg - erotic voice version (japan)	yeshg
K	x:yes! hg - erotic voice version	yeshg
K	x:yoku wakaru sansuu - shougaku 2-nen	ywsansu2
K	x:yoku_wakaru_sansuu_shougaku_2-nen_disk_1	ywsansu2
K	x:yoku_wakaru_sansuu_shougaku_2-nen_disk_2	ywsansu2
K	x:you suzume – part 1	c_yousuzumepart1
K	x:you-jong part i	youjong
K	x:youjong_part1	youjong
K	x:youjuu club custom	yojuclub
K	x:youjuu senki - a. d. 2048 (japan)	yojusenk
K	x:youjuu senki - a.d. 2048	yojusenk
K	x:youjuu senki 2 - reimei no senshi-tachi	yojusen2
K	x:youjuu senki 2 - reimei no senshi-tachi (japan)	yojusen2
K	x:youjuu_club_custom_disk_a	yojuclub
K	x:youjuu_club_custom_disk_b	yojuclub
K	x:youjuu_club_custom_disk_c	yojuclub
K	x:yubiwa monogatari daiikkan - tabi no nakama (japan)	lotr1
K	x:yubiwa monogatari dainikan - futatsu no tou (japan)	lotr2
K	x:yuka watanabe & tomo kawai - pleasure	pleasure
K	x:yuka watanabe & tomo kawai - pleasure (japan)	pleasure
K	x:yuka watanabe / tomo kawai for janis – pleasure	pleasure
K	x:yumeutsutsu - dreamy	dreamy
K	x:yumeutsutsu - dreamy (japan)	dreamy
K	x:yumimi mix	yumimimx
K	x:yumimi mix (japan)	yumimimx
K	x:yuuwaku	yuuwaku
K	x:yuuwaku (japan)	yuuwaku
K	x:yuuwaku (user disk)	yuuwaku
K	x:z's staff pro towns	zstaff
K	x:z's staff pro towns (japan)	zstaff
K	x:z's triphony digitalcraft towns (hmb-212)	ztdco
K	x:z's triphony digitalcraft towns (hmb-212a)	ztdc
K	x:z's triphony digitalcraft towns (japan)	ztdco
K	x:z's triphony digitalcraft towns (japan) (rev a)	ztdc
K	x:zak mckracken and the alien mindbenders (hmb-218)	zako
K	x:zak mckracken and the alien mindbenders (hmb-218a)	zak
K	x:zak mckracken and the alien mindbenders (japan) (en,ja)	zako
K	x:zak mckracken and the alien mindbenders (japan) (en,ja) (rev a)	zak
K	x:zan ii - towns special (1992-03-19)	zan2o
K	x:zan ii - towns special (1992-04-23)	zan2
K	x:zan ii - towns special (japan)	zan2
K	x:zan ii towns special (user disk) (1992-03-19)	zan2o
K	x:zan ii towns special (user disk) (1992-04-23)	zan2
K	x:zan iii - ten'un ware ni ari	zan3
K	x:zan iii - ten'un ware ni ari - towns special (japan)	zan3
K	x:zan iii - towns special	c_zan3townsspecial
K	x:zan3 system disk	zan3
K	x:zatsuon ryouiki	zatsuon
K	x:zatsuon ryouiki (japan)	zatsuon
K	x:zen nihon bishoujo mahjong senshuken taikai - heart de ron (japan)	heartron
K	x:zen nihon bishoujo mahjong senshuken taikai - heart de ron!!	heartron
K	x:zen nihon bishoujo mahjong senshuuken taikai - heart de ron!!	heartron
K	x:zenith	zenith
K	x:zenshi)	c_zenshi
K	x:zoku dungeon master - chaos no gyakushuu	zokudm
K	x:zoku youjuu senki - suna no mokushiroku	zyojusen
K	x:zoku youjuu senki - suna no mokushiroku (japan)	zyojusen
K	x:zurukamashi_jisho_disk	zurukama
K	x:zurukamashi_jisho_disk_junior	zurujr
K	x:zurukamashi_system_disk	zurukama
K	x:’９４年　ナイス・ギャル　夏の総決算	94nicegal
K	x:″メディッコ″とあそぼう　～かず・かたち・りょう～	medicco
K	x:【テクノストレス予防法シリーズ】　ストレス	stress
K	x:【テクノストレス予防法シリーズ】　疲労	hirou
K	x:【テクノストレス予防法シリーズ】　鎮静	chinsei
K	x:あすか 120% burning fest.	asuka120
K	x:あすか 120% burning fest. エクセレント	asu120ex
K	x:あぶないてんぐ伝説	abunaten
K	x:あゆみちゃん物語	ayumi
K	x:あゆみちゃん物語 実写版	ayumijb
K	x:あゆみちゃん物語ヒントディスク	ayumihint
K	x:いい旅いい味ご案内　〈ふるさと小包＆かんぽの宿〉　平成元年度版	iitabi
K	x:えほんらいた　電子絵本　イソップワールド　第１集	aesop1
K	x:えほんらいたー	ehonwrit1110
K	x:えほんらいたー school	ehonwrit
K	x:おしえて ぬーぼー	noobow
K	x:おしゃれクッキング	oshacook
K	x:おしゃれクッキングii	oshacoo2
K	x:おしゃれ倶楽部	oshaclub
K	x:おばあちゃんの知恵袋	obaachan
K	x:お気楽　ＴｏｗｎｓＧＥＡＲ	okitgear
K	x:かんじのえほん	knjehon
K	x:かんじのえほん２	knjehon2
K	x:きゃんきゃんバニー・エクストラ	cancanbx
K	x:きゃんきゃんバニー・プルミエール	cancanbp
K	x:くぁずる	quazzle
K	x:くすり指の教科書	kusuriyu
K	x:けろけろけろっぴとおりがみのたびびと	keroppi
K	x:ここは楽園荘	kokoraku
K	x:ここは楽園荘2	kokorak2
K	x:ことばあそび　ＣＤＶＩＥＷ　ＨｉＰ　ＣＡＴＣＨ	hipcatch
K	x:さよならの向こう側	sayonara
K	x:そけゆけナンパくん	sorenanp
K	x:それいけ！アンパンマン たのしいえいごあそび	anpanman
K	x:それゆけ！ダイビング	diving
K	x:どきどきディスクＣＤ版　第１巻　クラブＤ．Ｏ．事務局	dokidok1
K	x:どきどきディスクＣＤ版　Ｃｌｕｂ　Ｄ．Ｏ．　ｖｏｌ．２	dokidok2
K	x:どきどきディスクＣＤ版　Ｃｌｕｂ　Ｄ．Ｏ．　ｖｏｌ．３	dokidok3
K	x:なる麻雀	narumj
K	x:はじめての旅行英会話	hajiryoei
K	x:はっちゃけあやよさん 1-2-3	ayayo123
K	x:はっちゃけあやよさんⅣ　～セクシー・オリンピック～	ayayo4
K	x:ばう	bau
K	x:ぱらＰＡＲＡ　パラダイス	parapara
K	x:ぱらＰＡＲＡ　パラダイス　あっぷでーとディスク	paraparau
K	x:ひらがなのえほん	hiraehon
K	x:ぴょこたんのちえあそび絵本　なぞなぞめいろ大ぼうけん	pyokotan
K	x:ふしぎの海のナディア	nadia
K	x:ぷよぷよ	puyopuyo
K	x:ぷりんせすでんじゃあ	prindang
K	x:ぷろすちゅーでんとg	prostudg
K	x:まなみのどこまでイクの? 2 リターン オブ the 黒パック	manadoko2
K	x:みさとちゃんの夢日記	misato
K	x:やじうまペナントレース２	yajipr2
K	x:ゆみみみっくす	yumimimx
K	x:よくわかる算数　小学２年	ywsansu2
K	x:アイドル プロジェクト	idolproj
K	x:アイ・オブ・ザ・ビホルダー2 ザ・レジェンド・オブ・ダークムーン	eyebeho2
K	x:アジャ	azure
K	x:アドバンテージテニス	adtennis
K	x:アフターバーナー	aburner
K	x:アフターバーナーiii	aburner3
K	x:アマランスiii	amarant3
K	x:アメリカ横断ウルトラクイズ	amoudan
K	x:アリスの館2	alice2
K	x:アリスの館3	alice3
K	x:アリスの館cd	alice
K	x:アルキルフォス	arquelph
K	x:アルシャーク	alshark
K	x:アローン・イン・ザ・ダーク	aitd
K	x:アローン・イン・ザ・ダーク2	aitd2
K	x:アンの夢の国	anneyume
K	x:ア・ラ・ベ・ス・ク ～少女たちの織りなす愛の物語～	arabesq
K	x:イフ	if
K	x:イフ2	if2
K	x:イフ3	if3
K	x:イマージュ	image
K	x:イメージファイト	imgfight
K	x:イラスト百科　～山下秀樹のいきいきカット集～	ilhyakka
K	x:イリウム	irium
K	x:イリュージョンＣＧコレクション　Ｖｏｌ．１　柔肌美少女	yawahada
K	x:インクレディブル・マシーン	tim
K	x:インディ・ジョーンズ　～アトランティスの運命～	indy4
K	x:インフェステーション 沈黙の惑星	infest
K	x:イーリス亭小夜曲	iris
K	x:ウィング・コマンダー シークレット・ミッション	wingscrt
K	x:ウィング・コマンダーii	wingcom2
K	x:ウイングコマンダー	wingcomm
K	x:ウイングコマンダーアルマダ	wingcmar
K	x:ウエディング・エラントリー 逆玉王	wedderra
K	x:ウルティマiv quest of the avatar	ultima4
K	x:ウルティマv warriors of destiny	ultima5
K	x:ウルティマvi 偽りの予言者	ultima6
K	x:ウルティマアンダーワールド	ultuw
K	x:ウルティマアンダーワールド2	ultuw2
K	x:ウルティマトリロジー Ⅰ・Ⅱ・Ⅲ	ultimatr
K	x:ウーマンズ・メモリ	womanmem
K	x:エアマネジメント 大空に賭ける	airmanag
K	x:エアーコンバット2スペシャル	aircmb2s
K	x:エイト・レイクス　ゴルフ　クラブ	3dgolfel
K	x:エイミーと呼ばないでっ	eimmy
K	x:エクセレント10	excel10
K	x:エターナム	aeternam
K	x:エミット vol. 1 時の迷子	emit1
K	x:エミット vol. 2 命がけの旅	emit2
K	x:エミット vol. 3 私にさよならを	emit3
K	x:エメラルド・ドラゴン	emeraldd
K	x:エル	elle
K	x:エルムナイト	elmknigt
K	x:エル・フィッシュ	elfish
K	x:エル・フィッシュ lite	elfishlt
K	x:エンゲージ・エランズⅡ　～光輝を担うもの～	engerrn2
K	x:エンゲージ・エランズ　～魅惑の使徒たち～	engerrnd
K	x:エンジェル	angel
K	x:エンジェル・ハイロウ	anghalo
K	x:エヴォリューション	evolutn
K	x:オペレーション・ウルフ	opwolf
K	x:オート・デモ’９３冬	autodm93
K	x:カスタム・メイト／電話のベルが…	cm1denwa
K	x:カスタム・メイト２／いつかどこかで	cm2itsuk
K	x:カスタリア	kastalia
K	x:カタカナのえほん	kataehon
K	x:カルメン・サンディエゴを探せ! -世界編-	carmnwld
K	x:カース	curse
K	x:ガジェット	gadget
K	x:ガンブレイズ	gunblaze
K	x:キャッスルズ	castles
K	x:キャッスルズⅡ　～ブルターニュ統一戦記～	castles2
K	x:キャッツ・パート１	catsp1
K	x:キャメルトライ	cameltry
K	x:キャルⅢ　完結編	cal3
K	x:キランディア2 運命の手	kyrand2
K	x:キングス バウンティ 盗まれた秩序	kbounty
K	x:ギャラクシーフォースii	gforce2
K	x:ギャンブラー　－Ｑｕｅｅｎ’ｓ　Ｃｕｐ－	queencup
K	x:クイズ番長	quizban
K	x:クイーン・オブ・デュエリスト	tqod
K	x:クイーン・オブ・デュエリスト外伝＋外伝α	tqodga
K	x:クラウズ・オブ・ジーン	mightmg4
K	x:クラシック・ロード	classrod
K	x:クリスタルリナール －逢魔の迷宮－	crystalr
K	x:クレヨナージュ	crayonag
K	x:ゲーム日本史 ～天下人秀吉と家康～	nihonshi2
K	x:ゲーム日本史 ～革命児織田信長～	nihonshi1
K	x:コラムス	columns
K	x:コレクターＤ	collecd
K	x:コレクターＤ　番外編　極楽台西地区セールス大作戦	collecdb
K	x:コンピュータ図鑑　植物篇	czukan
K	x:ゴルビーのパイプライン大作戦	gorbypip
K	x:ゴルフ・リンクス３８６プロ	links386
K	x:ゴルフ・リンクス３８６プロ　チャンピオンコースＶＯＬ．１ マウナケア・ビーチ・ゴルフ・コース	links386cc1
K	x:ゴルフ・リンクス３８６プロ　チャンピオンコースＶＯＬ．２ ファイアストン・カントリー・クラブ・サウス・コース	links386cc2
K	x:ゴルフ・リンクス３８６プロ　チャンピオンコースＶＯＬ．３ バンフ・スプリングス	links386cc3
K	x:ゴルフ・リンクス３８６プロ　チャンピオンコースＶＯＬ．４ インニスブルック・コッパーヘッド・コース	links386cc4
K	x:サイキック・ディテクティヴシリーズ・ファイナル　「ソリチュード（下巻）」	psydetf2
K	x:サイキック・ディテクティヴ・シリーズ　vol. 1　インビテーション	psydet1r
K	x:サイキック・ディテクティヴ・シリーズ　vol. 1　インビテーション　影からの招待状	psydet1
K	x:サイキック・ディテクティヴ・シリーズ　vol.2　メモリーズ	psydet2
K	x:サイキック・ディテクティヴ・シリーズ　vol.3　アヤ	psydet3
K	x:サイキック・ディテクティヴ・シリーズ　vol.4　オルゴール	psydet4
K	x:サイキック・ディテクティヴ・シリーズ　vol.5　ナイトメア	psydet5
K	x:サイキック・ディテクティヴ・シリーズ・ファイナル　「ソリチュード（上巻）」	psydetf1
K	x:サイバーシティ	cybrcity
K	x:サイバー・スカルプト	cybsculp
K	x:サイバー・モーションＶ１．０	cybrmotn
K	x:サイベリア	cyberia
K	x:サイレントメビウス	silentmb
K	x:サディスティック・ゲーマーズ　Ｐａｒｔ―３ ～テレフォンプレイ～	sgamers3
K	x:サディスティック・ゲーマーズ　Ｐａｒｔ―５ ～ブルセラ・プレイ～	sgamers5
K	x:サディスティック・ゲーマーズ・シンドローム　エピソードi	sgamerss1
K	x:サムライスピリッツ	sspirits
K	x:サルゴンⅤ	sargon5
K	x:サークii ライジング・オブ・ザ・レッドムーン	xak2
K	x:サークiii ジ・エターナル・リカーレンス	xak3
K	x:ザ・デート これで彼女はぼくのもの！	date
K	x:ザ・ホード	horde
K	x:ザ・ヨットマン	yachtman
K	x:シムアント	simant
K	x:シムアース	simearth
K	x:シムシティ	simcity
K	x:シムシティ2000	simcit2k
K	x:シムファーム	simfarm
K	x:シャドー・オブ・ザ・ビースト 魔性の掟	beast
K	x:シャドー・オブ・ザ・ビースト2 獣神の呪縛	beast2
K	x:シャムハト　－Ｔｈｅ　Ｈｏｌｙ　Ｃｉｒｃｌｅｔ－	shamhat
K	x:シャングリラ	shangrl
K	x:シャングリラ2	shangrl2
K	x:シャングリラ２　スペシャルディスク	shangrl2sp
K	x:シャーロックホームズの探偵講座	sherlock
K	x:シュヴァルツシルト	schwarzs
K	x:シュヴァルツシルト4 the cradle end	schwarz4
K	x:シューティングtowns	shooting
K	x:シンク	shinc
K	x:シンジケート	syndicat
K	x:ジェノサイド・スクウエア	genocsq
K	x:ジェラシー	jealousy
K	x:ジョシュア	joshua
K	x:ジ・アトラス	atlas
K	x:ジ・アトラスii	atlas2
K	x:ジーファイヴ	g5
K	x:スウィート・エンジェル	sweetang
K	x:スカベンジャー４	scav4
K	x:スコラ movie magazine 創刊号	scholar
K	x:スザク	suzaku
K	x:スタークルーザーii	scruisr2
K	x:スティーピア	steepia
K	x:スティーピア　ライト	steepialt
K	x:ストライク・コマンダー	strike
K	x:ストライク・コマンダーplus	strikpls
K	x:ストロングホールド ～皇帝の要塞～	strongh
K	x:スピーチ・トレーナー	speechtr
K	x:スプラッターハウス	splatth
K	x:スペースミュージアム	spacemus
K	x:スペースローグ	srogue
K	x:スライムは走る パート４ 改++) slime run part 4 revised ++ (	c_slimerunpart4revised
K	x:スーパーウルトラむっちんぷりぷりサイボーグマリリンＤＸ	maririndx
K	x:スーパーシューティングtowns	sshootin
K	x:スーパーストリートファイターii	ssf2
K	x:スーパーリアル麻雀pii＆piii	srmp23
K	x:スーパーリアル麻雀pii＆piii＋	srmp23p
K	x:スーパーリアル麻雀piv	srmp4
K	x:スーパー・オデッセイ＆電脳プラネタリウム	sodyssey
K	x:スーパー上海ドラゴンズアイ	sshangh
K	x:スーパー大戦略	supdaisn
K	x:センシャル・エンジェル	sensangl
K	x:センチュリオン	centur
K	x:ゼニス	zenith
K	x:ソフトでハードな物語	softhard
K	x:ソフトでハードな物語２	softhard2
K	x:ソフトウェアコンテスト入選作品集 1	softcon1
K	x:ソフトウェアコンテスト入選作品集 2	softcon2
K	x:ソフトウェアコンテスト入選作品集 3	softcon3
K	x:タイタン	titan
K	x:タイニィステップ cal外伝	caltiny
K	x:タイム・ストリッパー真子ちゃん	timestrp
K	x:タクティカル・タンク・コープスＤＸ	tankcpdx
K	x:タニア	tania
K	x:タンイオクレストⅡ tanyo crest ii 386 ( 386)	c_tanyocrest2386
K	x:タンイオクレストⅡ tanyo crest ii original ( original)	c_tanyocrest2original
K	x:ターボアウトラン	toutrun
K	x:ダイナソア	dinosaur
K	x:ダイナミック　イングリッシュ　２　（基礎）	dyneng2b
K	x:ダイナミック　イングリッシュ　３　（上級基礎）	dyneng3ub
K	x:ダイヤモンド・プレイヤーズ	diamondp
K	x:ダルク	dalk
K	x:ダンジョンマスター	dmaster
K	x:ダンジョンマスターii スカルキープ	dmaster2
K	x:ダーウィンズジレンマ	darwin
K	x:ダークサイド・オブ・ジーン	mightmg5
K	x:ダービースタリオン	dstall
K	x:ツー・ショット　Ｄｉａｒｙ	2shot
K	x:テラＴＯＷＮＳ	terra
K	x:テラＴＯＷＮＳⅡ	terra2
K	x:テーマ・パーク	themeprk
K	x:ディープ	deep
K	x:デザイア 背徳の螺旋	desire
K	x:デスブレイド	deathbrd
K	x:デッド・オブ・ザ・ブレイン　死霊の叫び	deadbrn
K	x:デビューします･･･ 中川裕子	debuts1
K	x:デビューします･･･２ 野上アキ	debuts2
K	x:デ・ファーナ	defana
K	x:デーモン・シティ	demoncit
K	x:トゥルー・ハート	truheart
K	x:トキオ 東京都第24区	tokio
K	x:トラフィックコンフュージョン	trafconf
K	x:トリガー	trigger
K	x:トリガー2	trigger2
K	x:トンネルズ＆トロールズ カザンの戦士たち	tuntroll
K	x:ドア	dor
K	x:ドア ～ＰＡＲＴ３～	dor3
K	x:ドラキュラ伯爵　「美少女たちの血のしたたり」	dracula
K	x:ドラゴンの秘宝 完結編 リニューアル版) dragon's treasure ii (revised) ( ii	c_dragonstreasure2
K	x:ドラゴンの秘宝 序章－戦神伝説－改変版) dragon's treasure prologue (	c_dragonstreasureprologue
K	x:ドラゴンショック	drgshock
K	x:ドラゴンスレイヤー 英雄伝説	dsloh
K	x:ドラゴンスレイヤー 英雄伝説ii	dsloh2
K	x:ドラゴンナイト4	dknight4
K	x:ドラゴンナイト4　スペシャルディスク	dknight4sp
K	x:ドラゴンナイトiii	dknight3
K	x:ドラゴンハーフ	draghalf
K	x:ドラゴン・オブ・フレイム	drgnflam
K	x:ドラッケン	drakkhen
K	x:ニコニコ	niko2
K	x:ニュージーランドストーリー	tnzs
K	x:ネクロノミコン	necronom
K	x:ネバー・ランド	nevrland
K	x:ノスタルジア１９０７	nost1907
K	x:ノ・ヴァ～魅入られた肢体	nova
K	x:ハイパー・アクアリウム　【海水編】	hypaquak
K	x:ハイパー・アクアリウム　【淡水編】	hypaquat
K	x:ハイパー・チャンネル　ＴＯＷＮＳ　ＴＶ	hypchttv
K	x:ハイパー・ドリーム	hypdream
K	x:ハイパー・フェティシズム	hfetish
K	x:ハイパー・プラネット四季ＶＯＬ．１	hyplanets1
K	x:ハイパー・プラネット四季ＶＯＬ．２	hyplanets2
K	x:ハイパー・プラネット四季ＶＯＬ．３	hyplanets3
K	x:ハイパー奥の細道	okuhoso
K	x:ハイパー英語学習システム　ＮＥＷ　ＣＲＯＷＮ　①	ncrown1
K	x:ハイパー英語学習システム　ＮＥＷ　ＣＲＯＷＮ　②	ncrown2
K	x:ハイパー英語学習システム　ＮＥＷ　ＴＯＴＡＬ　②	ntotal2
K	x:ハイライトＣＤ２０	highlt20
K	x:ハーフ・ムーンにかわるまで　～蘭宮涼の虹色玉手箱～	halfmoon
K	x:バイブル マスター	biblemas
K	x:バイブル マスター２	biblemas2
K	x:バトル	battle
K	x:バトル・チェス	batchess
K	x:バブルボブル	bublbobl
K	x:バンドくん	bandkun
K	x:バンパイアハイすくーる	vamphigh
K	x:バーチャコール	vircall
K	x:バードランドの子守唄	birdland
K	x:パズニック	puzznic
K	x:パソコンで楽しむ　山と地図　Ｖｏｌ．１	yamachiz
K	x:パラメデス	palamed
K	x:パワードール	powdoll
K	x:パワードール2	powdoll2
K	x:パワードール　Ｓ-ＰＲＥＭＩＵＭ　ＤＩＳＫ	powdollsp
K	x:パワーモンガー	pmonger
K	x:ヒーロー・オブ・ランス	herolanc
K	x:ビジター 訪問者	visitor
K	x:ビッグオナー	bighonor
K	x:ビデオ工房 v1.3 l10	vkoubou1310
K	x:ビデオ工房 v1.4 l10	vkoubou
K	x:ビューポイント	viewpoin
K	x:ビースト3	beast3
K	x:ファイナル・ブロー	finalb
K	x:フォボス	phobos
K	x:フォートレス	fortress
K	x:フラッシュバック	flashb
K	x:ブライ -上巻-	burai
K	x:ブライ -完結編-	burai2
K	x:ブランディア	blandia
K	x:ブランディッシュ	brandish
K	x:ブランマーカー	branmark
K	x:ブランマーカー２	branmar2
K	x:プライベート・スレイブ	prvslave
K	x:プラネッツ・エッジ	planedge
K	x:プリルラ	pulirula
K	x:プリンス・オブ・ペルシャ	ppersia
K	x:プリンス・オブ・ペルシャ2 ザ・シャドウ アンド ザ・フレーム	ppersia2
K	x:プリンセスメーカー２	prinmak2
K	x:プレイルーム	playroom
K	x:プレゼント２	present2
K	x:プレミアム	premium
K	x:プレミアム２	premium2
K	x:プロビデンツァ legenda la spada di alfa	provvdnz
K	x:プロフェッショナル麻雀悟空	pmjgoku
K	x:プロ野球ファミリー・スタジアム　９０年度　ペナント・レース版	famist90
K	x:ヘボリス	heboris
K	x:ベストプレーベースボール	bestplay
K	x:ベルズ・アベニュー vol.1	bellsav1
K	x:ベルズ・アベニュー vol.2	bellsav2
K	x:ベルズ・アベニュー vol.3	bellsav3
K	x:ボンバーマンぱにっくボンバー	panicbom
K	x:ポッキー／ポッキー２／ポニオン	pocky
K	x:ポニオン	ponyon
K	x:ポピュラス	populous
K	x:ポピュラス２　エキスパート	populous2
K	x:ポンカン	ponkan
K	x:マイクロコズム	mcosm
K	x:マイト＆マジックiii	mightmg3
K	x:マッスルボマー	mbomber
K	x:マッドストーカー	madstalk
K	x:マッドパラドックス	mparadox
K	x:マリアに捧げるバラード	bfmaria
K	x:マリオネット・マインド	marionetm
K	x:マリンフィルト	marineph
K	x:マンホール	manhole
K	x:マーダークラブＤＸ	mclubdx
K	x:マーブルマッドネス	marble
K	x:ミュージック・プロｖ１．３ （ＴＯＷＮＳ／ＭＩＤＩ音源版）	musicpro13m
K	x:ミュージック・プロｖ１．３ ＦＭ　ＴＯＷＮＳ　内蔵音源版	musicpro13
K	x:ミュージ郎　音楽教室　Ｖｅｒ．　２．０	ongakyou
K	x:ミラージュ	mirage
K	x:ミラージュ２ トリー×ニート×ローンの大冒険	mirage2
K	x:ミラーズ	mirrors
K	x:ムーンライト・エナジー	mlenergy
K	x:メガロマニア	megalo
K	x:メタルアイ	metaleye
K	x:メタルアイ2	metaley2
K	x:メタルアイ　スペシャルディスク	metaleyesp
K	x:メタルブレード	metalbld
K	x:メルヘン図書館　グリム童話　いばら姫（ねむり姫）	grimmiba
K	x:メルヘン図書館　グリム童話　オオカミと七ひきの子ヤギ	grimmook
K	x:メルヘン図書館　グリム童話　ブレーメンの音楽隊	grimmbre
K	x:メルヘン図書館　グリム童話　赤ずきん	grimmaka
K	x:メンゾベランザン 闇の紋章	menzober
K	x:モンキーアイランド	monkey
K	x:モンキーアイランド２ ～ル・チャックの逆襲～	monkey2
K	x:モンスタープラネット２２５５	mplanet
K	x:ヤマネの棲む森	yamane
K	x:ヨーロッパ戦線	eurosens
K	x:ライザンバー	rayxanbr
K	x:ライフ＆デス	lifendth
K	x:ライフ＆デスii	lifendt2
K	x:ラストサバイバー	lastsurv
K	x:ラスト・ハルマゲドン cdスペシャル	lastarmg
K	x:ランス 光をもとめて	rance
K	x:ランス4.1～お薬工場を救え！～	rance41
K	x:ランス4.2～エンジェル組～	rance42
K	x:ランス２ 反逆の少女たち	rance2
K	x:ランス２ヒントＤｉｓｋ	rance2hint
K	x:ランス４オプションＤＩＳＫ	rance4opt
K	x:ランズ オブ ロア	landlore
K	x:ランペルール	empereur
K	x:リターントゥゾーク	retzork
K	x:リビドー７	libido7
K	x:リブルラブル	libbler
K	x:リングアウト	ringout
K	x:リーディングカンパニー	leadingc
K	x:ルア	lua
K	x:ルナティックドーンii	ldawn2
K	x:ルパン三世-香港の魔手 「復讐は迷宮の果てに」	lupin3
K	x:レイラ	reira
K	x:レイルロードタイクーン	railtycn
K	x:レインボーアイランド extra	rbisland
K	x:レジェンド・オブ・キランディア	kyrandia
K	x:レジェンド・オブ・バロア ～豪勇の伝説～	lvalour
K	x:レジオナルパワー2	regpowr2
K	x:レタス・クッキング 365日、今日の一品	lettuce
K	x:レタス・クッキング 楽しく作れるおべんとう	lettuce2
K	x:レッサーメルン	lesserm
K	x:レッスル エンジェルス	wang
K	x:レッスル エンジェルス 2	wang2
K	x:レッスル エンジェルス 3 目指すは最強団体！	wang3
K	x:レッスル エンジェルス スペシャル	wangs
K	x:レミングス	lemmings
K	x:レミングス2 ザ・トライブス	lemming2
K	x:レモン・カクテル・コレクション	lemoncc
K	x:ロイヤル・ブラッド	royalbld
K	x:ロゴライター２	logowrt2
K	x:ロードス島戦記 灰色の魔女	lodoss
K	x:ロードス島戦記ii 五色の魔竜	lodoss2
K	x:ロードモナーク	lordmon
K	x:ワーズ・ワース	wordwort
K	x:ワーズ・ワース　スペシャルディスク	wordwortsp
K	x:ワールド・オブ・ジーン	mightmgw
K	x:ヴアーストニス 空虚の生贄達	vastness
K	x:ヴェイル オブ ダークネス ～呪われた予言～	veildark
K	x:ヴェインドリーム	vaindrem
K	x:ヴェインドリームii	vaindrm2
K	x:ヴォルフィード	volfied
K	x:一人カードゲーム one person card game - enola ( enola)	c_onepersoncardgameenola
K	x:万葉集	manyoshu
K	x:三国志ii	sangoku2
K	x:三国志Ⅲ	sangoku3
K	x:三国志Ⅳ	sangoku4
K	x:上村ケイのセクシー・テレフォン　～ピンクの花嫁～	keiphone
K	x:上村ケイのセクシー・リゾート　～桃色クイズ～	keiresort
K	x:上海	shanghai
K	x:丸暗記英単語　中学１年生	marueic1
K	x:丸暗記英単語　中学２年生	marueic2
K	x:丸暗記英単語　中学３年生	marueic3
K	x:亜紀子 プレミアム・バージョン	akikoprm
K	x:亜紀子ＧＯＬＤ	akikogld
K	x:人形使い	ningytsu
K	x:令嬢物語	reijou
K	x:伊忍道・打倒信長	inindo
K	x:体験しよう！マーティチャンネル	martych
K	x:体験しよう！マーティチャンネルⅡ	martych2
K	x:体験版ＣＤ	taikencd
K	x:信長の野望 天翔記	nobutens
K	x:信長の野望 戦国群雄伝	nobuseng
K	x:信長の野望 武将風雲録	nobubufu
K	x:信長の野望 覇王伝	nobuhao
K	x:倉庫番パーフェクト	sokobanp
K	x:倭国制覇伝	wakoku
K	x:億万長者ii	okuman2
K	x:全日本美少女麻雀選手権大会 ハートでロン！！	heartron
K	x:卒業 '９３	sotsu93
K	x:史上最強のビデオバイブル	vidbible
K	x:同級生	dokyusei
K	x:同級生2	dokyuse2
K	x:同級生２　スペシャルディスク	dokyuse2sp
K	x:名曲ますた～	meikyoku
K	x:四季を彩る　日本の唱歌　冬	shkfuyu
K	x:四季を彩る　日本の唱歌　夏	shknatsu
K	x:四季を彩る　日本の唱歌　春	shkharu
K	x:四季を彩る　日本の唱歌　秋	shkaki
K	x:囲碁ii	igo2
K	x:囲碁道場 本格派寄せ・詰碁指南	igohonka
K	x:囲碁道場初段 開眼！級から段への挑戦	igoshodan
K	x:囲碁道場破り 免許皆伝！！めざせ７級	igoyabu
K	x:夢幻泡影	mugenhoy
K	x:夢現　－Ｄｒｅａｍｙ－	dreamy
K	x:大富豪学園	daifugo
K	x:大戦略iii'90	daisenr3
K	x:大戦略iii'90 マップコレクション vol.1	dai3map1
K	x:大航海時代	daikokai
K	x:大航海時代ii	daikok2
K	x:大逆鱗	diegekir
K	x:天下御免	tenkagom
K	x:天仙娘々	tensen
K	x:天使たちの午後　～転校生～	tenshiten
K	x:天使たちの午後ＶＩ －Ｍｙ　Ｆａｉｒ　Ｔｅａｃｈｅｒ－	tenshi6
K	x:天晴cd vol.1 飛龍の巻	appare1
K	x:天晴cd vol.2 鳳凰の巻	appare2
K	x:天神乱魔	tenranma
K	x:太っ腹 Ｎｏ．１	fmthcdd1
K	x:太っ腹fd平成10号	futoph10
K	x:太っ腹fd平成1号	futoph01
K	x:太っ腹fd平成2号	futoph02
K	x:太っ腹fd平成3号	futoph03
K	x:太っ腹fd平成4号	futoph04
K	x:太っ腹fd平成5号	futoph05
K	x:太っ腹fd平成6号	futoph06
K	x:太っ腹fd平成7号	futoph07
K	x:太っ腹fd平成8号	futoph08
K	x:太っ腹fd平成9号	futoph09
K	x:太閤立志伝	taikoris
K	x:失われた楽園	ushinawa
K	x:奏　Ｖ１．１Ｌ１０Ａ	kanade1110
K	x:奏　Ｖ１．１Ｌ２０	kanade
K	x:女子校制服物語	joshisei
K	x:女子校生少女伝説　～コスプレ・スペシャル～	jkden
K	x:女子高生少女発熱	jkhatsu
K	x:妖獣倶楽部カスタム	yojuclub
K	x:妖獣戦記 -a.d.2048-	yojusenk
K	x:妖獣戦記2 黎明の戦士たち	yojusen2
K	x:学園king -日出彦学校をつくる-	gakuking
K	x:学園ボンバー	gbomber
K	x:学園爆裂転校生！	gakubaku
K	x:宇宙怪盗ファニービー	funnybee
K	x:宝の塔 tower of treasure 2, the ( 2)	c_toweroftreasure2
K	x:宝魔ハンターライム　第１話	hhunt01
K	x:宝魔ハンターライム　第１０話	hhunt10
K	x:宝魔ハンターライム　第１１話	hhunt11
K	x:宝魔ハンターライム　第１２話	hhunt12
K	x:宝魔ハンターライム　第２話	hhunt02
K	x:宝魔ハンターライム　第３話	hhunt03
K	x:宝魔ハンターライム　第４話	hhunt04
K	x:宝魔ハンターライム　第５話	hhunt05
K	x:宝魔ハンターライム　第６話	hhunt06
K	x:宝魔ハンターライム　第７話	hhunt07
K	x:宝魔ハンターライム　第８話	hhunt08
K	x:宝魔ハンターライム　第９話	hhunt09
K	x:実戦囲碁対局　碁キチくん 中級（上）	gokickj
K	x:宴会王	enkaio
K	x:宴会王　Ｖｅｒ.３　～地球最大の決戦～	enkaio3
K	x:宴会王の逆襲 Ｖｅｒ.２	enkaio2
K	x:家計簿+福袋　わが家の便利帳 vol.1	kakefuku
K	x:富士通　Ｈａｂｉｔａｔ　Ｖ１．１Ｌ１０	habitat1110
K	x:富士通　Ｈａｂｉｔａｔ　Ｖ２．１Ｌ１０	habitat2110
K	x:富士通　Ｈａｂｉｔａｔ　Ｖ２．１Ｌ１３Ａ	habitat
K	x:将棋・聖天	shogisei
K	x:尋問遊戯	jinmon
K	x:少年マガジンヒストリー	shounenm
K	x:岩波文学館 夏目漱石	nsouseki
K	x:帝都大戦	teitotai
K	x:平家物語（上巻）	heike1
K	x:平家物語（下巻）	heike2
K	x:幻影都市	illcity
K	x:恭子のいぢわる！！　～ハチャメチャ大進撃～	kyokoiji
K	x:悦楽の学園	etsuraku
K	x:情報倶楽部	jclub
K	x:愛姉妹　～二人の果実～	aishimai
K	x:慕古　道元禅師７５０回大遠忌記念	moko
K	x:戯画もーしょん	gigamort
K	x:拘束超人	kchoujin
K	x:指輪物語 第一巻 旅の仲間	lotr1
K	x:指輪物語 第二巻 二つの塔	lotr2
K	x:提督の決断	teiketsu
K	x:提督の決断ii	teikets2
K	x:教育＆ＦＭ　ＴＯＷＮＳ	kyofmt1
K	x:教育＆ＦＭ　ＴＯＷＮＳ　ＶＯＬ．２	kyofmt2
K	x:教育＆ＦＭ　ＴＯＷＮＳ　ＶＯＬ．３	kyofmt3
K	x:文君シリーズ　幼児　基礎能力トレーニングソフト・セット	bunkun
K	x:斬2タウンズスペシャル	zan2
K	x:斬iii　～天運我にあり～	zan3
K	x:新世紀興亡史　デッド・フォース	deadforc
K	x:新宿ラビリンス	shinjuku
K	x:日本の天気	ntenki
K	x:日本の歴史 維新編　～黒船来航～	nihonris
K	x:日本の歴史 貴族編　～王朝文学～	nihonrki
K	x:日本の歴史　古代編　～日本誕生～	nihonrko
K	x:日本の歴史　戦国編　～織田信長～	nihonrse
K	x:日本の蝶	nihonch
K	x:日本の野鳥	nihonya
K	x:日本昔ばなしⅡ　「おむすびころりん／うさぎとかめ」	nihonmb2
K	x:日本昔ばなし　Ｖｏｌ．１　「ももたろう／さるとかに」	nihonmb1
K	x:日本昔ばなし　Ｖｏｌ．３　「いっすんぼうし／こぶとりじいさん」	nihonmb3
K	x:日本昔ばなし　Ｖｏｌ．４　「つるのおんがえし／かちかちやま」	nihonmb4
K	x:日本昔ばなし　Ｖｏｌ．５　「きんたろう／はなさかじいさん」	nihonmb5
K	x:日本語　Ｍｉｃｒｏｓｏｆｔ　Ｗｉｎｄｏｗｓ　Ｖ３．０　ｗｉｔｈ　Ｍｕｌｔｉｍｅｄｉａ　Ｅｘｔｅｎｓｉｏｎｓ　Ｖ１．０　Ｌ１０	win30
K	x:日本語入門　第１巻　Ｆｕｎｄａｍｅｎｔａｌ　Ｊａｐａｎｅｓｅ	nihongo1
K	x:日本語Ｌｉｎｕｘ＋ＪＥ	linuxje
K	x:日本語Ｌｉｎｕｘ＋ＪＥ３	linuxje3
K	x:日本語ＭＳ－ＤＯＳ　Ｖ３．１　Ｌ３６　（基本機能）	msdos31l36
K	x:日本語ＭＳ－ＤＯＳ　Ｖ５．０　Ｌ１０　（基本機能）	msdos50
K	x:日本語ＭＳ－ＤＯＳ　Ｖ６．２　Ｌ１０　+３　（基本機能）	msdos62p3
K	x:日本語ＭＳ－ＤＯＳ　Ｖ６．２　Ｌ１０　（基本機能）	msdos62
K	x:星の砂物語	hoshisun
K	x:星の砂物語2	hoshisn2
K	x:星の砂物語3	hoshisn3
K	x:曼陀羅家一族	mandalai
K	x:林間学校	rinkan
K	x:栄冠は君に2 高校野球全国大会	eikanwa2
K	x:桃源郷	togenkyo
K	x:森田将棋ii	moritas2
K	x:極	kiwame
K	x:極ii	kiwame2
K	x:極楽まんだら	gokumand
K	x:機動戦士ガンダム ハイパー クラシック オペレーション	gundamhc
K	x:機動戦士ガンダム ハイパー デザート オペレーション	gundamhd
K	x:機械じかけのマリアン	kjmarian
K	x:機甲師団	kikoshid
K	x:機甲師団Ⅱ	kikoshid2
K	x:櫻の杜	sakumori
K	x:水滸伝・天命の誓い	suikoden
K	x:沈黙の艦隊	silentsr
K	x:沙也香＆美穂	sayaka
K	x:河原崎家の一族	kawaichi
K	x:注文の多い料理店	chuumon
K	x:浮気なあ・な・た　～スイッチをい・れ・て～	uwaki
K	x:淫獣学園 laブルーガール	injuugak
K	x:漢字ランド３年	knjland3
K	x:濃縮エンジェル１２０％	nsangel
K	x:無人島物語	mujintou
K	x:燃えるあそこの牌牌遊戯　復活！まぁじゃん王国	paipai
K	x:現代大戦略ＥＸスペシャル	daisenex
K	x:真奈美　～愛と交歓の日々～	manami
K	x:眠れぬ夜の小さなお話	nemuyoru
K	x:石道	ishido
K	x:碁キチくんシリーズ　囲碁入門道場	gokinyu
K	x:禁断の血族	kindanke
K	x:稚恵美＆奈緒美	chiemi
K	x:究極タイガー	ktiger
K	x:統一戦争史 第1話「遊撃艦エステル」) rangership estel, the (	c_1rangershipestel
K	x:絵と音の３６５日	flexdata
K	x:続ダンジョン・マスター カオスの逆襲	zokudm
K	x:続妖獣戦記 ―砂塵の黙示録―	zyojusen
K	x:維新の嵐	ishin
K	x:綾波レイ官能写真集	ayareiks
K	x:緋王伝ii	hiouden2
K	x:翻訳ヘルパーずるかまし	zurukama
K	x:翻訳ヘルパーずるかまし　辞書ディスクジュニア	zurujr
K	x:花の記憶	hanakiok
K	x:花の記憶　～第ニ章～	hanakiok2
K	x:花よりダンゴ２	hanayor2
K	x:花札でpon！	hanapon
K	x:蒼き狼と白き牝鹿 元朝秘史	genchohi
K	x:藤堂龍之介探偵日記 黄金の羅針盤 翔洋丸桑港航路殺人事件	ougonras
K	x:虹色電飾娘	nijiiro
K	x:覇王争奪バトルファイターズ	batfight
K	x:見る観る探す昆虫シリーズ①　「小さな演奏家」	chiensou
K	x:見る観る探す昆虫シリーズ②　「森の人気者」　～樹液に集まる虫たち～	morininki
K	x:見る観る探す昆虫シリーズ④　「野山の建築家」	noyama
K	x:誕生 ～Ｄｅｂｕｔ～	debut
K	x:誘惑	yuuwaku
K	x:走り女Ⅱ	honna2
K	x:轟2タウンズスペシャル	goh2
K	x:迷走都市	meisotos
K	x:達人王	tatsuou
K	x:遙かなるオーガスタ	3dgolfha
K	x:野々村病院の人々	nonomura
K	x:銀河英雄伝説iii sp	ginga3sp
K	x:銀河英雄伝説ⅡＤＸ+　ＴＯＷＮＳスペシャル	ginga2dx
K	x:関ヶ原	sekigaha
K	x:闇の血族 スペシャル	yamikets
K	x:闘神都市	toshinto
K	x:闘神都市ii	toshin2
K	x:闘神都市ii そして、それから…	toshin2s
K	x:雀ジャカ雀	janjaka
K	x:雀妃楼	jankirou
K	x:雀豪４	jangou4
K	x:雑音領域	zatsuon
K	x:雨漏り受けの鉄人 rain catcher - iron man 3 ( 3)	c_raincatcherironman3
K	x:雪猫　ゆがんだ記憶	setsuju
K	x:雷の戦士ライディ	raidy
K	x:雷の戦士ライディ2	raidy2
K	x:雷電伝説	raiden
K	x:電撃ナース	denurse
K	x:電撃ナース２　～モアセクシー～	denurse2
K	x:電脳少女	rejectn
K	x:電脳絵本 恐竜の世界	kyosekai
K	x:音と絵の出る英語辞書　Ｎｏ．１　「Ｓｔａｒｔ　ｗｉｔｈ　Ｗｏｒｄｓ」	startword
K	x:音と絵の出る英語辞書　Ｎｏ．２　「Ｅｎｇｌｉｓｈ　ｉｎ　Ｄｒｅａｍ」	engdream
K	x:音と絵の出る英語辞書　Ｎｏ．３　「なんでもいらすとえいごじてん」	nandemo1
K	x:音と絵の出る英語辞書　Ｎｏ．４　「なんでもいらすとえいごじてん　Ｐａｒｔ　２」	nandemo2
K	x:項劉記	koryuki
K	x:風珠Ｖｏｌ．１　季－ＪＡＰＡＮ　前田真三の世界	kijapan
K	x:風珠Ｖｏｌ．２　「Ｍａｓｕｏ　ｐｅｒ　Ｍａｓｕｏ」　池田満寿夫版画集	masuo
K	x:飛翔鮫	fshark
K	x:駒木なおみ	nkomaki
K	x:高見沢恭介 熱血！！教育研修	takamiza
K	x:魂の門　～ダンテ「神曲」より～	dante
K	x:魔<彩子>雀	msjong
K	x:魔導学院Ｒ	madogakr
K	x:魔法大作戦	mahoudai
K	x:麻雀でpon！	mjdepon
K	x:麻雀エレガンス	mjelegan
K	x:麻雀幻想曲Ⅱ	mjfant2
K	x:麻雀幻想曲Ⅲ	mjfant3
K	x:麻雀幻想曲体験版	mjfantt
K	x:麻雀武蔵	mjmusashi
K	x:麻雀河底撈魚	mjhtry
K	x:麻雀美少女伝リップル	mjripple
K	x:龍闘伝	ryuutou
K	x:３×３ＥＹＥＳ 三只眼變成	3x3eyes
K	x:：ＬＯＯＰ ～いざなひの回帰点～	loop
K	x:ＡＢＥＬ 真・黙示録大戦	abel
K	x:ＡＲＳ　アート・レンタリース　絵画複合検索システム	arsrent
K	x:ＣＡＬＩＦＯＲＮＩＡ　Ｘ　ＰＡＲＴＹ　～女子大生秘密クラブ～	calxpart
K	x:ＣＤ ラーニングシステム Ⅱ ＮＥＷ　ＨＯＲＩＺＯＮ １年	nhorz2e1
K	x:ＣＤ ラーニングシステム Ⅱ ＮＥＷ　ＨＯＲＩＺＯＮ ２年	nhorz2e2
K	x:ＣＤ ラーニングシステム Ⅱ ＮＥＷ　ＨＯＲＩＺＯＮ ３年	nhorz2e3
K	x:ＣＤ‐ＲＯＭ美少女戦士コレクション　～遊ディスクスペシャル～	yuudisc
K	x:ＣｌｅａｒＭｉｎｄ 下口雄山の集中力開発	clearmind
K	x:ＤＯＲ ～ ベストセレクション ～ 上巻	dorbestj
K	x:ＤＯＲ ～ ベストセレクション ～ 下巻	dorbestg
K	x:Ｄｏｋｉ　Ｄｏｋｉ　バケーション　～きらめく季節の中で～	dokivact
K	x:ＦＭ ＴＯＷＮＳ デモンストレーションＣＤーＲＯＭ １９９２年 春号	demo92sp
K	x:ＦＭ ＴＯＷＮＳ デモンストレーションＣＤーＲＯＭ １９９３年 春号	demo93sp
K	x:ＦＭ　ＴＯＷＮＳ　アプリケーション・カタログＣＤ‐ＲＯＭ　オリジナル・ソフト編	fmtappc
K	x:ＦＭ　ＴＯＷＮＳ　アプリ実行セット（ＴｏｗｎｓＧＥＡＲ，Ｆ‐ＢＡＳＩＣ３８６）Ｖ２．１Ｌ２０	applijs
K	x:ＦＭ　ＴＯＷＮＳ　デモンストレーションＣＤ‐ＲＯＭ　’９０．冬	demo90f
K	x:ＦＭ　ＴＯＷＮＳ　フリー・ソフト入門キット	fsnkit
K	x:ＦＭ　ＴＯＷＮＳ　マーティ　店頭オート・デモ’９３夏	martydemo
K	x:ＦＭ　ＴＯＷＮＳ　小学音楽　(5・6年生用)	ongaku56
K	x:ＦＭＲ／ＴＯＷＮＳ　基本ＤＯＳツールズ	fmtools
K	x:ＦＭＴｏｗｎｓⅡ　デモンストレーション　ＣＤ‐ＲＯＭ　’９３　Ｗｉｎｔｅｒ	demo93w
K	x:ＦＭＴｏｗｎｓⅡ　デモンストレーション　ＣＤ‐ＲＯＭ　’９４　Ｓｐｒｉｎｇ	demo94sp
K	x:ＦＭＴｏｗｎｓⅡ　デモンストレーション　ＣＤ‐ＲＯＭ　’９４　Ｓｕｍｍｅｒ	demo94su
K	x:ＧＥＫＩＲＩＮ 失なわれし宝剣	gekirin
K	x:ＧＵＬＦ ＷＡＲ 蒼鋼伝	gulfwar
K	x:ＨＹＰＥＲ　ＬＡＮＤ -動物の世界-	hypland
K	x:Ｈｉｇｈ　Ｃ　Ｃｏｍｐｉｌｅｒ　マルチメディア・キット　Ｖ１．７Ｌ１２	hcc1712
K	x:Ｈｉｇｈ　Ｃ　Ｃｏｍｐｉｌｅｒ　マルチメディア開発キット　Ｖ１．７Ｌ１３	hcc1713
K	x:ＨｙｐｅｒｌａｎｄⅡ　～ミミの大冒険～	hypland2
K	x:Ｊリーグ１９９４　プロフェッショナル・サッカー	jleag94
K	x:ＫＩＧＥＮ 輝きの覇者	kigen
K	x:ＫＹＡＮ　ＫＹＡＮ　ＣＯＬＬＥＣＴＩＯＮ　大富豪編	kyankyan
K	x:Ｍゥーンライトちゃんリンしゃん	moonchan
K	x:Ｍａｓｔｅｒ　ＣＤ　（インストールモデル用）	mastercd
K	x:Ｍａｓｔｅｒ　ＣＤ　（ＦＭＶ‐ＴＯＷＮＳシリーズ）	mastercdv
K	x:Ｍａｓｔｅｒ　ＣＤ　（Ｆｒｅｓｈシリーズ用）	mastercd2
K	x:Ｍａｓｔｅｒ　ＣＤ　（Ｆｒｅｓｈシリーズ用） （一太郎モデル）	mastercdi
K	x:Ｍｉｓｔｙ 名探偵登場	misty
K	x:Ｍｕｌｔｉｍｅｄｉａ　Ｃｏｍｍｕｎｉｃａｔｉｏｎ　Ｖｉｒｔｕａｌ　Ｔｏｗｎ　ＴＣ　Ｓｔａｔｉｏｎ　ゲーム・コレクション	tcgame
K	x:Ｍｕｌｔｉｍｅｄｉａ　Ｃｏｍｍｕｎｉｃａｔｉｏｎ　Ｖｉｒｔｕａｌ　Ｔｏｗｎ　ＴＣ　Ｓｔａｔｉｏｎ　コンピューター・グラフィックス／ミュージック	tccgmus
K	x:Ｍｕｌｔｉｍｅｄｉａ　Ｃｏｍｍｕｎｉｃａｔｉｏｎ　Ｖｉｒｔｕａｌ　Ｔｏｗｎ　ＴＣ　Ｓｔａｔｉｏｎ　コンピュータ学修プログラム	tcgaku
K	x:Ｍｕｌｔｉｍｅｄｉａ　Ｃｏｍｍｕｎｉｃａｔｉｏｎ　Ｖｉｒｔｕａｌ　Ｔｏｗｎ　ＴＣ　Ｓｔａｔｉｏｎ　バーチャル・タウン通信プログラム	tctsuu
K	x:Ｍｕｌｔｉｍｅｄｉａ　Ｃｏｍｍｕｎｉｃａｔｉｏｎ　Ｖｉｒｔｕａｌ　Ｔｏｗｎ　ＴＣ　Ｓｔａｔｉｏｎ　フォト・コレクション	tcphoto
K	x:Ｍｕｌｔｉｍｅｄｉａ　Ｃｏｍｍｕｎｉｃａｔｉｏｎ　Ｖｉｒｔｕａｌ　Ｔｏｗｎ　ＴＣ　Ｓｔａｔｉｏｎ　ＭＡＲＴＹワープロ／ＭＡＲＴＹ表計算	tcwpro
K	x:ＮＨＫひとりでできるもん！	nhkhitori
K	x:ＮＨＫスペシャル　銀河宇宙オデッセイ①　「旅立ち　わが太陽系」	gingaod1
K	x:ＮＨＫスペシャル　銀河宇宙オデッセイ②　「超新星爆発」	gingaod2
K	x:ＮＨＫ実践英会話	nhkeikai
K	x:ＮＨＫ続基礎英語　第１巻	nhkzkei1
K	x:ＮＨＫ続基礎英語　第２巻	nhkzkei2
K	x:ＮＨＫ続基礎英語　第３巻	nhkzkei3
K	x:ＮＨＫ英語であそぼ 1 ～大たんけん！ホテル・ギャラクシ～	nhkeigo1
K	x:ＮＨＫ英語であそぼ 2 ～ベルナールの大ぼうけん～	nhkeigo2
K	x:ＮＨＫ英語であそぼ 3 ～ベルナールのアミューズメントパーク～	nhkeigo3
K	x:Ｑ²　ＲＯＭ　ＭＡＧＡＺＩＮＥ　創刊号	q2rom
K	x:Ｒａｖｅｎｌｏｆｔ ～悪の化身～	ravnloft
K	x:Ｓｅｘｙ　ｉｎ　Ｔｈｅ　Ｈａｗａｉｉ　～ナイス・ギャル　ハワイ編～	sxhawaii
K	x:ＴＡＭＡ　ＣＧ集　舞	tamacgmai
K	x:ＴＥＯ　～もう一つの地球～	teo20
K	x:ＴＨＡＴ’Ｓ　投稿 夏の大特集	toukoun
K	x:ＴＨＡＴ’Ｓ　投稿　ＰＡＲＴ　１	toukou1
K	x:ＴＨＡＴ’Ｓ　投稿　ＰＡＲＴ　２	toukou2
K	x:ＴＨＩＮＫリード学習システム　小学理科５年　たねの発芽（１）	think_sr5tane
K	x:ＴＨＩＮＫリード学習システム　小学理科６年　からだのつくり（１）	think_sr6karada
K	x:ＴＨＩＮＫリード学習システム　ＦＭ　ＴＯＷＮＳ　テーマ別学習シリーズ　実行プログラム　Ｖｅｒ．　２	think_program
K	x:ＴＨＩＮＫリード学習システム　ＦＭ　ＴＯＷＮＳ　ＣＭＩプログラム	think_cmi
K	x:ＴＯＫＹＯ　Ｓｅｘｙ　Ａｖｅ．　東京幻視街	tsexyave
K	x:ＴＯＷＮＳドリル　小学算数シリーズ　算数１年	drill1
K	x:ＴＯＷＮＳドリル　小学算数シリーズ　算数４年	drill4
K	x:ＴＯＷＮＳドリル　小学算数シリーズ　算数５年	drill5
K	x:ＴＯＷＮＳハイパー絵本Ⅶ　世界のおはなし　「ふしぎのくにのアリス／アリババと４０にんのとうぞく」	sekohan
K	x:ＴＯＷＮＳ地理　ジグソー・ワールド	jigwld
K	x:ＴＯＷＮＳ百人一首	100isshu
K	x:ＵＲＭ　～Ｍ１５惑星に生まれて～	urm
K	x:ＶＡＮＩＳＨＩＮＧ　ＰＯＩＮＴ　～天使の消えた街～	vanpoint
K	x:ＷＯＮＰＡＲＡウォーズ	wonpara
K	x:ＷＯＮＰＡＲＡウォーズⅡ	wonpara2
K	x:Ｙｏｕ雀　Ｐａｒｔ　Ｉ	youjong
K	x:～サンタクロース～ santa claus	c_santaclaus
